name,address,city,searchedCity,region,country,lat,lng,rating,reviews,businessStatus,types,placeId,matchedQuery,looksWholesale
100 ЛЕТ,"ул. Щетинкина, 24, Абакан, Респ. Хакасия, 655009",Абакан,Абакан,Республика Хакасия,Russia,53.7242003,91.4434338,,,OPERATIONAL,establishment|food|point_of_interest,ChIJjSSrOmw9LF0RUXFn0yl6Bp0,оптовая база продуктов питания,check
Абаканский рынок,"ул. Тараса Шевченко, 63, Абакан, Респ. Хакасия, 655000",Абакан,Абакан,Республика Хакасия,Russia,53.71982,91.4565702,4,546,OPERATIONAL,establishment|food|grocery_or_supermarket|point_of_interest|store,ChIJ4ep1naUiLF0RZqkbJ9M-U9U,оптовый продовольственный рынок,yes
Алтайский бройлер,"Итыгина ул., 22Б, Абакан, Респ. Хакасия, 655000",Абакан,Абакан,Республика Хакасия,Russia,53.7217288,91.4024491,,,OPERATIONAL,establishment|point_of_interest,ChIJy6lJMHs9LF0Rn90ojvx4eYU,оптовая база продуктов питания,check
Альянс - Сибирская Коммерческая Компания,"Итыгина ул., 20Б, Абакан, Респ. Хакасия, 655004",Абакан,Абакан,Республика Хакасия,Russia,53.7211418,91.4051286,5,11,OPERATIONAL,establishment|food|point_of_interest,ChIJa2Tx5bEiLF0RVTx5yRCIj5s,оптовая база продуктов питания,check
Веста,"Советская ул., 156, Абакан, Респ. Хакасия, 655000",Абакан,Абакан,Республика Хакасия,Russia,53.71708899999999,91.402147,4.2,433,OPERATIONAL,establishment|point_of_interest,ChIJI3zhBXc9LF0Rl40NrIqIyto,оптовый продовольственный рынок,check
Гагарина 2,"ул. Гагарина, 2, Абакан, Респ. Хакасия, 655000",Абакан,Абакан,Республика Хакасия,Russia,53.7112657,91.44109739999999,3,2,OPERATIONAL,establishment|point_of_interest,ChIJkzQKRUs9LF0ROQfzlwGLvCE,оптовый продовольственный рынок,check
Гобис,"ул. Кирова, 260, Абакан, Респ. Хакасия, 655004",Абакан,Абакан,Республика Хакасия,Russia,53.7229167,91.3970738,2,1,OPERATIONAL,establishment|food|point_of_interest|store,ChIJJUudxqw9LF0RKT8R8ONFaKU,оптовая база продуктов питания,check
Дискаунтер Хороший,"ул. Дружбы Народов, 57А, Абакан, Респ. Хакасия, 655010",Абакан,Абакан,Республика Хакасия,Russia,53.7469248,91.4145558,,,OPERATIONAL,establishment|point_of_interest,ChIJLzWYAOoXLF0RaBZ9JoggN2M,оптовая база продуктов питания,check
МАВР,"ул. Пушкина, 225-а, Абакан, Респ. Хакасия, 655004",Абакан,Абакан,Республика Хакасия,Russia,53.7121667,91.4037627,2,4,OPERATIONAL,establishment|food|point_of_interest,ChIJk8qUUE09LF0RwxVRzj4c0y4,оптовая база продуктов питания,check
Мясной дворик,"ул. Чертыгашева, 114, Абакан, Респ. Хакасия, 655000",Абакан,Абакан,Республика Хакасия,Russia,53.7249391,91.4396314,4.7,31,OPERATIONAL,establishment|food|point_of_interest|store,ChIJ3a3V_lQ9LF0RXIZUq-61-bo,оптовая база продуктов питания,check
"ООО ""Рынок Северный""","ул. Торговая, 5А, Абакан, Респ. Хакасия, 655010",Абакан,Абакан,Республика Хакасия,Russia,53.7425048,91.4345689,4.1,490,OPERATIONAL,establishment|point_of_interest|shopping_mall|store,ChIJyVfVGvEXLF0R3Z7KkI5gXh4,оптовый продовольственный рынок,yes
Оптовая База,"ул. Гагарина, 26, Абакан, Респ. Хакасия, 655000",Абакан,Абакан,Республика Хакасия,Russia,53.710926,91.43542479999999,4.1,59,OPERATIONAL,establishment|point_of_interest|store,ChIJVTJb5ks9LF0RKHsjaaNeoFo,оптовый продовольственный рынок,yes
Оптовая База,"Хлебная ул., 18а, Абакан, Респ. Хакасия, 655002",Абакан,Абакан,Республика Хакасия,Russia,53.7112162,91.44066289999999,3.2,5,OPERATIONAL,establishment|point_of_interest,ChIJW3kDRUs9LF0RHjA1fYkFTOo,оптовый продовольственный рынок,yes
Оптовая База Цветов,"Складская ул., 9К, Абакан, Респ. Хакасия, 655009",Абакан,Абакан,Республика Хакасия,Russia,53.7105253,91.3799783,3,4,OPERATIONAL,establishment|point_of_interest,ChIJP1Yl9D09LF0RxhSngZojeis,плодоовощная база оптовая,yes
Оптово розничный склад №13,"Итыгина ул., 20, Абакан, Респ. Хакасия, 655000",Абакан,Абакан,Республика Хакасия,Russia,53.720595,91.4037319,4.2,11,OPERATIONAL,establishment|food|grocery_or_supermarket|point_of_interest|storage|store,ChIJLVn31WQ9LF0RujEamM8fGmk,оптовый продовольственный рынок,yes
Оптово-розничная база рыбы и куриной продукции,"ул. Кирова, 259, Абакан, Респ. Хакасия, 655004",Абакан,Абакан,Республика Хакасия,Russia,53.72052249999999,91.3902763,,,OPERATIONAL,establishment|food|point_of_interest|store,ChIJkbVmzUc9LF0RloXX_TfDKLM,оптовый продовольственный рынок,yes
"Оптово-розничный склад ""Гагаринский""","ул. Гагарина, 2, Абакан, Респ. Хакасия, 655002",Абакан,Абакан,Республика Хакасия,Russia,53.7112657,91.44109739999999,5,1,OPERATIONAL,establishment|point_of_interest,ChIJ1ZCa-Z89LF0RDDgiFUy-1eg,оптовый продовольственный рынок,yes
От мельника,"Хлебная ул., 30, Абакан, Респ. Хакасия, 655000",Абакан,Абакан,Республика Хакасия,Russia,53.7121607,91.4293496,5,1,OPERATIONAL,establishment|food|point_of_interest|store,ChIJPdq1VE89LF0ROVa8QoXdSVM,оптовый продовольственный рынок,check
Республиканский рынок,"ул. Тельмана, 92К, стр.1, Абакан, Респ. Хакасия, 655017",Абакан,Абакан,Республика Хакасия,Russia,53.7319142,91.434778,4.3,1389,OPERATIONAL,establishment|food|grocery_or_supermarket|point_of_interest|store,ChIJzz4zRvwXLF0R4qn0r_nql6s,оптовый продовольственный рынок,yes
Рыбный мир,"Хлебная ул., 30Щ, Абакан, Респ. Хакасия, 655000",Абакан,Абакан,Республика Хакасия,Russia,53.7117051,91.434317,4,1,OPERATIONAL,establishment|food|grocery_or_supermarket|point_of_interest|store,ChIJK0GtTkk9LF0RwLryPezKuxY,оптовый продовольственный рынок,check
Сельскохозяйственный Рынок им.Максима Нелюбина,"ул. Тельмана, 92К, Абакан, Респ. Хакасия, 655001",Абакан,Абакан,Республика Хакасия,Russia,53.7307297,91.4343066,4.4,16,OPERATIONAL,establishment|point_of_interest,ChIJr7jyRvwXLF0RtW-7HzPwQLk,оптовый продовольственный рынок,yes
ТАЙМЕРС,"Кирпичная ул., 61, Абакан, Респ. Хакасия, 655670",Абакан,Абакан,Республика Хакасия,Russia,53.6720565,91.5238749,4.3,20,OPERATIONAL,establishment|food|point_of_interest,ChIJK_EKY8gjLF0R-8RC7cHJ9s0,оптовая база продуктов питания,check
"Торговый дом ""Авангард""","Абакан, промплощадка территории Абаканвагонмаш, литера, Абакан, Респ. Хакасия, 655017",Абакан,Абакан,Республика Хакасия,Russia,53.7175767,91.4294424,4,1,OPERATIONAL,establishment|food|point_of_interest,ChIJq6qqqlo9LF0RNbgqLgFZTZk,оптовая база продуктов питания,check
"Фермер, Торговый Дом","ул. Пушкина, 207а, Абакан, Респ. Хакасия, 655004",Абакан,Абакан,Республика Хакасия,Russia,53.71326329999999,91.4114505,4.3,152,OPERATIONAL,establishment|point_of_interest|store,ChIJk8qUUE09LF0RxzUxNgaS8Ak,оптовый продовольственный рынок,check
Фирменный магазин,"655009, ул. Аскизская, 203-207, Абакан, Респ. Хакасия, 655009",Абакан,Абакан,Республика Хакасия,Russia,53.69352869999999,91.4031447,4.3,8,OPERATIONAL,establishment|food|grocery_or_supermarket|point_of_interest|store,ChIJl7K72Bo9LF0R8WXCoFEqEh8,оптовый продовольственный рынок,check
Фрукты Овощи Продукты,"Хлебная ул., 30Щ, склад 12, Абакан, Респ. Хакасия, 655000",Абакан,Абакан,Республика Хакасия,Russia,53.71164880000001,91.4341297,5,2,OPERATIONAL,establishment|food|grocery_or_supermarket|point_of_interest|store,ChIJ0RkPSUk9LF0RqU2NqS7PxK0,оптовый продовольственный рынок,check
Центральный Рынок,"ул. Тараса Шевченко, 63, Абакан, Респ. Хакасия, 655017",Абакан,Абакан,Республика Хакасия,Russia,53.7198617,91.4568472,4.1,399,OPERATIONAL,establishment|food|grocery_or_supermarket|point_of_interest|store|supermarket,ChIJn_zpdaUiLF0RSHTQSzCjtMQ,оптовый продовольственный рынок,yes
база,"Адлер, Краснодарский край, 354340",Адлер,Сочи,Краснодарский край,Russia,43.4467309,39.9170418,5,1,OPERATIONAL,establishment|point_of_interest,ChIJBYBOtYS_9UARQ8SMGSf74cQ,плодоовощная база оптовая,yes
Казачий Рынок,"ул. Урожайная, 33, Адлер, Краснодарский край, 354375",Адлер,Сочи,Краснодарский край,Russia,43.4065336,39.9901729,4.1,227,OPERATIONAL,establishment|point_of_interest,ChIJcTjkwSGV9UAR1gvn0O1gJPI,сельскохозяйственный рынок,yes
Ритм,"ул. Гастелло, 23а, Адлер, Краснодарский край, 354340",Адлер,Сочи,Краснодарский край,Russia,43.445105,39.9131424,5,5,OPERATIONAL,establishment|food|point_of_interest,ChIJfWoVfZu_9UARNR58LtHE560,оптовая база продуктов питания,check
"Универсальный рынок ""Понтос""","ул. Голубые Дали, 8 корпус 1, Адлер, Краснодарский край, 354340",Адлер,Сочи,Краснодарский край,Russia,43.4524986,39.9055537,4.2,1184,OPERATIONAL,establishment|food|grocery_or_supermarket|point_of_interest|store,ChIJI3fV7nm_9UARq8cJeSt3jr8,сельскохозяйственный рынок,yes
Центральный Рынок,"ул. Демократическая, 38, к. 1, Адлер, Краснодарский край, 354340",Адлер,Сочи,Краснодарский край,Russia,43.42434739999999,39.92595050000001,4.3,8690,OPERATIONAL,establishment|point_of_interest,ChIJtfwgKMW_9UARyhDJeDRLWTQ,сельскохозяйственный рынок,yes
Овощная База (Рынок Алексеевский),"Дубровина ул, 5А, Алексеевка, Воронежская обл., 394008",Алексеевка,Воронеж,Воронежская область,Russia,51.61243770000001,39.2583019,4.2,1581,OPERATIONAL,establishment|food|point_of_interest,ChIJI-yMAvIxO0ER2Mgwrkr2mTU,оптовый продовольственный рынок,yes
Бриз,"ул. Рультытегина, 13, Анадырь, Чукотский автономный округ, 689000",Анадырь,Анадырь,Чукотский АО,Russia,64.73455849999999,177.5138676,4.4,171,OPERATIONAL,establishment|food|grocery_or_supermarket|point_of_interest|store,ChIJERePcQef_FkRskOqFR-YKzw,оптовый продовольственный рынок,check
Гриль,"ул. Ленина, 48, Анадырь, Чукотский автономный округ, 689000",Анадырь,Анадырь,Чукотский АО,Russia,64.7373995,177.5101768,4.2,25,OPERATIONAL,establishment|food|grocery_or_supermarket|point_of_interest|store,ChIJ2zIdG6qf_FkRutdyitCZLhc,сельскохозяйственный рынок,check
Диана,"ул. Энергетиков, 18, Анадырь, Чукотский автономный округ, 689000",Анадырь,Анадырь,Чукотский АО,Russia,64.7343156,177.4957821,3.6,142,OPERATIONAL,establishment|food|grocery_or_supermarket|point_of_interest|store,ChIJAyhiUK6f_FkRHmfE7QYKYps,оптовый продовольственный рынок,check
Ермак,"ул. Тевлянто, 7, Анадырь, Чукотский автономный округ, 689000",Анадырь,Анадырь,Чукотский АО,Russia,64.7350159,177.5067465,4.8,4,OPERATIONAL,establishment|food|grocery_or_supermarket|point_of_interest|store,ChIJt4wTCqmf_FkRbTw7D-x18UM,сельскохозяйственный рынок,check
Живая-Зелень,"ул. Отке, 55, Анадырь, Чукотский автономный округ, 689000",Анадырь,Анадырь,Чукотский АО,Russia,64.7373322,177.4982087,3.8,4,OPERATIONAL,establishment|food|grocery_or_supermarket|point_of_interest|store,ChIJ5-FaK6yf_FkRmU5k2Xo7u1o,сельскохозяйственный рынок,check
Каскад,"ул. Энергетиков, 9, Анадырь, Чукотский автономный округ, 689000",Анадырь,Анадырь,Чукотский АО,Russia,64.7354084,177.5009688,3.9,129,OPERATIONAL,atm|establishment|finance|food|grocery_or_supermarket|point_of_interest|store,ChIJS4aJtq6f_FkR019gCmAiaz8,сельскохозяйственный рынок,check
Катюша,"Анадырь, Чукотский автономный округ, 689000",Анадырь,Анадырь,Чукотский АО,Russia,64.7324936,177.5112071,2.8,45,OPERATIONAL,establishment|food|grocery_or_supermarket|point_of_interest|store,ChIJzyXOGhmf_FkRYkIWyslI8ew,оптовый продовольственный рынок,check
"Магазин ""Волна"" (shop ""Wave"")","ул. Энергетиков, 12, Анадырь, Чукотский автономный округ, 689000",Анадырь,Анадырь,Чукотский АО,Russia,64.7352129,177.498029,4.4,26,OPERATIONAL,establishment|point_of_interest|store,ChIJgXq6kq6f_FkRMfjMc40yXMI,сельскохозяйственный рынок,check
"магазин ""Золотогорье""","ул. Ленина, 38, Анадырь, Чукотский автономный округ, 689000",Анадырь,Анадырь,Чукотский АО,Russia,64.73620679999999,177.5144284,3.3,3,OPERATIONAL,establishment|home_goods_store|point_of_interest|store,ChIJg-yvJ-uf_FkRl7FlW_g1coo,оптовая база продуктов питания,check
Маяк,"ул. Берзиня, 12, Анадырь, Чукотский автономный округ, 689000",Анадырь,Анадырь,Чукотский АО,Russia,64.7385036,177.5042668,3.4,97,OPERATIONAL,establishment|food|grocery_or_supermarket|point_of_interest|store,ChIJyXpQvquf_FkRQY582Ckc2Sg,сельскохозяйственный рынок,check
Новочадовский,"Анадырь, Чукотский автономный округ, 689000",Анадырь,Анадырь,Чукотский АО,Russia,64.7282704,177.5070528,4.2,99,OPERATIONAL,establishment|food|grocery_or_supermarket|point_of_interest|store,ChIJPbz3U6af_FkRHxIeM6kgtuE,сельскохозяйственный рынок,check
Полярный,"ул. Энергетиков, 17, Анадырь, Чукотский автономный округ, 689000",Анадырь,Анадырь,Чукотский АО,Russia,64.73395680000002,177.4972824,4.4,205,OPERATIONAL,establishment|food|grocery_or_supermarket|point_of_interest|store,ChIJuaO__q6f_FkRcw4YTLX1zyg,оптовый продовольственный рынок,check
Престиж,"ул. Отке, 26, Анадырь, Чукотский автономный округ, 689000",Анадырь,Анадырь,Чукотский АО,Russia,64.7348322,177.5118278,3.9,9,OPERATIONAL,establishment|home_goods_store|point_of_interest|store,ChIJSVXNaAef_FkRZwwfvj0eC-k,оптовая база продуктов питания,check
Радуга,"ул. Ленина, 36, Анадырь, Чукотский автономный округ, 689000",Анадырь,Анадырь,Чукотский АО,Russia,64.7359985,177.5150557,4.3,434,OPERATIONAL,establishment|food|grocery_or_supermarket|point_of_interest|store,ChIJj7pRPAef_FkRWDTNB5aJxNQ,сельскохозяйственный рынок,check
Рынок,"ул. Отке, 14, Анадырь, Чукотский автономный округ, 689000",Анадырь,Анадырь,Чукотский АО,Russia,64.7334235,177.5162166,4,128,OPERATIONAL,establishment|point_of_interest|shopping_mall,ChIJDbOprwef_FkRlLEl9wweH9M,оптовый продовольственный рынок,yes
Шеридан,"ул. Отке, 28а, Анадырь, Чукотский автономный округ, 689000",Анадырь,Анадырь,Чукотский АО,Russia,64.7345914,177.5106921,3.6,47,OPERATIONAL,establishment|food|grocery_or_supermarket|point_of_interest|store,ChIJ6an8z6mf_FkR6GTEgPsYQSo,оптовый продовольственный рынок,check
Энер,"ул. Тевлянто, 5, Анадырь, Чукотский автономный округ, 689000",Анадырь,Анадырь,Чукотский АО,Russia,64.73543029999999,177.5070968,3,26,OPERATIONAL,establishment|food|grocery_or_supermarket|point_of_interest|store,ChIJR1ehn6mf_FkR4S2NRQ1M4ME,сельскохозяйственный рынок,check
Арамильский городской рынок,"ул. 1 Мая, 17, Арамиль, Свердловская обл., 624000",Арамиль,Екатеринбург,Свердловская область,Russia,56.69687099999999,60.8334303,3.9,209,OPERATIONAL,establishment|point_of_interest,ChIJ7xOdMHpBwUMRVQJwA1N2o6w,оптовый продовольственный рынок,yes
Сельский Привоз,"Пролетарская ул., 82/6, Арамиль, Свердловская обл., 624000",Арамиль,Екатеринбург,Свердловская область,Russia,56.7170374,60.8305261,4.3,919,OPERATIONAL,establishment|point_of_interest|shopping_mall,ChIJWTEZsJdBwUMRwCJwwNec7RA,оптовый продовольственный рынок,check
Агрокомплекс Выселковский,"ул. Свердлова, 62, Армавир, Краснодарский край, 352900",Армавир,Армавир,Краснодарский край,Russia,45.00208,41.125097,5,1,OPERATIONAL,establishment|food|grocery_or_supermarket|point_of_interest|store|supermarket,ChIJgbjdMwnt-UARG2gTlG6O8NA,сельскохозяйственный рынок,yes
Агрокомплекс Выселковский,"ул. Луначарского, 317/9, Армавир, Краснодарский край, 352904",Армавир,Армавир,Краснодарский край,Russia,44.97354500000001,41.153503,5,1,OPERATIONAL,establishment|food|grocery_or_supermarket|point_of_interest|store|supermarket,ChIJ4b72rObr-UARP6JALs_63j8,сельскохозяйственный рынок,yes
Агрокомплекс Выселковский,"ул. Герцена, 2, Армавир, Краснодарский край, 352926",Армавир,Армавир,Краснодарский край,Russia,45.003434,41.101057,3,2,OPERATIONAL,establishment|food|grocery_or_supermarket|point_of_interest|store|supermarket,ChIJw8oyk-_t-UARGGtHW1GbKTw,сельскохозяйственный рынок,yes
АгроСоюз Изобилие,"ул. Карла Маркса, 199, Армавир, Краснодарский край, 352932",Армавир,Армавир,Краснодарский край,Russia,44.9827898,41.1070928,,,OPERATIONAL,establishment|food|point_of_interest,ChIJfQqlOnLs-UARD1MwKnO1-bw,плодоовощная база оптовая,yes
Армавирский Рынок ООО,"ул. Мира, 38, Армавир, Краснодарский край, 352900",Армавир,Армавир,Краснодарский край,Russia,44.9930052,41.1335797,4.4,512,OPERATIONAL,establishment|point_of_interest,ChIJ4zXRQYHs-UARh6bc2OM5l3Y,сельскохозяйственный рынок,yes
Армавирский Хлебопродукт ОАО,"ул. 30 лет Победы, 110, Армавир, Краснодарский край, 352924",Армавир,Армавир,Краснодарский край,Russia,44.9904692,41.09040419999999,4.4,54,OPERATIONAL,establishment|food|point_of_interest,ChIJRW67sYns-UARFnNz2Xg_9Gs,плодоовощная база оптовая,check
Армавирский цветочный склад,"ул. Мира, 50, Армавир, Краснодарский край, 352919",Армавир,Армавир,Краснодарский край,Russia,44.9889118,41.1401891,3.3,8,OPERATIONAL,establishment|point_of_interest,ChIJadDKVX7r-UARUB4d3C6lnmw,плодоовощная база оптовая,check
база клен,"ул. 30 лет Победы, 214, Армавир, Краснодарский край, 352932",Армавир,Армавир,Краснодарский край,Russia,44.9811537,41.1080272,4.3,359,OPERATIONAL,establishment|food|grocery_or_supermarket|point_of_interest|store,ChIJU6wbvXPs-UARN2nGg0vXrEY,плодоовощная база оптовая,yes
Вещевой Рынок,"Новороссийская ул., 100, Армавир, Краснодарский край, 352913",Армавир,Армавир,Краснодарский край,Russia,44.9896592,41.0660317,,,OPERATIONAL,establishment|point_of_interest,ChIJnfaVLzHs-UAR9zi08QDa_2c,сельскохозяйственный рынок,yes
И.П. Курилов,"ул. Горького, 78, 6, Армавир, Краснодарский край, 352909",Армавир,Армавир,Краснодарский край,Russia,44.99532199999999,41.139408,5,1,OPERATIONAL,establishment|food|point_of_interest,ChIJLzQyEIPs-UARjzoXWWed41M,оптовая база продуктов питания,check
"ИП ВАНЯН ""ПРОДЗОНА"" Оптово-розничный склад-магазин","Армавир, Краснодарский край, 352906",Армавир,Армавир,Краснодарский край,Russia,45.0141781,41.0858527,3.6,8,OPERATIONAL,establishment|food|grocery_or_supermarket|point_of_interest|store,ChIJ_8DJklHt-UAR3uWCM2s0La8,оптовая база продуктов питания,yes
ИП Шнайдер А.С.,"ул. Ставропольская, 21, Армавир, Краснодарский край, 352926",Армавир,Армавир,Краснодарский край,Russia,45.0232254,41.1247105,4.9,23,OPERATIONAL,bakery|establishment|food|point_of_interest|store,ChIJoek6rdvs-UAR1cc24N0dsjs,оптовая база продуктов питания,check
Кондитерская фабрика Кубанский кондитер,"Новороссийская ул., 147/14в, Армавир, Краснодарский край, 352923",Армавир,Армавир,Краснодарский край,Russia,44.9905656,41.0769686,4.4,13,OPERATIONAL,bakery|establishment|food|point_of_interest|store,ChIJt6vtGUbs-UARfmY1AHggHZ4,оптовая база продуктов питания,check
"Кондитерское производство ""София""","Ул Центральная 110 с/т Восход отд 1, Армавир, Краснодарский край, 352942",Армавир,Армавир,Краснодарский край,Russia,44.95306069999999,41.1284746,4.6,12,OPERATIONAL,establishment|food|point_of_interest,ChIJNRMusY_r-UARHXL8ARHtQdE,оптовая база продуктов питания,check
Кондитерское производство ИП Карибджанянц А.К.,"Железнодорожная ул., 61, Армавир, Краснодарский край, 352902",Армавир,Армавир,Краснодарский край,Russia,44.9834326,41.1478206,5,1,OPERATIONAL,establishment|food|point_of_interest,ChIJbxxDuGTr-UAR_GuRMK7Pxxc,оптовая база продуктов питания,check
Кубарус-молоко,"ул. К. Либкнехта, 71, Армавир, Краснодарский край, 352905",Армавир,Армавир,Краснодарский край,Russia,44.99598599999999,41.125045,3.8,24,OPERATIONAL,establishment|food|point_of_interest,ChIJRW67sYns-UARLcR3xglt7Hc,оптовая база продуктов питания,check
ОАО «Кондитерская фабрика» г. Армавир,"ул. Карла Маркса, 238, Армавир, Краснодарский край, 352900",Армавир,Армавир,Краснодарский край,Russia,44.9822616,41.1051635,5,7,OPERATIONAL,establishment|food|point_of_interest,ChIJRW67sYns-UARdtWKK1RFtIE,оптовая база продуктов питания,check
"ООО ""Агрофон""","ул. Ефремова, 170, Армавир, Краснодарский край, 352931",Армавир,Армавир,Краснодарский край,Russia,44.9958549,41.1069313,5,2,OPERATIONAL,establishment|food|point_of_interest,ChIJMzetU-bt-UARtAdEst9qr7I,оптовая база продуктов питания,yes
Оптовая База,"Железнодорожная ул., 72, Армавир, Краснодарский край, 352905",Армавир,Армавир,Краснодарский край,Russia,44.9921493,41.1329845,5,2,OPERATIONAL,establishment|point_of_interest,ChIJHRmWHoHs-UARwibXoXDh83o,плодоовощная база оптовая,yes
Оптовая База Володарского,"Армавир, Краснодарский край, 352931",Армавир,Армавир,Краснодарский край,Russia,45.0066881,41.0989552,4.3,152,OPERATIONAL,establishment|point_of_interest|shopping_mall,ChIJuX6XntDt-UARoRRIwLWCrOQ,плодоовощная база оптовая,yes
Оптово- Розничный Склад Магазин,"ул. Володарского, 1, Армавир, Краснодарский край, 352931",Армавир,Армавир,Краснодарский край,Russia,45.0063514,41.0996475,4.4,357,OPERATIONAL,establishment|food|grocery_or_supermarket|point_of_interest|store,ChIJ-_bcSPjs-UARsUJABNnu7WY,плодоовощная база оптовая,yes
Оптовый,"Армавир, Краснодарский край, 352903",Армавир,Армавир,Краснодарский край,Russia,44.9772217,41.1509031,4.1,848,OPERATIONAL,establishment|point_of_interest,ChIJo1lD5p7r-UARxYqr1W3bdHQ,оптовый продовольственный рынок,yes
Продуктовая База,"ул. Первомайская, 2/2, Армавир, Краснодарский край, 352931",Армавир,Армавир,Краснодарский край,Russia,45.00451,41.1042851,,,OPERATIONAL,establishment|point_of_interest,ChIJs3_Z_vbs-UARVd_6tgoHfa8,плодоовощная база оптовая,yes
Птичий Рынок,"ул. Мира, 26, Армавир, Краснодарский край, 352900",Армавир,Армавир,Краснодарский край,Russia,44.9957506,41.1293517,4.2,239,OPERATIONAL,establishment|food|grocery_or_supermarket|pet_store|point_of_interest|store|supermarket,ChIJSVsRcYbs-UAR1Tn6Ujy6xhU,сельскохозяйственный рынок,yes
Рынок Азовский,"ул. Азовская, 30, Армавир, Краснодарский край, 352913",Армавир,Армавир,Краснодарский край,Russia,44.9896541,41.0658807,4.4,577,OPERATIONAL,establishment|point_of_interest,ChIJFWcm2K7t-UARFHiEMOYo18U,сельскохозяйственный рынок,yes
Талисман 2,"ул. Мира, 42, Армавир, Краснодарский край, 352900",Армавир,Армавир,Краснодарский край,Russia,44.9911945,41.1358595,5,1,OPERATIONAL,establishment|point_of_interest,ChIJKzl8xJTt-UAR7SU2zY0NFK8,сельскохозяйственный рынок,check
Центральный Рынок,"ул. Мира, 63, Армавир, Краснодарский край, 352900",Армавир,Армавир,Краснодарский край,Russia,44.9946985,41.1327136,4.4,3498,OPERATIONAL,establishment|point_of_interest,ChIJ3W7zIITs-UARrD6jRziRUoY,плодоовощная база оптовая,yes
Food Service,"ул. Ленина, 29, Архангельск, Архангельская обл., 163015",Архангельск,Архангельск,Архангельская область,Russia,64.5268933,40.6552091,5,2,OPERATIONAL,establishment|food|point_of_interest,ChIJMYiGKSc1GEQRmwDI3DRcQk0,оптовая база продуктов питания,check
Альбатрос,"просп. Ломоносова, 117, Архангельск, Архангельская обл., 163000",Архангельск,Архангельск,Архангельская область,Russia,64.5360202,40.5314767,4.4,709,OPERATIONAL,establishment|food|point_of_interest|store,ChIJK2GmCSo0GEQRsEnLSWnDTOU,сельскохозяйственный рынок,check
АНТАЛ,"Окружное ш., д. 6, стр. 6, Архангельск, Архангельская обл., 163045",Архангельск,Архангельск,Архангельская область,Russia,64.5612553,40.5711542,5,1,OPERATIONAL,establishment|point_of_interest,ChIJtWru7280GEQRoSsS4ckHbGg,оптовый продовольственный рынок,check
"АО ""Молоко""","ул. Октябрят, 42, Архангельск, Архангельская обл., 163009",Архангельск,Архангельск,Архангельская область,Russia,64.5372975,40.602162,4.1,13,OPERATIONAL,establishment|food|point_of_interest,ChIJMfVdQxU0GEQRd-CqjCyz13k,оптовая база продуктов питания,check
Архангельская молочная компания,"ул. Октябрят, 42, Архангельск, Архангельская обл., 163009",Архангельск,Архангельск,Архангельская область,Russia,64.5372955,40.6021635,3,2,OPERATIONAL,establishment|food|point_of_interest,ChIJ6VIK3yQ0GEQR63oC_kZNBl8,оптовая база продуктов питания,check
Архангельская рыбная компания,"ул. Революции, 4, Архангельск, Архангельская обл., 163030",Архангельск,Архангельск,Архангельская область,Russia,64.4982036,40.6834006,5,1,OPERATIONAL,establishment|point_of_interest,ChIJ39TYZMQ0GEQR5RQC2_Hrqog,оптовая база продуктов питания,check
Водолей,"просп. Троицкий, 63, 26, Архангельск, Архангельская обл., 163000",Архангельск,Архангельск,Архангельская область,Russia,64.5441068,40.516194,5,1,OPERATIONAL,establishment|point_of_interest,ChIJRw5VjYU2GEQR9wMoTUt-ly0,оптовая база продуктов питания,check
Гарант,"ул. Федора Абрамова, 15, Архангельск, Архангельская обл., 163009",Архангельск,Архангельск,Архангельская область,Russia,64.5243298,40.61497790000001,,,OPERATIONAL,establishment|point_of_interest,ChIJ6VIK3yQ0GEQRwoK5bgYVUv4,оптовая база продуктов питания,check
Двинские,"к, просп. Троицкий, 121 корпус 3, Архангельск, Архангельская обл., 163001",Архангельск,Архангельск,Архангельская область,Russia,64.55686469999999,40.5229001,4.7,27,OPERATIONAL,establishment|food|point_of_interest,ChIJx-dKIZQ2GEQRMmMc-zKdn8A,оптовая база продуктов питания,check
"ДиАл ""Шабунинское""","ул. Мостовая, 1к3, Архангельск, Архангельская обл., 163000",Архангельск,Архангельск,Архангельская область,Russia,64.5985754,40.5318923,5,4,OPERATIONAL,establishment|food|point_of_interest|store,ChIJiXdTSygxGEQR4QLJUdsEdwM,оптовый продовольственный рынок,check
ДиетПродукт плюс,"ул. Павла Усова, 45, Архангельск, Архангельская обл., 163002",Архангельск,Архангельск,Архангельская область,Russia,64.53817599999999,40.581058,5,1,OPERATIONAL,establishment|point_of_interest,ChIJU_V8-Dw0GEQR1V00vZj1o2Y,плодоовощная база оптовая,check
"Золотица Плюс, Продовольственный Магазин","ул. Валявкина, 13, Архангельск, Архангельская обл., 163016",Архангельск,Архангельск,Архангельская область,Russia,64.5713294,40.5211914,4,2,OPERATIONAL,establishment|food|grocery_or_supermarket|liquor_store|point_of_interest|store,ChIJ6VIK3yQ0GEQRJsHJvF8Ck1Y,оптовый продовольственный рынок,yes
ИП Максимов,"Окружное ш., 11, строение 1, Архангельск, Архангельская обл., 163045",Архангельск,Архангельск,Архангельская область,Russia,64.56034559999999,40.5766102,5,1,OPERATIONAL,establishment|point_of_interest,ChIJq8r8Qqg2GEQRvsygqBor0eE,оптовая база продуктов питания,check
ИП Потапов А.А.,"Ленинградский просп., 384, Архангельск, Архангельская обл., 163016",Архангельск,Архангельск,Архангельская область,Russia,64.480439,40.7372227,,,OPERATIONAL,establishment|point_of_interest,ChIJSYwsRTrLGUQRzH4HsAsYKLY,оптовая база продуктов питания,check
На Окружной,"Окружное ш., 13, Архангельск, Архангельская обл., 163045",Архангельск,Архангельск,Архангельская область,Russia,64.5580787,40.5777518,4.1,990,OPERATIONAL,establishment|point_of_interest|shopping_mall,ChIJ1RaB4qc2GEQR_zdgxqr7gy8,оптовый продовольственный рынок,check
ООО Архангельский Водорослевый Комбинат,"Ленинградский пр-т., 328, Архангельск, Архангельская обл., 163030",Архангельск,Архангельск,Архангельская область,Russia,64.4995831,40.6868793,4.5,49,OPERATIONAL,establishment|food|grocery_or_supermarket|point_of_interest|store,ChIJ6VIK3yQ0GEQRXEPnY_lj3bA,оптовый продовольственный рынок,check
Опт Рыба,"Окружное ш., 11, Архангельск, Архангельская обл., 163045",Архангельск,Архангельск,Архангельская область,Russia,64.560262,40.576727,5,1,OPERATIONAL,establishment|food|point_of_interest,ChIJq8r8Qqg2GEQR6r0v3n3Lqcs,оптовая база продуктов питания,yes
Опто-розничная база,"ул. Павла Усова, 45, Архангельск, Архангельская обл., 163002",Архангельск,Архангельск,Архангельская область,Russia,64.53826099999999,40.5810778,4.4,8,OPERATIONAL,establishment|point_of_interest|storage,ChIJxS-MrD00GEQRi-J_hebGda4,оптовый продовольственный рынок,yes
Оптовая База Фруктов И Овощей,"Стрелковая ул., 19/2, Архангельск, Архангельская обл., 163002",Архангельск,Архангельск,Архангельская область,Russia,64.535471,40.593263,,,OPERATIONAL,establishment|food|point_of_interest|store,ChIJWZTZrD80GEQRZ6E-xi0ztdE,оптовый продовольственный рынок,yes
"Оптовая компания, ИП Радкевич Л.И.","Окружное ш., 9, Архангельск, Архангельская обл., 163045",Архангельск,Архангельск,Архангельская область,Russia,64.56070799999999,40.574699,5,1,OPERATIONAL,establishment|point_of_interest,ChIJHdeTkqg2GEQR30Ge_66FfpQ,оптовая база продуктов питания,yes
ПЕРВОЦВЕТ,"Стрелковая ул., 19, Архангельск, Архангельская обл., 163000",Архангельск,Архангельск,Архангельская область,Russia,64.5349349,40.5922059,4,15,OPERATIONAL,establishment|point_of_interest,ChIJU_V8-Dw0GEQR4qHD-HzhTQs,оптовый продовольственный рынок,check
Приосколье,"Окружное ш., 7к3, Архангельск, Архангельская обл., 163045",Архангельск,Архангельск,Архангельская область,Russia,64.5627635,40.5731903,,,OPERATIONAL,establishment|point_of_interest,ChIJq7eBLK82GEQRB98-Ao87-gI,оптовая база продуктов питания,check
Продукты оптом,"пр-д Кузнечихинский промузел 1, 13, Архангельск, Архангельская обл., 163045",Архангельск,Архангельск,Архангельская область,Russia,64.5607124,40.5815641,,,OPERATIONAL,establishment|point_of_interest,ChIJqxASy6k2GEQRksTtyteladU,оптовый продовольственный рынок,yes
"Свежие фрукты, овощи","пр-д Кузнечихинский промузел 1, 13, Архангельск, Архангельская обл., 163045",Архангельск,Архангельск,Архангельская область,Russia,64.5610876,40.5798533,,,OPERATIONAL,establishment|food|grocery_or_supermarket|point_of_interest|store,ChIJc3Tesak2GEQRyf6UyW4jrTA,оптовый продовольственный рынок,check
Светофор,"1-й пр., 7, Архангельск, Архангельская обл., 163045",Архангельск,Архангельск,Архангельская область,Russia,64.56659780000001,40.5745248,4.1,322,OPERATIONAL,establishment|food|grocery_or_supermarket|point_of_interest|store,ChIJEdvj4JI3GEQRFfHuMRFYGBs,оптовый продовольственный рынок,check
Северный Торговый Центр,"ул. Павла Усова, 45, Архангельск, Архангельская обл., 163002",Архангельск,Архангельск,Архангельская область,Russia,64.5383154,40.5818907,,,OPERATIONAL,establishment|point_of_interest,ChIJSX2_Vjw0GEQRyKugsJ5-Stc,оптовый продовольственный рынок,check
Соломбальский торг,"ул. Кедрова, 26, Архангельск, Архангельская обл., 163013",Архангельск,Архангельск,Архангельская область,Russia,64.58684509999999,40.5129321,,,OPERATIONAL,establishment|food|grocery_or_supermarket|point_of_interest|store,ChIJz2BIJ9Q2GEQRFc8N_OzF_dI,оптовый продовольственный рынок,check
Торговый комплекс,"Окружное ш., 35/1, Архангельск, Архангельская обл., 163000",Архангельск,Архангельск,Архангельская область,Russia,64.5270537,40.6632103,4.3,39,OPERATIONAL,establishment|food|grocery_or_supermarket|point_of_interest|store,ChIJeUW9WYg0GEQRmQy1fGqvMdM,сельскохозяйственный рынок,check
Фруктоша,"просп. Троицкий, 91к1, Архангельск, Архангельская обл., 163000",Архангельск,Архангельск,Архангельская область,Russia,64.5499533,40.5186068,5,1,OPERATIONAL,establishment|food|point_of_interest|store,ChIJO3mY9BQ3GEQRVQsibo4hYrE,плодоовощная база оптовая,check
Фрукты-овощи Оптовый Склад,"ул. Павла Усова, 45, Архангельск, Архангельская обл., 163002",Архангельск,Архангельск,Архангельская область,Russia,64.5383154,40.5818907,4,2,OPERATIONAL,establishment|food|point_of_interest,ChIJSX2_Vjw0GEQR1-MZqgT30NE,оптовая база продуктов питания,yes
Цветочная база,"просп. Новгородский, 30, Архангельск, Архангельская обл., 163046",Архангельск,Архангельск,Архангельская область,Russia,64.53754099999999,40.53024,5,1,OPERATIONAL,establishment|florist|point_of_interest|store,ChIJVfSNqfw3GEQRAVvGLnp1a1A,плодоовощная база оптовая,yes
Цветочная База,"Московский проспект, 43, Московский пр., 49, Архангельск, Архангельская обл., 163009",Архангельск,Архангельск,Архангельская область,Russia,64.53242019999999,40.6192238,3,7,OPERATIONAL,establishment|florist|home_goods_store|point_of_interest|store,ChIJhdvAD2o0GEQRiwYdmRPCHNI,плодоовощная база оптовая,yes
Центр сухофруктов,"Окружное ш., 7к3, Архангельск, Архангельская обл., 163045",Архангельск,Архангельск,Архангельская область,Russia,64.5627635,40.5731903,5,3,OPERATIONAL,establishment|point_of_interest,ChIJS1eJ1Kg2GEQRUiREn6yHOxk,оптовая база продуктов питания,check
Центральный рынок,"просп. Чумбарова-Лучинского, 2, Архангельск, Архангельская обл., 163046",Архангельск,Архангельск,Архангельская область,Russia,64.5325529,40.537874,3.8,544,OPERATIONAL,establishment|point_of_interest,ChIJEe7EIEI1GEQRzA0vB9QGcyI,оптовый продовольственный рынок,yes
Яйца оптом,"Окружное ш., 7, Архангельск, Архангельская обл., 163045",Архангельск,Архангельск,Архангельская область,Russia,64.5666677,40.5861117,1,1,OPERATIONAL,establishment|food|point_of_interest|store,ChIJqS1yC6s2GEQREePH03jCS4A,оптовый продовольственный рынок,yes
Ярцев А.С. ИП,"улица Дачная, 56, корп. 1, строен. 2, Архангельск, Архангельская обл., 163057",Архангельск,Архангельск,Архангельская область,Russia,64.5171902,40.684714,5,2,OPERATIONAL,establishment|point_of_interest|store,ChIJ-ZgyOJE0GEQRyBtt4DKaZFI,оптовый продовольственный рынок,check
GFC Russia- продукты для Horeca,"ул. Пушкина, 50 Ж, Астрахань, Астраханская обл., 414000",Астрахань,Астрахань,Астраханская область,Russia,46.3750364,48.01613099999999,1,1,OPERATIONAL,establishment|food|point_of_interest,ChIJ_6S_Oe4FqUERMmSzrzPudZU,плодоовощная база оптовая,check
Green Parad,"улица Боевая 134к4в, Астрахань, Астраханская обл., 414021",Астрахань,Астрахань,Астраханская область,Russia,46.3133613,48.02188040000001,4.7,13,OPERATIONAL,establishment|florist|point_of_interest|store,ChIJ1y37pM8PqUER9e4JPpYav2w,плодоовощная база оптовая,check
"Астраханец, Ооо","ул. Олега Кошевого, 1, Астрахань, Астраханская обл., 414018",Астрахань,Астрахань,Астраханская область,Russia,46.3169669,48.015132,3.6,10,OPERATIONAL,establishment|food|point_of_interest,ChIJw3i-98gPqUERPTGkG3qd17I,оптовая база продуктов питания,check
Астраханская икорная лавка Beluga Farm,"ул. В. Тредиаковского, 7, 1/2, Астрахань, Астраханская обл., 414000",Астрахань,Астрахань,Астраханская область,Russia,46.34948869999999,48.0346329,5,1,OPERATIONAL,establishment|food|grocery_or_supermarket|point_of_interest|store,ChIJcw4dXbUFqUERkc6R0ikU7hQ,оптовый продовольственный рынок,check
Астраханский Цветочный рынок,"ул. Бэра, 38, Астрахань, Астраханская обл., 414024",Астрахань,Астрахань,Астраханская область,Russia,46.3369033,48.03179799999999,4.3,496,OPERATIONAL,establishment|florist|point_of_interest|store,ChIJwWF1uo8PqUER8cIE-pe6Jmo,оптовый продовольственный рынок,yes
Астрыба,"ул. Латвийская, 1 Б, Астрахань, Астраханская обл., 414000",Астрахань,Астрахань,Астраханская область,Russia,46.3533706,48.09659190000001,5,6,OPERATIONAL,establishment|food|point_of_interest|store,ChIJTetOYIIFqUERlhoMtnU0Ef4,сельскохозяйственный рынок,check
Большие Исады,"ул. Свердлова, 111, Астрахань, Астраханская обл., 414000",Астрахань,Астрахань,Астраханская область,Russia,46.3450155,48.055079,3.6,4298,OPERATIONAL,establishment|food|grocery_or_supermarket|point_of_interest|store,ChIJX7tueGUFqUERjxV9J62Hu7M,оптовый продовольственный рынок,check
Галактика цветов,"ул. наб. 1 Мая, 67, Астрахань, Астраханская обл., 414000",Астрахань,Астрахань,Астраханская область,Russia,46.3456339,48.035928,3,2,OPERATIONAL,establishment|point_of_interest,ChIJOT8p8n0FqUERV-45u-eRGs0,плодоовощная база оптовая,check
Дачный мир,"Зеленгинская ул., 56, Астрахань, Астраханская обл., 414004",Астрахань,Астрахань,Астраханская область,Russia,46.3514113,48.0780205,4.6,165,OPERATIONAL,establishment|food|point_of_interest|store,ChIJUYXLNRQFqUERpEJfCIfwmsk,сельскохозяйственный рынок,check
"Дубки, концерн","5, проезд 7-й Энергетический, г. Астрахань, Астраханская обл., Россия 414032, Астрахань, Астраханская обл., 414032",Астрахань,Астрахань,Астраханская область,Russia,46.4151039,48.10201259999999,4.1,21,OPERATIONAL,establishment|food|point_of_interest|store,ChIJD7SXzPADqUERoU8VnN1s8dQ,оптовая база продуктов питания,check
"Золотая пчела, оптово-розничный магазин","Адмиралтейская ул., 60А, Астрахань, Астраханская обл., 414040",Астрахань,Астрахань,Астраханская область,Russia,46.3611483,48.0389109,4.7,60,OPERATIONAL,establishment|food|grocery_or_supermarket|point_of_interest|shopping_mall|store,ChIJMRVF6JsFqUERbobcOz-4GOY,оптовый продовольственный рынок,yes
"Калининский, торговый комплекс","ул. Калинина, 48-к, Астрахань, Астраханская обл., 414040",Астрахань,Астрахань,Астраханская область,Russia,46.3559703,48.0527011,3.7,50,OPERATIONAL,establishment|point_of_interest|shopping_mall,ChIJI3WpOHQFqUER6hYyyBHS1WE,сельскохозяйственный рынок,check
Кировский рынок,"ул. Победы, 55Г, Астрахань, Астраханская обл., 414040",Астрахань,Астрахань,Астраханская область,Russia,46.356959,48.055636,3.9,1091,OPERATIONAL,establishment|point_of_interest,ChIJoWVAk3QFqUERibyqSdr0qpw,оптовый продовольственный рынок,yes
Маяк,"ул. Красная Советский, 1, Астрахань, Астраханская обл., 414000",Астрахань,Астрахань,Астраханская область,Russia,46.3427879,48.0533898,3.9,1981,OPERATIONAL,establishment|point_of_interest|shopping_mall,ChIJBbiDHmQFqUERQVrbqOtj6ys,оптовый продовольственный рынок,check
Овощи и фрукты,"ул. Татищева, 27a, Астрахань, Астраханская обл., 414056",Астрахань,Астрахань,Астраханская область,Russia,46.3658153,48.05207559999999,5,1,OPERATIONAL,establishment|food|grocery_or_supermarket|point_of_interest|store,ChIJN7v84KMFqUERyPiju87vJ9E,плодоовощная база оптовая,check
Овощи фрукты и баранина,"ул. В. Барсовой, 12к1, Астрахань, Астраханская обл., 414004",Астрахань,Астрахань,Астраханская область,Russia,46.3453561,48.0657054,4.4,7,OPERATIONAL,establishment|food|grocery_or_supermarket|point_of_interest|store,ChIJh90hCWkFqUER_uuuYxmukrE,сельскохозяйственный рынок,check
Овощной киоск,"ул. Куликова, 40к1, Астрахань, Астраханская обл., 414041",Астрахань,Астрахань,Астраханская область,Russia,46.3543479,48.0696909,4.1,28,OPERATIONAL,establishment|food|point_of_interest|store,ChIJxWSI9RIFqUERxpSncJhYMLI,сельскохозяйственный рынок,check
"ООО ""Мясокомбинат Астраханский""","ул. Ереванская, 1, Астрахань, Астраханская обл., 414041",Астрахань,Астрахань,Астраханская область,Russia,46.3753137,48.0841289,4.2,79,OPERATIONAL,establishment|food|point_of_interest|store,ChIJ-RAXGlYEqUERURtN-shsEwk,оптовый продовольственный рынок,check
"ООО ""ПиР""","Брестская ул., 9Б, Астрахань, Астраханская обл., 414024",Астрахань,Астрахань,Астраханская область,Russia,46.326135,48.028369,5,1,OPERATIONAL,establishment|point_of_interest|store,ChIJT3xnMJUPqUERzXY5hgRsYfQ,оптовый продовольственный рынок,check
ООО «Русская Икра»,"Августовская ул., 64В, Астрахань, Астраханская обл., 414041",Астрахань,Астрахань,Астраханская область,Russia,46.37576,48.0811986,5,1,OPERATIONAL,establishment|food|point_of_interest,ChIJU5p4gFYEqUER8mbnXI4qkpk,плодоовощная база оптовая,check
Ооо Астрафуд,"набережная Приволжского Затона, 35, Астрахань, Астраханская обл., 414024",Астрахань,Астрахань,Астраханская область,Russia,46.3386666,48.0155027,,,OPERATIONAL,establishment|point_of_interest,ChIJuxrQFpwPqUERUHVViU9WJgI,плодоовощная база оптовая,check
ООО Кватро,"ул. Латышева, 3Б, Астрахань, Астраханская обл., 414000",Астрахань,Астрахань,Астраханская область,Russia,46.3801231,48.0568705,5,1,OPERATIONAL,establishment|food|point_of_interest,ChIJ3Vn9iUoOqUER47CX1mPyE5Q,оптовый продовольственный рынок,check
"ООО ПФ ""АСТРАХАНПЛОДООВОЩ""","ул. Ахшарумова, 151, Астрахань, Астраханская обл., 414045",Астрахань,Астрахань,Астраханская область,Russia,46.3381479,48.03716,,,OPERATIONAL,establishment|point_of_interest,ChIJ-Wu3LIkPqUERXGbz5HH_2gs,плодоовощная база оптовая,yes
"ООО РВК ""Раскат""","ул. Дзержинского, 80, офис 21, Астрахань, Астраханская обл., 414015",Астрахань,Астрахань,Астраханская область,Russia,46.3423823,47.9924319,3.7,3,OPERATIONAL,establishment|point_of_interest,ChIJARRbGg0PqUERGFieEc4v_9w,оптовый продовольственный рынок,check
Продуктовый Дворик,"ул. Яблочкова, 36, Астрахань, Астраханская обл., 414052",Астрахань,Астрахань,Астраханская область,Russia,46.3649053,48.0682525,,,OPERATIONAL,establishment|point_of_interest,ChIJXyxyfnkFqUERORyKGaFccdY,сельскохозяйственный рынок,check
Продукты,"ул. Адмирала Нахимова, 12, Астрахань, Астраханская обл., 414018",Астрахань,Астрахань,Астраханская область,Russia,46.32153599999999,48.005179,4,1,OPERATIONAL,establishment|point_of_interest,ChIJtZvhKRMPqUERg1On-unP0-0,оптовая база продуктов питания,check
Продукты,"База ""Славянка, ул. Славянская, 1, Астрахань, Астраханская обл., 414009",Астрахань,Астрахань,Астраханская область,Russia,46.36291929999999,48.0974289,,,OPERATIONAL,establishment|food|grocery_or_supermarket|point_of_interest|store,ChIJh71bJuIEqUERa1YhIsD-ZZM,оптовая база продуктов питания,check
Продукты оптом,"ул. Рыбинская, 25к1, Астрахань, Астраханская обл., 414009",Астрахань,Астрахань,Астраханская область,Russia,46.3628241,48.0969872,,,OPERATIONAL,establishment|point_of_interest,ChIJK4ZMIeIEqUERa_va3uuOz2c,плодоовощная база оптовая,yes
Продукты питания,"ул. Ногина, Астрахань, Астраханская обл., 414000",Астрахань,Астрахань,Астраханская область,Russia,46.3459958,48.0522831,,,OPERATIONAL,establishment|point_of_interest,ChIJi5hgBWUFqUER3PnUriKiHuI,оптовая база продуктов питания,check
"Радмир, оптово-розничная база","Оптовая ул., 2-в, Солянка, Астрахань, 414038",Астрахань,Астрахань,Астраханская область,Russia,46.37517829999999,47.9824378,3.7,13,OPERATIONAL,establishment|food|point_of_interest|store,ChIJvUXVAwAGqUERqaJsl8PdGEo,оптовый продовольственный рынок,yes
Рыбный Рынок,"Покровская пл., 3, 8/14, Астрахань, Астраханская обл., 414056",Астрахань,Астрахань,Астраханская область,Russia,46.36365439999999,48.0447169,4.2,616,OPERATIONAL,establishment|point_of_interest,ChIJ1dNMvJgFqUERh9xsnKxvaZo,сельскохозяйственный рынок,yes
Рынок,"ул. Дзержинского, 2А, Астрахань, Астраханская обл., 414006",Астрахань,Астрахань,Астраханская область,Russia,46.3542709,48.004673,5,1,OPERATIONAL,establishment|point_of_interest,ChIJbQMpE3IPqUERhvua_khA_BU,оптовый продовольственный рынок,yes
"рынок ""Татар-Базар""","пл. Свободы, 12А, Астрахань, Астраханская обл., 414024",Астрахань,Астрахань,Астраханская область,Russia,46.3424415,48.0225028,4.2,2422,OPERATIONAL,establishment|point_of_interest,ChIJ4ReZEYMPqUER_FyybNkT7vw,оптовый продовольственный рынок,yes
"Сарко, ООО","ул. Рождественского 1-й пр., 8, Астрахань, Астраханская обл., 414057",Астрахань,Астрахань,Астраханская область,Russia,46.3191592,48.0550308,5,1,OPERATIONAL,establishment|food|point_of_interest,ChIJ-XJDc-MPqUERRpkCPpwvOZ8,оптовая база продуктов питания,check
Селенские Исады,"Покровская пл., Астрахань, Астраханская обл., 414056",Астрахань,Астрахань,Астраханская область,Russia,46.3637715,48.044859,4.2,346,OPERATIONAL,establishment|food|point_of_interest,ChIJU44bjpgFqUERaiYHNibloig,оптовый продовольственный рынок,check
Славянский Рынок,"ул. Рыбинская, 25М, Астрахань, Астраханская обл., 414011",Астрахань,Астрахань,Астраханская область,Russia,46.3625257,48.0973504,4.3,543,OPERATIONAL,establishment|point_of_interest,ChIJgb5WiuEEqUERKiRiGoEhvkY,оптовый продовольственный рынок,yes
"Современная быстрая кухня, завод","ул. Сытова, 6, Астрахань, Астраханская обл., 414029",Астрахань,Астрахань,Астраханская область,Russia,46.3917954,48.07924999999999,5,3,OPERATIONAL,establishment|food|point_of_interest,ChIJlVmvsBcEqUERB24eua-KISQ,плодоовощная база оптовая,check
Фёдоровский рынок,"ул. Чалабяна, 26А, Астрахань, Астраханская обл., 414000",Астрахань,Астрахань,Астраханская область,Russia,46.345859,48.053945,3.9,59,OPERATIONAL,establishment|food|grocery_or_supermarket|point_of_interest|store,ChIJZ-bCoWUFqUERSmmW5CM9Dp8,оптовый продовольственный рынок,yes
Ярмарка Кутум,"ул. Рождественского, 10, Астрахань, Астраханская обл., 414057",Астрахань,Астрахань,Астраханская область,Russia,46.3162384,48.0570206,3.8,6,OPERATIONAL,establishment|point_of_interest,ChIJ-7pjHqcPqUERHKKX_1BgpMc,сельскохозяйственный рынок,yes
GF,"Кучинское шоссе, 8, Балашиха, Московская обл., 143912",Балашиха,Балашиха,Московская область,Russia,55.777722,37.958944,4.5,141,OPERATIONAL,cafe|establishment|food|gas_station|grocery_or_supermarket|point_of_interest|store,ChIJ15OvwdLNSkERgAjWK92LwaQ,оптовая база продуктов питания,check
Анд - продукты оптом от ведущих производителей,"ул. Терешковой, 2, Балашиха, Московская обл., 143907",Балашиха,Балашиха,Московская область,Russia,55.8006616,37.9587116,,,OPERATIONAL,establishment|food|point_of_interest,ChIJwWyPhafNSkERpaPhOnmCgik,оптовая база продуктов питания,yes
Балашихинская Овощная База (1 гимназия),"ул. Текстильщиков, 2, Балашиха, Московская обл., 143900",Балашиха,Москва,Москва,Russia,55.8121546,37.96212999999999,4.4,198,OPERATIONAL,establishment|food|point_of_interest,ChIJN1tQiVrMSkERt3Pah6WCSmM,плодоовощная база оптовая,yes
Блошиный Рынок,"ул. Пушкинская, 1, Балашиха, Московская обл., 143930",Балашиха,Балашиха,Московская область,Russia,55.7578265,37.9235652,4.3,451,OPERATIONAL,establishment|point_of_interest|shopping_mall,ChIJ__ChJcPLSkERpF9jRzjbNqk,сельскохозяйственный рынок,yes
МилаваЭксперт,"ул. Текстильщиков, 2, Балашиха, Московская обл., 143910",Балашиха,Балашиха,Московская область,Russia,55.811839,37.964227,4,2,OPERATIONAL,establishment|food|grocery_or_supermarket|point_of_interest|store,ChIJKR2PrVrMSkERmQOUBhrWNmM,оптовый продовольственный рынок,check
РосПродТорг,"Леоновское ш., 6, Балашиха, Московская обл., 143900",Балашиха,Балашиха,Московская область,Russia,55.76295349999999,37.9622051,,,OPERATIONAL,establishment|food|point_of_interest,ChIJB5hN3FfJSkER7Nhovq-NE14,оптовая база продуктов питания,check
"Сахар ОПТОМ ООО ""ЗЕРНО ОПТ ТРЕЙД""","ул. Октябрьская, 33, Балашиха, Московская обл., 143982",Балашиха,Балашиха,Московская область,Russia,55.7582617,37.9318679,,,OPERATIONAL,establishment|food|point_of_interest,ChIJOUfSeCvLSkER6lrtLbobMEA,оптовая база продуктов питания,yes
Сельскохозяйственный Рынок,"пр. Ленина, 30а, Балашиха, Московская обл., 143900",Балашиха,Балашиха,Московская область,Russia,55.7970408,37.9564358,5,3,OPERATIONAL,establishment|point_of_interest,ChIJgTVck2vMSkERmrpZUgW7-PA,оптовый продовольственный рынок,yes
Сельскохозяйственный Рынок,"ул. Свердлова, 37. 36, Балашиха, Московская обл., 143905",Балашиха,Балашиха,Московская область,Russia,55.8296912,37.9709497,,,OPERATIONAL,establishment|point_of_interest,ChIJs8HnHarNSkERnEWTItP-dbw,сельскохозяйственный рынок,yes
Сопта,"пр. Ленина, 30А, Балашиха, Московская обл., 143907",Балашиха,Балашиха,Московская область,Russia,55.7972863,37.956888,4.3,2044,OPERATIONAL,establishment|food|grocery_or_supermarket|point_of_interest|store,ChIJdYmHQWnMSkERjtniMI8gY5U,оптовый продовольственный рынок,yes
"ТД ""Альфагрупп""","владение, 57Е, стр.1 помещение 26, Балашиха, Московская обл., 143954",Балашиха,Балашиха,Московская область,Russia,55.793843,38.017563,5,1,OPERATIONAL,establishment|food|point_of_interest,ChIJAwJSzoLOSkER0mk5rbO-U1Q,оптовая база продуктов питания,check
Топ-Трейд-М,"Звездная ул., 7, Балашиха, Московская обл., 143909",Балашиха,Балашиха,Московская область,Russia,55.8290392,37.9531262,,,OPERATIONAL,establishment|point_of_interest,ChIJ6fPk-v3MSkERY0sI1QYk4r0,оптовая база продуктов питания,check
Тушёнка,"ул. Дорофеева, 1, Балашиха, Московская обл., 143968",Балашиха,Балашиха,Московская область,Russia,55.77900649999999,37.8476664,,,OPERATIONAL,establishment|food|point_of_interest|store,ChIJmeFB3RDLSkERKJCzxrdpteY,оптовый продовольственный рынок,check
"Алтайская Ореховая Компания, торгово-производственное предприятие","Бриллиантовая ул., 2-а, Барнаул, Алтайский край, 656037",Барнаул,Барнаул,Алтайский край,Russia,53.3888279,83.764333,4.6,5,OPERATIONAL,establishment|food|point_of_interest,ChIJuwYXttqk3UIRH_gIs8IigRM,оптовая база продуктов питания,check
База на Омской,"ул. Омская, 12, Барнаул, Алтайский край, 656065",Барнаул,Барнаул,Алтайский край,Russia,53.353599,83.6943189,4.6,14,OPERATIONAL,establishment|food|point_of_interest|store,ChIJFz4LlI2k3UIRKY4285CWSx4,оптовый продовольственный рынок,yes
База На Ярных,"ул. Ярных, 34, Барнаул, Алтайский край, 656000",Барнаул,Барнаул,Алтайский край,Russia,53.3716549,83.75689899999999,4.1,14,OPERATIONAL,establishment|point_of_interest,ChIJfQXS9uyk3UIRWzzQV1Qm9C8,плодоовощная база оптовая,yes
ГлавРынок,"пр. Космонавтов, 59, Барнаул, Алтайский край, 656023",Барнаул,Барнаул,Алтайский край,Russia,53.3856097,83.69076849999999,4.3,134,OPERATIONAL,establishment|point_of_interest,ChIJtYZ80jmj3UIRCPOPm88SX74,оптовый продовольственный рынок,yes
Гоньбинская овощебаза,"пер. Халманова, 8А, Барнаул, Алтайский край, 656903",Барнаул,Барнаул,Алтайский край,Russia,53.41469919999999,83.5805189,,,OPERATIONAL,establishment|point_of_interest,ChIJtRaHGN-X3UIR1oOksjdbcvI,плодоовощная база оптовая,yes
Грибной край,"ул. Георгия Исакова, 270, Барнаул, Алтайский край, 656060",Барнаул,Барнаул,Алтайский край,Russia,53.3683409,83.6651904,,,OPERATIONAL,establishment|food|point_of_interest,ChIJS-XL4ryk3UIRfORUEiJujjA,плодоовощная база оптовая,check
"Диаф, рыбоперерабатывающее предприятие","Дальняя ул., 19, Барнаул, Алтайский край, 656922",Барнаул,Барнаул,Алтайский край,Russia,53.31435829999999,83.6312493,4.6,39,OPERATIONAL,establishment|food|point_of_interest,ChIJcbrI86mY3UIRI62a0okupZk,оптовая база продуктов питания,check
Докучаево,"ул. Попова, 70-г, Барнаул, Алтайский край, 656062",Барнаул,Барнаул,Алтайский край,Russia,53.3705139,83.67518609999999,4.1,1667,OPERATIONAL,establishment|point_of_interest,ChIJbeHBrx6j3UIRAmbIo7DG8_A,оптовый продовольственный рынок,check
"ЗАО ""Алейскзернопродукт"" им.С.Н.Старовойтова","пр. Южный, 2, Барнаул, Алтайский край, 656905",Барнаул,Барнаул,Алтайский край,Russia,53.318433,83.6489977,4.3,14,OPERATIONAL,establishment|food|point_of_interest,ChIJh3rA2hmi3UIREuu-hbh6f8s,оптовая база продуктов питания,check
Копейка,"ул. Шевченко, 160Б, Барнаул, Алтайский край, 656031",Барнаул,Барнаул,Алтайский край,Russia,53.3382036,83.7527279,3.6,12,OPERATIONAL,establishment|food|point_of_interest,ChIJyywCemyk3UIRDgB_VVoDWOI,плодоовощная база оптовая,check
Крытый рынок,"ул. Германа Титова, 6, Барнаул, Алтайский край, 656023",Барнаул,Барнаул,Алтайский край,Russia,53.3841324,83.73164369999999,4.1,1532,OPERATIONAL,establishment|point_of_interest,ChIJFz4LlI2k3UIReA8fQspGLfE,оптовый продовольственный рынок,yes
Любава,"пр. Космонавтов, 61А, Барнаул, Алтайский край, 656063",Барнаул,Барнаул,Алтайский край,Russia,53.385361,83.686731,5,18,OPERATIONAL,establishment|food|point_of_interest,ChIJ08qd0jmj3UIR2GzGaCXK4Kg,оптовая база продуктов питания,check
Океан,"пр. Ленина, 116, Барнаул, Алтайский край, 656011",Барнаул,Барнаул,Алтайский край,Russia,53.368327,83.755181,4.4,255,OPERATIONAL,establishment|food|grocery_or_supermarket|point_of_interest|store,ChIJPYotV-2k3UIRQYCu3Vn01-k,оптовый продовольственный рынок,check
"ООО ""МАТРЁШКА""","пр. Энергетиков, 36а, Барнаул, Алтайский край, 656065",Барнаул,Барнаул,Алтайский край,Russia,53.3381351,83.628613,5,1,OPERATIONAL,establishment|point_of_interest,ChIJrZ1pyHCi3UIR4CjI-4DYR4w,плодоовощная база оптовая,check
"ООО ""ФрутоГуд""","ул. Заринская, 6А, Барнаул, Алтайский край, 656064",Барнаул,Барнаул,Алтайский край,Russia,53.343514,83.719011,,,OPERATIONAL,establishment|food|point_of_interest|store,ChIJUbre9Y-j3UIRmGzpKZS5Dw4,плодоовощная база оптовая,check
Оптовая компания,"пр. Космонавтов, 67, Барнаул, Алтайский край, 656063",Барнаул,Барнаул,Алтайский край,Russia,53.386137,83.658413,5,1,OPERATIONAL,establishment|food|point_of_interest,ChIJSebfMByj3UIROfZIO36jTFw,оптовый продовольственный рынок,yes
Оптово-Розничный Рынок,"Кавалерийская ул., 1, Барнаул, Алтайский край, 656063",Барнаул,Барнаул,Алтайский край,Russia,53.38275429999999,83.6710507,,,OPERATIONAL,establishment|point_of_interest,ChIJ2ec_Vyaj3UIRIiplnNOh2iU,оптовый продовольственный рынок,yes
Оптово-розничный рынок Алтайского Края,"Оптово-розничный рынок Алтайского края, пр. Космонавтов, 59К, Барнаул, Алтайский край, 656023",Барнаул,Барнаул,Алтайский край,Russia,53.385662,83.6887395,4,2531,OPERATIONAL,establishment|point_of_interest,ChIJ_9lc5jmj3UIRBpsN9eV4n2g,оптовый продовольственный рынок,yes
Полезные продукты,"ул. Малахова, 2П, 1, Барнаул, Алтайский край, 656023",Барнаул,Барнаул,Алтайский край,Russia,53.3922059,83.7073513,5,2,OPERATIONAL,establishment|point_of_interest,ChIJ0cpJbESj3UIRuWC3lgirUuE,оптовая база продуктов питания,check
Продсервис,"ул. Советской Армии, 38, Барнаул, Алтайский край, 656016",Барнаул,Барнаул,Алтайский край,Russia,53.34511,83.73392299999999,5,4,OPERATIONAL,establishment|food|point_of_interest,ChIJTfPuiXek3UIRDUMFlwCPsis,оптовый продовольственный рынок,check
ПродСервис,"Улица Советской Армии, 38., Улица Челюскинцев, 115., Улица Челюскинцев, 84А., Улица Малахова 2и/1., Барнаул, Алтайский край, 656016",Барнаул,Барнаул,Алтайский край,Russia,53.39249299999999,83.712134,,,OPERATIONAL,establishment|point_of_interest,ChIJFz4LlI2k3UIRB6mATiDLzVg,плодоовощная база оптовая,check
ПродснабАлтай,"пр. Калинина, 116/6, Барнаул, Алтайский край, 656037",Барнаул,Барнаул,Алтайский край,Russia,53.389335,83.746546,5,1,OPERATIONAL,establishment|food|point_of_interest,ChIJecfYv0Sj3UIRGEqCjl7CO7w,плодоовощная база оптовая,check
Продуктовая база,"Павловский тракт, 81/3, Барнаул, Алтайский край, 656064",Барнаул,Барнаул,Алтайский край,Russia,53.3395928,83.7195113,5,2,OPERATIONAL,establishment|food|point_of_interest|store,ChIJNUbnBI6j3UIR0mltcgGYVvc,оптовый продовольственный рынок,yes
Продуктовая База,"ул. Ползунова, 47, Барнаул, Алтайский край, 656049",Барнаул,Барнаул,Алтайский край,Russia,53.326263,83.7827779,4.8,4,OPERATIONAL,establishment|food|grocery_or_supermarket|point_of_interest|storage|store,ChIJ0a872TGk3UIRDLIJEDtmiDo,оптовый продовольственный рынок,yes
"Продуктовая Компания, Оптовая База","Севастопольская ул., 13 б, Барнаул, Алтайский край, 656066",Барнаул,Барнаул,Алтайский край,Russia,53.3538472,83.6941013,5,1,OPERATIONAL,establishment|food|point_of_interest,ChIJFz4LlI2k3UIRzCMzOewMySM,плодоовощная база оптовая,yes
Продукты,"пр. Космонавтов, 59/1, Барнаул, Алтайский край, 656019",Барнаул,Барнаул,Алтайский край,Russia,53.385306,83.693062,4.4,153,OPERATIONAL,establishment|food|grocery_or_supermarket|point_of_interest|store,ChIJJdTwEzij3UIRHHUAePscYfk,оптовый продовольственный рынок,check
Рыбное место,"отдел 3, Рыбозаводской пр-д, 27, Барнаул, Алтайский край, 656016",Барнаул,Барнаул,Алтайский край,Russia,53.341564,83.72703969999999,4.1,11,OPERATIONAL,establishment|food|point_of_interest|store,ChIJFz4LlI2k3UIRFu5Dwf7SzhA,оптовый продовольственный рынок,check
Рынок Старый Базар,"Мало-Тобольская ул., 23, Барнаул, Алтайский край, 656043",Барнаул,Барнаул,Алтайский край,Russia,53.3295965,83.79489559999999,4.4,440,OPERATIONAL,cafe|establishment|food|grocery_or_supermarket|point_of_interest|restaurant|store,ChIJBcopjcOl3UIR5fnfyfXdR-k,оптовый продовольственный рынок,yes
Сельхозрынок,"ул. Северо-Западная, 6, Барнаул, Алтайский край, 656037",Барнаул,Барнаул,Алтайский край,Russia,53.3750525,83.75339009999999,4.2,964,OPERATIONAL,establishment|point_of_interest,ChIJFz4LlI2k3UIRMnML_yALdig,оптовый продовольственный рынок,yes
Сибирский продукт,"ул. Бехтерева, 2д, Барнаул, Алтайский край, 656011",Барнаул,Барнаул,Алтайский край,Russia,53.361786,83.755265,5,2,OPERATIONAL,establishment|food|point_of_interest,ChIJeW7iopKk3UIRV8tqCv3OVYg,оптовая база продуктов питания,check
Сибмир групп,"ул. Заринская, 1 к2, Барнаул, Алтайский край, 656064",Барнаул,Барнаул,Алтайский край,Russia,53.3424716,83.7149709,4.5,21,OPERATIONAL,establishment|point_of_interest,ChIJ0-XdXJCj3UIRrBgAr2BHV0A,плодоовощная база оптовая,check
Сибрегионопт,"ул. Челюскинцев, 117, Барнаул, Алтайский край, 656031",Барнаул,Барнаул,Алтайский край,Russia,53.335518,83.753232,4.9,14,OPERATIONAL,establishment|food|home_goods_store|point_of_interest|store,ChIJQ0bgymyk3UIR7cyXTDya6dk,оптовая база продуктов питания,yes
Старые друзья,"ул. Попова, 264, Барнаул, Алтайский край, 656922",Барнаул,Барнаул,Алтайский край,Russia,53.31910629999999,83.6116991,,,OPERATIONAL,establishment|food|point_of_interest,ChIJ865WIKaY3UIRMRyDX-dtZ08,плодоовощная база оптовая,check
Тропикана,"ул. Южные Мастерские, 12в, Барнаул, Алтайский край, 656031",Барнаул,Барнаул,Алтайский край,Russia,53.3362834,83.7430321,1,1,OPERATIONAL,establishment|point_of_interest,ChIJyb5zFnOk3UIR_b2WL_56iFY,плодоовощная база оптовая,check
Фруктовый мир,"Партизанская ул., 218, Барнаул, Алтайский край, 656008",Барнаул,Барнаул,Алтайский край,Russia,53.3288135,83.7575873,4.5,33,OPERATIONAL,establishment|point_of_interest,ChIJN1T8txak3UIRZ2CiUfvFrE4,оптовый продовольственный рынок,check
Фрукты овощи,"Отдел 9, Рыбозаводской пр-д, 27, Барнаул, Алтайский край, 656016",Барнаул,Барнаул,Алтайский край,Russia,53.3424004,83.7271667,5,2,OPERATIONAL,establishment|food|point_of_interest|store,ChIJqXKn4Yij3UIRHSp8XeYbpTA,оптовый продовольственный рынок,check
"Фрукты, Овощи","ул. Северо-Западная, 58, Барнаул, Алтайский край, 656037",Барнаул,Барнаул,Алтайский край,Russia,53.3711151,83.7432457,4.4,53,OPERATIONAL,establishment|food|grocery_or_supermarket|point_of_interest|store,ChIJFWSu8pCk3UIRTObyx1TpAzY,оптовый продовольственный рынок,check
Эко Ярмарка,"ул. Взлетная, 2К, Барнаул, Алтайский край, 656006",Барнаул,Барнаул,Алтайский край,Russia,53.3395404,83.68889659999999,4.4,1829,OPERATIONAL,establishment|food|grocery_or_supermarket|point_of_interest|store,ChIJu1VEN7Gj3UIR7k-sHThLWzg,оптовый продовольственный рынок,yes
"ЯНТАРНЫЙ, рынок","ул. Сухэ-Батора, 3-а, Барнаул, Алтайский край, 656066",Барнаул,Барнаул,Алтайский край,Russia,53.3502419,83.6962066,4.4,2327,OPERATIONAL,establishment|point_of_interest,ChIJf7E7N6Gj3UIRER-RJzpu0Ko,оптовый продовольственный рынок,yes
Агро молл,"3RW8+WW, Батайск, Ростовская обл., 346703",Батайск,Таганрог,Ростовская область,Russia,47.09730020000001,39.8173286,4.7,21,OPERATIONAL,establishment|food|point_of_interest,ChIJ5Q_AI12j40ARdDC0lYbIJ6s,плодоовощная база оптовая,yes
АО «ОРТК «Южный Хаб»,"ул Залесье, 17, Батайск, Ростовская обл., 346887",Батайск,Ростов-на-Дону,Ростовская область,Russia,47.0516464,39.7618091,3.3,15,OPERATIONAL,establishment|point_of_interest,ChIJw_VgpKCZ40ARbFgGCvYGleY,оптовый продовольственный рынок,check
"Рынок ""Орёл""","Самарское ш., 8, Батайск, Ростовская обл., 346886",Батайск,Орёл,Орловская область,Russia,47.068935,39.74682079999999,4,817,OPERATIONAL,car_repair|establishment|point_of_interest,ChIJM70C6DiZ40ARLf9awJp1r1w,оптовый продовольственный рынок,yes
Ярагроснаб,"Московское 9 км шоссе, 26, Бегоулево, Ярославская обл., 150521",Бегоулево,Ярославль,Ярославская область,Russia,57.55021929999999,39.8119917,,,OPERATIONAL,establishment|food|point_of_interest,ChIJSWBNHReVskYRK7c3-H-CQbY,оптовый продовольственный рынок,yes
Оптовый Продуктовый Магазин,"Unnamed Road, Чеченская Респ., Белгатой, Чеченская Респ., 366301",Белгатой,Грозный,Чеченская Республика,Russia,43.19874790000001,45.8334031,4.2,71,OPERATIONAL,establishment|point_of_interest|store,ChIJO3TxbHsrTkAR54_3nh0G9Us,оптовый продовольственный рынок,yes
«Топорков» — поставка продуктов,"5-й пер. Заводской, 11 50.619239, 36.567793, Белгород, Белгородская обл., 308023",Белгород,Белгород,Белгородская область,Russia,50.6192019,36.5677865,4.3,6,OPERATIONAL,establishment|food|point_of_interest,ChIJ3724BP5rJkERHe1R9eJQfWM,оптовая база продуктов питания,check
Агросфера,"ул. Пугачева, 5, Белгород, Белгородская обл., 308009",Белгород,Белгород,Белгородская область,Russia,50.5907832,36.5974314,5,1,OPERATIONAL,establishment|food|point_of_interest,ChIJ0R6NwVxqJkERcgmjkMn0hNE,оптовая база продуктов питания,yes
"АО ""Оптторг""","Коммунальная ул., 11, Белгород, Белгородская обл., 308013",Белгород,Белгород,Белгородская область,Russia,50.5737552,36.6484985,4,1,OPERATIONAL,establishment|food|point_of_interest,ChIJdVIy2YtpJkER-gj_H74plxQ,оптовая база продуктов питания,yes
"Барабуля, рыбная оптовка","Ботаническая ул., 17, Белгород, Белгородская обл., 308000",Белгород,Белгород,Белгородская область,Russia,50.5952369,36.5392691,4.3,37,OPERATIONAL,establishment|food|point_of_interest|store,ChIJvZiQKVxBJkERfOpq3dMsgkE,оптовая база продуктов питания,yes
Бел Овощебаза,"ул. Константина Заслонова, 193, Белгород, Белгородская обл., 308017",Белгород,Белгород,Белгородская область,Russia,50.5974486,36.679669,3.8,4,OPERATIONAL,establishment|food|point_of_interest,ChIJBffPDmJpJkEROVpALPT3qOU,плодоовощная база оптовая,yes
"Бюджет, сеть магазинов продуктов питания","Серафимовича ул., 59, Белгород, Белгородская обл., 308006",Белгород,Белгород,Белгородская область,Russia,50.587278,36.6200229,5,1,OPERATIONAL,establishment|food|grocery_or_supermarket|point_of_interest|store,ChIJL6Gm9u5rJkERWHIyjkIZnWg,оптовая база продуктов питания,check
"ГОРИН ПРОДУКТ, фирменный магазин, рынок ""Семейный""","ул. Губкина, 17, Белгород, Белгородская обл., 308036",Белгород,Белгород,Белгородская область,Russia,50.5661379,36.5733449,4.6,12,OPERATIONAL,establishment|food|point_of_interest|store,ChIJ-VzaKDVqJkER_HbgFQPFpLw,сельскохозяйственный рынок,yes
ДЕЛИКОС,"Коммунальная ул., 13, Белгород, Белгородская обл., 308013",Белгород,Белгород,Белгородская область,Russia,50.57438699999999,36.650798,4,4,OPERATIONAL,establishment|food|point_of_interest,ChIJ7bF3109qJkERzXIgb273nPg,оптовая база продуктов питания,check
Добрыня-продукт,"ул. Николая Чумичова, 124, Белгород, Белгородская обл., 308014",Белгород,Белгород,Белгородская область,Russia,50.615272,36.595278,3.9,11,OPERATIONAL,establishment|food|point_of_interest,ChIJD-455gJrJkER01CFTx3G41I,оптовая база продуктов питания,check
Дом Продукт,"ул. Константина Заслонова, 92, Белгород, Белгородская обл., 308017",Белгород,Белгород,Белгородская область,Russia,50.5949105,36.6780772,5,2,OPERATIONAL,establishment|food|point_of_interest,ChIJN5XdkLdpJkERZJsqwIYYWEc,оптовая база продуктов питания,check
ИП Ильяков И.А.,"ул. Сумская, 22, Белгород, Белгородская обл., 308015",Белгород,Белгород,Белгородская область,Russia,50.60472,36.560137,5,1,OPERATIONAL,establishment|food|point_of_interest,ChIJbyukyutqJkER-fq9LiAbNIo,оптовая база продуктов питания,check
КОНДИТЕРСНАБ,"ул. Курская, 8в, Белгород, Белгородская обл., 308002",Белгород,Белгород,Белгородская область,Russia,50.6126696,36.5713163,4,2,OPERATIONAL,establishment|point_of_interest,ChIJjVtC2OZqJkERkLdYD2dV6Ts,оптовая база продуктов питания,check
Конпрок,"ул. Пугачева, 5, Белгород, Белгородская обл., 308010",Белгород,Белгород,Белгородская область,Russia,50.589279,36.59678299999999,4.3,3,OPERATIONAL,establishment|food|point_of_interest,ChIJ7bF3109qJkERDdSrYVI7P_8,оптовая база продуктов питания,check
"МАГАЗИН ""ОРЕХОВ И СУХОФРУКТОВ"" ОПТ.","ул. Константина Заслонова, 82-Б, 1 этаж, Белгород, Белгородская обл., 308017",Белгород,Белгород,Белгородская область,Russia,50.5949398,36.6681771,4.6,105,OPERATIONAL,establishment|food|grocery_or_supermarket|point_of_interest|store,ChIJazbio9drJkERloXkpSJi-dE,оптовый продовольственный рынок,yes
Мирный,"ул. Чичерина, 1Д, Белгород, Белгородская обл., 308015",Белгород,Белгород,Белгородская область,Russia,50.6176681,36.53582,4.2,209,OPERATIONAL,establishment|point_of_interest,ChIJ6VHQt81qJkERURcH0MjrCH8,оптовый продовольственный рынок,check
"ООО ""БЕЛТОРГ"". Оптовка на Чапаева","пер. Чапаева, 79А, Белгород, Белгородская обл., 308015",Белгород,Белгород,Белгородская область,Russia,50.6084438,36.5441423,,,OPERATIONAL,establishment|point_of_interest,ChIJW40tDbBrJkERTuFepdqmxYg,оптовая база продуктов питания,yes
ООО Социальный мини рынок,"Спортивная ул., 2, Белгород, Белгородская обл., 308036",Белгород,Белгород,Белгородская область,Russia,50.5677179,36.5555628,,,OPERATIONAL,establishment|food|grocery_or_supermarket|point_of_interest|store,ChIJZ5Nrd5FBJkERXCQ9fRVoQmI,сельскохозяйственный рынок,yes
Продукты31,"Везельская ул., 81в, Белгород, Белгородская обл., 308015",Белгород,Белгород,Белгородская область,Russia,50.59678299999999,36.55431,4.4,40,OPERATIONAL,establishment|food|moving_company|point_of_interest|storage,ChIJt790GZRqJkER9XWsFITdKss,оптовая база продуктов питания,check
"Родной край Белгород, торговый дом","5-й пер. Заводской, 32-а, Белгород, Белгородская обл., 308023",Белгород,Белгород,Белгородская область,Russia,50.6127664,36.5707217,4.3,4,OPERATIONAL,establishment|point_of_interest,ChIJoVHkF-dqJkERinWbzwbSp8I,оптовая база продуктов питания,check
Рыбная Оптовка,"ул. Магистральная, 2в, Белгород, Белгородская обл., 308019",Белгород,Белгород,Белгородская область,Russia,50.5733659,36.5379162,3.8,20,OPERATIONAL,establishment|point_of_interest,ChIJt_Xf6jFAJkERRsEHh61ywMI,оптовый продовольственный рынок,yes
Рынок,"ул. Чичерина, 1а, Белгород, Белгородская обл., 308015",Белгород,Белгород,Белгородская область,Russia,50.6181747,36.5362281,4.1,543,OPERATIONAL,establishment|food|grocery_or_supermarket|point_of_interest|store,ChIJ-01nrc1qJkERfLrtDo4nsqA,оптовый продовольственный рынок,yes
Рынок Восход,"Богдана Хмельницкого просп., 132, Белгород, Белгородская обл., 308023",Белгород,Белгород,Белгородская область,Russia,50.62812599999999,36.5751788,4.4,481,OPERATIONAL,establishment|point_of_interest,ChIJZZB4yI1rJkER6cMJ7DY95pk,сельскохозяйственный рынок,yes
"Салют, Рынок","Ярмарка ""Салют"", ул. Железнодорожная, 79, Белгород, Белгородская обл., 308000",Белгород,Белгород,Белгородская область,Russia,50.5854934,36.5852991,4.2,1507,OPERATIONAL,establishment|point_of_interest,ChIJ7bF3109qJkERLmPYbVp6y_E,оптовый продовольственный рынок,yes
"Семейный, универсальный рынок","ул. Губкина, 17, Белгород, Белгородская обл., 308033",Белгород,Белгород,Белгородская область,Russia,50.5660736,36.5723528,4.3,3283,OPERATIONAL,establishment|point_of_interest,ChIJB6j3st5BJkERbFzAOCDPWQc,сельскохозяйственный рынок,yes
Синтез,"Корочанская ул., 132А, Белгород, Белгородская обл., 308006",Белгород,Белгород,Белгородская область,Russia,50.59044489999999,36.6263189,3,2,OPERATIONAL,establishment|food|point_of_interest,ChIJezn3djZqJkERo4bYfMU1V8I,оптовая база продуктов питания,check
"Славянский Привоз, Рынок","ул. Пугачева, 5, Белгород, Белгородская обл., 308000",Белгород,Белгород,Белгородская область,Russia,50.5902786,36.5960502,4.6,13,OPERATIONAL,establishment|point_of_interest,ChIJ7bF3109qJkERLEdZBnYltws,оптовый продовольственный рынок,yes
Спутник Урожай,"ул. Магистральная, 2-в, Белгород, Белгородская обл., 308019",Белгород,Белгород,Белгородская область,Russia,50.5729828,36.5390434,4.2,602,OPERATIONAL,establishment|food|grocery_or_supermarket|point_of_interest|shopping_mall|store,ChIJP0o-7DFAJkER9xHai2P77wA,сельскохозяйственный рынок,check
ТД Малахов,"5-й пер. Заводской, 30, Белгород, Белгородская обл., 308023",Белгород,Белгород,Белгородская область,Russia,50.61526800000001,36.569876,5,1,OPERATIONAL,establishment|point_of_interest,ChIJoVHkF-dqJkERukentl2E-8o,оптовая база продуктов питания,check
Центральная ярмарка,"Белгородский пр., 87, Белгород, Белгородская обл., 308009",Белгород,Белгород,Белгородская область,Russia,50.6021235,36.58844089999999,4.2,3065,OPERATIONAL,establishment|point_of_interest,ChIJ7bF3109qJkERn3t7I-dROCI,оптовый продовольственный рынок,yes
Центральный,"Белгородский пр., 87, Белгород, Белгородская обл., 308000",Белгород,Белгород,Белгородская область,Russia,50.6010149,36.589448,4.2,185,OPERATIONAL,establishment|point_of_interest|shopping_mall,ChIJNSUcj_dqJkER2Qi6it4TlA8,сельскохозяйственный рынок,check
Прод-лидер,"ул. Центральная, 2д/1, Бессоновка, Пензенская обл., 440034",Бессоновка,Пенза,Пензенская область,Russia,53.287868,45.0299941,4.2,13,OPERATIONAL,establishment|point_of_interest,ChIJx00t6fsAQUERYZ4_M86qU_s,плодоовощная база оптовая,check
Бэст Фрут,"ул. Мамонтова, 22, Бийск, Алтайский край, 659314",Бийск,Горно-Алтайск,Республика Алтай,Russia,52.5432954,85.1344925,4,2,OPERATIONAL,establishment|point_of_interest,ChIJ__-vs0aqxEIRf5CTedBMNFE,оптовая база продуктов питания,check
Гамма Вкуса (Оптовая Компания),"Иркутская ул., 1/18, Бийск, Алтайский край, 659333",Бийск,Горно-Алтайск,Республика Алтай,Russia,52.5373223,85.1882445,5,4,OPERATIONAL,establishment|food|grocery_or_supermarket|point_of_interest|store,ChIJ1Ufwi-urxEIRi6zqM2Bxhlw,оптовая база продуктов питания,yes
Центральный рынок.,"Сенная ул., 104, Бийск, Алтайский край, 659300",Бийск,Горно-Алтайск,Республика Алтай,Russia,52.547963,85.2192245,4.1,1358,OPERATIONAL,establishment|point_of_interest,ChIJ72JN93GsxEIRttFsXxBEO7c,оптовый продовольственный рынок,yes
"""Бакалея, База""","Новотроицкое ш., 1, Благовещенск, Амурская обл., 675028",Благовещенск,Благовещенск,Амурская область,Russia,50.2981475,127.5311077,3,1,OPERATIONAL,establishment|point_of_interest,ChIJP6p0Y8lAiV4RBhEANTwpJo0,оптовый продовольственный рынок,yes
Автомобильный рынок,"ул. Воронкова, 1, Благовещенск, Амурская обл., 675000",Благовещенск,Благовещенск,Амурская область,Russia,50.3059451,127.5271533,3.8,639,OPERATIONAL,car_dealer|establishment|point_of_interest|store,ChIJ8ZI2wclAiV4R2TxHLalnE0w,оптовый продовольственный рынок,yes
Амур-Хэ,"Текстильная ул., дом 116, Благовещенск, Амурская обл., 675028",Благовещенск,Благовещенск,Амурская область,Russia,50.2984996,127.5345769,,,OPERATIONAL,establishment|food|point_of_interest,ChIJL8jmUMVAiV4RwuR81BFGQJ4,плодоовощная база оптовая,check
Амурагроцентр,"Амурская ул., 17, Благовещенск, Амурская обл., 675000",Благовещенск,Благовещенск,Амурская область,Russia,50.2596706,127.5720277,4.3,29,OPERATIONAL,establishment|point_of_interest,ChIJLTx5L3tBiV4Rii3uFLc616o,оптовая база продуктов питания,yes
Амурская тара,"Текстильная улица, 49 2-ой км Новотроицкого шоссе, д. 2, Благовещенск, Амурская обл., 675014",Благовещенск,Благовещенск,Амурская область,Russia,50.3193869,127.5353543,4.7,80,OPERATIONAL,establishment|food|point_of_interest|store,ChIJfVKzgM9AiV4R1LkUZ0pKhao,оптовая база продуктов питания,check
Амурский залив,"Гражданская ул., 121, Благовещенск, Амурская обл., 675014",Благовещенск,Благовещенск,Амурская область,Russia,50.2930745,127.5374511,4.6,370,OPERATIONAL,establishment|food|point_of_interest|store,ChIJ9cSyBNlAiV4R8BggvVk5WHc,оптовый продовольственный рынок,check
Аутлет магазин низких цен,"ул. Лазо, 2, Благовещенск, Амурская обл., 675000",Благовещенск,Благовещенск,Амурская область,Russia,50.2497663,127.563093,4.2,620,OPERATIONAL,establishment|point_of_interest|store,ChIJMUvhQ85BiV4RNy7z4xFGldc,оптовый продовольственный рынок,check
"База ""Стик ""","Текстильная ул., 47, стр.4, Благовещенск, Амурская обл., 675014",Благовещенск,Благовещенск,Амурская область,Russia,50.29915,127.5355806,,,OPERATIONAL,establishment|point_of_interest,ChIJ5dpW-s9AiV4RbpT-MSsiaIM,оптовая база продуктов питания,yes
База Амурского Облпотребсоюза,"ул. Калинина, 141, Благовещенск, Амурская обл., 675000",Благовещенск,Благовещенск,Амурская область,Russia,50.2856386,127.5264936,4,3,OPERATIONAL,establishment|point_of_interest,ChIJl_jty-ZAiV4RD9aEQOW-iUs,оптовый продовольственный рынок,yes
База Дружба,"Текстильная ул., 116, Благовещенск, Амурская обл., 675028",Благовещенск,Благовещенск,Амурская область,Russia,50.2983493,127.5345954,4,82,OPERATIONAL,establishment|point_of_interest|shopping_mall,ChIJE0awnbVBiV4R79b1S4oy3LU,оптовый продовольственный рынок,yes
База Опс,"Тенистая ул., 105, Благовещенск, Амурская обл., 675000",Благовещенск,Благовещенск,Амурская область,Russia,50.28588209999999,127.5318648,,,OPERATIONAL,establishment|point_of_interest,ChIJ___u8OBAiV4Rd_6hNf1kz78,плодоовощная база оптовая,yes
База Опс,"Тенистая ул., 127, Благовещенск, Амурская обл., 675000",Благовещенск,Благовещенск,Амурская область,Russia,50.2862044,127.528083,,,OPERATIONAL,establishment|point_of_interest,ChIJAz6mK-FAiV4RxFPxFmnaqcU,плодоовощная база оптовая,yes
ВосТорг,"Текстильная ул., 49/10, Благовещенск, Амурская обл., 675014",Благовещенск,Благовещенск,Амурская область,Russia,50.299079,127.532573,,,OPERATIONAL,establishment|point_of_interest,ChIJ141B485AiV4RWvwcfLT8HSU,оптовая база продуктов питания,check
Галеев Д.М. ИП,"Кольцевая ул., 65, Благовещенск, Амурская обл., 675000",Благовещенск,Благовещенск,Амурская область,Russia,50.30609399999999,127.537003,4.5,2,OPERATIONAL,establishment|food|point_of_interest,ChIJD9naY0lBiV4RPCo99nVgfGo,оптовая база продуктов питания,check
ГРАСП,"Угловой пер., 14, Благовещенск, Амурская обл., 675000",Благовещенск,Благовещенск,Амурская область,Russia,50.2737016,127.4876445,,,OPERATIONAL,establishment|point_of_interest,ChIJzXmolFlAiV4RJ8uVc1jOmII,оптовая база продуктов питания,check
Дары Камчатки,"ул. Ленина, 76, Благовещенск, Амурская обл., 675002",Благовещенск,Благовещенск,Амурская область,Russia,50.2558403,127.5494842,3.9,15,OPERATIONAL,establishment|food|point_of_interest,ChIJYdVwKyBBiV4RviB-MV0oAIM,оптовая база продуктов питания,check
Дисконт,"ул. Ленина, 5, Благовещенск, Амурская обл., 675002",Благовещенск,Благовещенск,Амурская область,Russia,50.25433349999999,127.5728483,4.2,309,OPERATIONAL,establishment|food|grocery_or_supermarket|point_of_interest|store,ChIJZ9OggX5BiV4RVgykPTBBzR8,оптовый продовольственный рынок,check
ИП Контанистов Александр Сергеевич,"ул. Калинина, 141, склад 5, Благовещенск, Амурская обл., 675028",Благовещенск,Благовещенск,Амурская область,Russia,50.285642,127.5264673,,,OPERATIONAL,establishment|point_of_interest,ChIJJeoyOL5AiV4RX65VZRlUExk,оптовый продовольственный рынок,check
"Колосок, Рынок","Пионерская ул., 32/3, Благовещенск, Амурская обл., 675004",Благовещенск,Благовещенск,Амурская область,Russia,50.2633713,127.5315251,5,1,OPERATIONAL,establishment|point_of_interest,ChIJvz-Kd6dBiV4Rpe8EV2XsGys,оптовый продовольственный рынок,yes
Кристалл-АМУР,"Заводская ул., 157/159, Благовещенск, Амурская обл., 675028",Благовещенск,Благовещенск,Амурская область,Russia,50.28550329999999,127.5197982,3.5,4,OPERATIONAL,establishment|point_of_interest,ChIJJ_OWSTxBiV4RrHFg80r8szk,оптовый продовольственный рынок,check
Малинка,"ул. Островского, 253/2, Благовещенск, Амурская обл., 675000",Благовещенск,Благовещенск,Амурская область,Russia,50.301372,127.5501803,3.7,15,OPERATIONAL,establishment|food|grocery_or_supermarket|home_goods_store|point_of_interest|store,ChIJuQhdhdNAiV4RY0OxvSuXFBY,оптовый продовольственный рынок,check
Мука Макароны Крупы,"ул. Калинина, 141, склад 12, Благовещенск, Амурская обл., 675000",Благовещенск,Благовещенск,Амурская область,Russia,50.2858359,127.526553,,,OPERATIONAL,establishment|point_of_interest|storage,ChIJl_jty-ZAiV4RPhixvYEuVr0,оптовая база продуктов питания,check
Овощи фрукты,"ул. Ленина, 29/37, Благовещенск, Амурская обл., 675000",Благовещенск,Благовещенск,Амурская область,Russia,50.2558825,127.5655099,5,2,OPERATIONAL,establishment|food|grocery_or_supermarket|point_of_interest|store,ChIJ2_epdHlBiV4RNy_t-4S3a-g,плодоовощная база оптовая,check
ООО Русский транзит,"Нагорная ул., 24/4, Благовещенск, Амурская обл., 675000",Благовещенск,Благовещенск,Амурская область,Russia,50.2846053,127.4788129,,,OPERATIONAL,establishment|point_of_interest,ChIJ54hOgEtBiV4ROVpxRS_e_Nc,плодоовощная база оптовая,check
подъем,"Тенистая ул., 127, Благовещенск, Амурская обл., 675028",Благовещенск,Благовещенск,Амурская область,Russia,50.286321,127.5282314,,,OPERATIONAL,establishment|point_of_interest,ChIJz55iKuFAiV4Re8IMOaerKtU,плодоовощная база оптовая,check
РЫНОК,"микрорайон берёзка, Благовещенск, Амурская обл., 675001",Благовещенск,Благовещенск,Амурская область,Russia,50.2702331,127.5331115,4,1456,OPERATIONAL,establishment|point_of_interest,ChIJR1sF67tBiV4RDLt68rcYV7Y,оптовый продовольственный рынок,yes
Сельскохозяйственный Рынок,"Театральная ул., 155, Благовещенск, Амурская обл., 675005",Благовещенск,Благовещенск,Амурская область,Russia,50.2807942,127.5550239,4.2,762,OPERATIONAL,establishment|point_of_interest,ChIJ-2k2Z9VAiV4RzAYJiRPDOSY,оптовый продовольственный рынок,yes
Серышевский,"ул. Мухина, 150, Благовещенск, Амурская обл., 675000",Благовещенск,Благовещенск,Амурская область,Russia,50.282671,127.513145,4.2,9,OPERATIONAL,establishment|food|point_of_interest,ChIJ4w-mtvpAiV4RKyVHBMEvPwg,оптовая база продуктов питания,check
Серышевский,"ул. Ленина, 39, Благовещенск, Амурская обл., 675002",Благовещенск,Благовещенск,Амурская область,Russia,50.2549411,127.5645041,5,1,OPERATIONAL,establishment|food|grocery_or_supermarket|point_of_interest|store,ChIJMX6aAXlBiV4R47miZA1XBPY,оптовая база продуктов питания,check
Стик,"ул. Калинина, 141, склад №4, Благовещенск, Амурская обл., 675000",Благовещенск,Благовещенск,Амурская область,Russia,50.2858359,127.526553,4,1,OPERATIONAL,establishment|food|grocery_or_supermarket|point_of_interest|storage|store,ChIJl_jty-ZAiV4RUaPqyD-mv0w,оптовая база продуктов питания,check
"ТАНДЕМ, административно-торговый центр","Тенистая ул., 127, Благовещенск, Амурская обл., 675000",Благовещенск,Благовещенск,Амурская область,Russia,50.2846499,127.5433226,4.1,25,OPERATIONAL,establishment|point_of_interest|shopping_mall,ChIJf_JCxSFBiV4RBy-WH7bvkCw,плодоовощная база оптовая,check
"Торговый Дом ""Центральный""","Пионерская ул., 78, Благовещенск, Амурская обл., 675001",Благовещенск,Благовещенск,Амурская область,Russia,50.269855,127.533,4.1,58,OPERATIONAL,establishment|point_of_interest,ChIJX2Uf3gVBiV4Rh_WWBRDP8n8,оптовый продовольственный рынок,check
Торговый центр XL,"ул. Шевченко, 85, Благовещенск, Амурская обл., 675214",Благовещенск,Благовещенск,Амурская область,Russia,50.2707639,127.5308986,4.1,2898,OPERATIONAL,establishment|point_of_interest|shopping_mall,ChIJn1apLgRBiV4Ri8jGX0wwcvw,оптовый продовольственный рынок,check
Три Кита,"Пионерская ул., 72, Благовещенск, Амурская обл., 675001",Благовещенск,Благовещенск,Амурская область,Russia,50.27030999999999,127.5323799,4,4335,OPERATIONAL,establishment|point_of_interest|shopping_mall,ChIJf0K33QVBiV4RFZ6yY7aSqrE,оптовый продовольственный рынок,check
"Центральный, Торговый Центр","ул. Красноармейская, 145, Благовещенск, Амурская обл., 675000",Благовещенск,Благовещенск,Амурская область,Russia,50.2695677,127.5313206,3.9,80,OPERATIONAL,establishment|point_of_interest|shopping_mall,ChIJiwOuKwdBiV4RcaXWPThycbI,оптовый продовольственный рынок,check
Янта,"Новотроицкое ш., Благовещенск, Амурская обл., 675000",Благовещенск,Благовещенск,Амурская область,Russia,50.2920075,127.5331765,,,OPERATIONAL,establishment|food|grocery_or_supermarket|point_of_interest|store,ChIJme0HQtxAiV4RGNTwlw2pOvs,оптовый продовольственный рынок,check
Mercury,"Боровлево, Тверская обл., 170540",Боровлево,Тверь,Тверская область,Russia,56.7913671,35.9238713,4.3,72,OPERATIONAL,establishment|point_of_interest,ChIJZfxaXh1-tkYRK1r5VKDoqLg,оптовый продовольственный рынок,check
"OOO ""Селтинг""","ул. Тухачевского, 3, Брянск, Брянская обл., 241020",Брянск,Брянск,Брянская область,Russia,53.2155365,34.4272475,2.8,9,OPERATIONAL,establishment|food|point_of_interest,ChIJ0W7GJi5fLUERfhMDKgRQPlc,оптовая база продуктов питания,check
Алькор,"ул. Сталелитейная, дом 1, Брянск, Брянская обл., 241035",Брянск,Брянск,Брянская область,Russia,53.3252396,34.2623931,1,1,OPERATIONAL,establishment|food|point_of_interest,ChIJ9VEMUcGpMkERa14f6fix75w,оптовый продовольственный рынок,check
База ОПС,"Московский пр., 7, Брянск, Брянская обл., 241020",Брянск,Брянск,Брянская область,Russia,53.218432,34.4183228,4,1,OPERATIONAL,establishment|point_of_interest,ChIJFb0eXC1fLUERUhQ_-bsACqg,оптовый продовольственный рынок,yes
Бежицкие ряды,"ПО ""Бежицкие ряды"", ТК ""Бежицкие ряды"", ул. Ульянова, 51, ул. Ульянова, 51, Брянск, Брянская обл., 241035",Брянск,Брянск,Брянская область,Russia,53.312929,34.302709,4.7,21,OPERATIONAL,establishment|point_of_interest|shopping_mall,ChIJDcIJ6zmoMkERcAr1AMMkV_E,оптовый продовольственный рынок,check
Бежицкий Рынок,"ул. Союзная, 10, Брянск, Брянская обл., 241035",Брянск,Брянск,Брянская область,Russia,53.3127314,34.305868,4,2009,OPERATIONAL,establishment|point_of_interest,ChIJ3Rw_nzmoMkERZZL-ldJi6ZI,сельскохозяйственный рынок,yes
Брянские копчености,"ул. Урицкого, 126, Брянск, Брянская обл., 241028",Брянск,Брянск,Брянская область,Russia,53.22409,34.3517141,4.8,40,OPERATIONAL,establishment|food|point_of_interest|store,ChIJARVTDANZLUERVF_zJkHKzd8,сельскохозяйственный рынок,check
Брянский Гормолзавод ОАО,"ул. 2-я Почепская, 35А, Брянск, Брянская обл., 241019",Брянск,Брянск,Брянская область,Russia,53.246209,34.3300569,4.2,32,OPERATIONAL,establishment|food|point_of_interest,ChIJx4nGy0hYLUERRFLwM5yXdaI,оптовая база продуктов питания,check
Брянский мясокомбинат,"Московский пр., 103, Брянск, Брянская обл., 241004",Брянск,Брянск,Брянская область,Russia,53.210175,34.463403,4.5,52,OPERATIONAL,establishment|food|point_of_interest|store,ChIJ69gBKD1fLUERHNQL3Ik_iSU,оптовый продовольственный рынок,check
Брянскрегионопт,"Московский пр., 7с1, Брянск, Брянская обл., 241020",Брянск,Брянск,Брянская область,Russia,53.2182989,34.417314,4.7,3,OPERATIONAL,establishment|food|grocery_or_supermarket|hardware_store|liquor_store|point_of_interest|store,ChIJlZ4BK9dYLUERO0cs3_tujqE,оптовый продовольственный рынок,yes
"БТК ""Литейная 88"" ИП Голофаева С.Н.","ул. Литейная, 88, Брянск, Брянская обл., 241035",Брянск,Брянск,Брянская область,Russia,53.349449,34.292964,4.2,115,OPERATIONAL,establishment|food|point_of_interest,ChIJ6_ZmxgupMkER0eTSTvc5mmY,оптовый продовольственный рынок,check
"Варяг, оптовый склад","ул. Вокзальная, 71, 73, 75, 120, Брянск, Брянская обл., 241014",Брянск,Брянск,Брянская область,Russia,53.3195096,34.2906458,4.3,3,OPERATIONAL,establishment|food|point_of_interest|store,ChIJdV61DjWoMkER1lLuqlbsUI4,оптовый продовольственный рынок,yes
Вещевой Рынок,"ул. Ульянова, 122, Брянск, Брянская обл., 241013",Брянск,Брянск,Брянская область,Russia,53.3139546,34.2855688,,,OPERATIONAL,establishment|point_of_interest,ChIJVVWlUzKoMkER9SLRkQzLRy8,сельскохозяйственный рынок,yes
Володарский Рынок,"корп. 5, ул. Димитрова, 21, Брянск, Брянская обл., 241022",Брянск,Брянск,Брянская область,Russia,53.2642038,34.4082723,4.1,833,OPERATIONAL,establishment|food|grocery_or_supermarket|point_of_interest|store,ChIJh2qvhXynMkERYVznGUMF6Mw,оптовый продовольственный рынок,yes
Даак-Трейд,"Брянскснабсервис-ОПР, Московский пр., 10А, Офис 205, Брянск, Брянская обл., 241020",Брянск,Брянск,Брянская область,Russia,53.21991800000001,34.4264765,,,OPERATIONAL,establishment|point_of_interest,ChIJn1EjuDNfLUER4ZBk-CBhYCM,оптовая база продуктов питания,check
Джага Джага,"ул. Белорусская, 38, Брянск, Брянская обл., 241029",Брянск,Брянск,Брянская область,Russia,53.2132241,34.4079156,,,OPERATIONAL,establishment|food|grocery_or_supermarket|point_of_interest|store,ChIJ2aNlislZLUERSbTXsANVqa8,сельскохозяйственный рынок,check
Евро foods,"Новозыбковский пер., 3, Брянск, Брянская обл., 241004",Брянск,Брянск,Брянская область,Russia,53.20899,34.4385369,,,OPERATIONAL,establishment|point_of_interest,ChIJ_0widiNfLUERzy_HHcnsZCQ,оптовая база продуктов питания,check
Кромской,"ул. Кромская, 101, Брянск, Брянская обл., 241013",Брянск,Брянск,Брянская область,Russia,53.3200306,34.276979,4.2,192,OPERATIONAL,establishment|point_of_interest|shopping_mall,ChIJdUpaB8ypMkERuPFJ-pkuoCQ,сельскохозяйственный рынок,check
Мед так Мед,"ул. Кромская, 50 №3А, Брянск, Брянская обл., 241014",Брянск,Брянск,Брянская область,Russia,53.320566,34.2809138,,,OPERATIONAL,establishment|point_of_interest,ChIJye3xvMupMkERZ540ARkJ9yA,оптовая база продуктов питания,check
На Щукина,"ул. Щукина, 63, Брянск, Брянская обл., 241019",Брянск,Брянск,Брянская область,Russia,53.2414121,34.3210731,4.4,116,OPERATIONAL,establishment|point_of_interest|shopping_mall,ChIJHeVyoktYLUERwx7HVhvwWW4,оптовый продовольственный рынок,check
Овощебаза,"ул. Щукина, 58, Брянск, Брянская обл., 241019",Брянск,Брянск,Брянская область,Russia,53.2414523,34.32454060000001,4.5,2,OPERATIONAL,establishment|point_of_interest|store,ChIJf8VicUxYLUERkrU8nbVai04,оптовый продовольственный рынок,yes
Овощи,"Центральный рынок, ул. Емлютина, 37, Мир продуктов, 3 ряд, отдел 3.2, Брянск, Брянская обл., 241050",Брянск,Брянск,Брянская область,Russia,53.24015300000001,34.351914,5,3,OPERATIONAL,establishment|food|point_of_interest|store,ChIJx0XciFdYLUERyzRzMKZ52ao,сельскохозяйственный рынок,check
Океан,"Объездная ул., 1, Брянск, Брянская обл., 241023",Брянск,Брянск,Брянская область,Russia,53.2710663,34.319767,3.7,15,OPERATIONAL,establishment|food|point_of_interest,ChIJ6_lUdBxYLUERmCE1-u-t6P8,оптовый продовольственный рынок,check
Океан Продукт,"пр. Станке Димитрова, 108, Брянск, Брянская обл., 241520",Брянск,Брянск,Брянская область,Russia,53.2215291,34.3183383,4.3,44,OPERATIONAL,establishment|food|point_of_interest|restaurant|store,ChIJnedQHKRZLUERn3GTBTIv6UI,оптовый продовольственный рынок,check
"ООО ""Ледяной Мир""","ул. Болохоновская 22б, Брянск, Брянская обл., 241520",Брянск,Брянск,Брянская область,Russia,53.303864,34.348733,3,1,OPERATIONAL,establishment|point_of_interest,ChIJ6b5h23SoMkERk1JKOUrUweU,оптовая база продуктов питания,check
"ООО ""СЕРВИСБАЗА""","ул. Кромская, 50, Брянск, Брянская обл., 241013",Брянск,Брянск,Брянская область,Russia,53.3205584,34.280904,4.3,181,OPERATIONAL,establishment|point_of_interest,ChIJz6BFvMupMkERu8-6GOo5Rmw,оптовый продовольственный рынок,yes
Продукты оптом,"ул. Чернышевского, 23, Брянск, Брянская обл., 241047",Брянск,Брянск,Брянская область,Russia,53.25588699999999,34.447077,,,OPERATIONAL,establishment|point_of_interest,ChIJedOGd1CnMkERJcyzXg2Vd5M,оптовый продовольственный рынок,yes
Продукты питания,"ул. Литейная, 15, Брянск, Брянская обл., 241013",Брянск,Брянск,Брянская область,Russia,53.31488760000001,34.2748349,,,OPERATIONAL,establishment|point_of_interest,ChIJT3rwec2pMkERIGQw0TtQCaA,оптовая база продуктов питания,check
Пушкинский,"ТЦ ""Пушкинский"", ул. Пушкина, 73, Брянск, Брянская обл., 241022",Брянск,Брянск,Брянская область,Russia,53.27481849999999,34.3999534,4,560,OPERATIONAL,establishment|point_of_interest|shopping_mall,ChIJQQtqJ52nMkERdlG-d0Ab53s,сельскохозяйственный рынок,check
Рыбная бухта,"ул. Чернышевского, 20, Брянск, Брянская обл., 241047",Брянск,Брянск,Брянская область,Russia,53.2524301,34.4414873,4.6,131,OPERATIONAL,establishment|food|point_of_interest,ChIJAQBw4FmnMkERqMNEV2i3kls,оптовый продовольственный рынок,check
Садко,"Московский пр., 18А, Брянск, Брянская обл., 241029",Брянск,Брянск,Брянская область,Russia,53.21791589999999,34.3957726,4.2,324,OPERATIONAL,establishment|point_of_interest|shopping_mall,ChIJL--hEtdYLUERZnR9-YZO5tI,оптовый продовольственный рынок,check
Санта Бремор,"ул. Вокзальная, 122, Брянск, Брянская обл., 241014",Брянск,Брянск,Брянская область,Russia,53.325424,34.2711819,5,3,OPERATIONAL,establishment|food|point_of_interest,ChIJGSJGgsmpMkEROas_ZtPO2U0,оптовая база продуктов питания,check
Селтинг,"БЦ, пер. Осоавиахима, 3Г, 2 этаж, офис 201, Брянск, Брянская обл., 241019",Брянск,Брянск,Брянская область,Russia,53.244117,34.3459997,,,OPERATIONAL,establishment|point_of_interest,ChIJr2IAgVBYLUERBgMGdUOmmkU,оптовая база продуктов питания,check
"Торговый центр ""Речной""","ул. Комарова, 63, Брянск, Брянская обл., 241022",Брянск,Брянск,Брянская область,Russia,53.2586829,34.3929854,4,249,OPERATIONAL,establishment|point_of_interest|shopping_mall,ChIJs1_iW4FYLUERf8i0tuOl-IQ,сельскохозяйственный рынок,check
Торговый центр Семена АгроНика,"ул. Брянского Фронта, 2, Брянск, Брянская обл., 241037",Брянск,Брянск,Брянская область,Russia,53.257633,34.325547,4.5,11,OPERATIONAL,establishment|point_of_interest|store,ChIJ6yarPNBZLUERNnY_1qW1Haw,сельскохозяйственный рынок,yes
"Фирменный мясной магазин ""Охотно""","ул. Дзержинского, 3, Брянск, Брянская обл., 241020",Брянск,Брянск,Брянская область,Russia,53.2124403,34.4202746,4.2,14,OPERATIONAL,establishment|food|grocery_or_supermarket|point_of_interest|store,ChIJJX4asC5fLUERPXhoFwbZDg0,оптовый продовольственный рынок,check
Фокинский Рынок,"Московский пр., 37, Брянск, Брянская обл., 241029",Брянск,Брянск,Брянская область,Russia,53.2166771,34.4101396,4.3,1061,OPERATIONAL,establishment|point_of_interest,ChIJ1XAsBNRYLUERbtb7292VvOY,сельскохозяйственный рынок,yes
Фрегат,"А, ул. Красноармейская, 105, Брянск, Брянская обл., 241037",Брянск,Брянск,Брянская область,Russia,53.2529907,34.3258819,4.6,19,OPERATIONAL,establishment|food|point_of_interest|store,ChIJbZhjz1BYLUERm9k6MqM1C7s,оптовый продовольственный рынок,check
Фрукты Овощи Сухофрукты,"Московский пр., 3с1, Брянск, Брянская обл., 241020",Брянск,Брянск,Брянская область,Russia,53.2170585,34.4178994,5,1,OPERATIONAL,establishment|food|point_of_interest|storage|store,ChIJTw1qES1fLUERP2LMh1HRokg,оптовый продовольственный рынок,check
Честный продукт,"ул. Щукина, 52а, 2 этаж, Брянск, Брянская обл., 241019",Брянск,Брянск,Брянская область,Russia,53.2406868,34.3269564,,,OPERATIONAL,establishment|point_of_interest,ChIJvdcnRExYLUER2Fl0_NSW5dU,оптовая база продуктов питания,check
"АЛКОН, ликероводочный завод","ул. Германа, 2, Великий Новгород, Новгородская обл., 173003",Великий Новгород,Великий Новгород,Новгородская область,Russia,58.52693679999999,31.2598317,4.7,122,OPERATIONAL,establishment|liquor_store|point_of_interest|store,ChIJVVVVVUXqvkYRYZquiGEYW3g,оптовая база продуктов питания,check
АЛЬФА-ОПТ,"наб. Александра Невского, 22/2, офис 3, Великий Новгород, Новгородская обл., 173000",Великий Новгород,Великий Новгород,Новгородская область,Russia,58.5217564,31.284138,,,OPERATIONAL,establishment|food|point_of_interest,ChIJ42qjD2_rvkYRREHxUQGJ3eM,оптовая база продуктов питания,yes
Великоновгородский мясной двор,"Сырковское ш., 25, Великий Новгород, Новгородская обл., 173000",Великий Новгород,Великий Новгород,Новгородская область,Russia,58.552086,31.243695,3.7,224,OPERATIONAL,establishment|food|point_of_interest|store,ChIJVVVVVUXqvkYRw0ZpJOhRZ2U,оптовый продовольственный рынок,check
Верный,"Технический пр-д, 2, Великий Новгород, Новгородская обл., 173016",Великий Новгород,Великий Новгород,Новгородская область,Russia,58.542217,31.250975,4.1,74,OPERATIONAL,establishment|food|grocery_or_supermarket|point_of_interest|store,ChIJ8Zhzj7rrvkYRoTENIW61Jvs,сельскохозяйственный рынок,check
Восточный,"ул. Большая Московская, 112а, Великий Новгород, Новгородская обл., 173020",Великий Новгород,Великий Новгород,Новгородская область,Russia,58.5419889,31.3044066,4,1044,OPERATIONAL,establishment|point_of_interest|shopping_mall,ChIJ7SrsEVjqvkYR3Jd5g79-Ez4,оптовый продовольственный рынок,check
Дешевые продукты,"Торговая база, Большая Санкт-Петербургская ул., 104, Великий Новгород, Новгородская обл., 173000",Великий Новгород,Великий Новгород,Новгородская область,Russia,58.55699919999999,31.2761993,5,3,OPERATIONAL,establishment|food|grocery_or_supermarket|point_of_interest|store,ChIJI4On4AXrvkYR-kpwFNLyGDU,оптовая база продуктов питания,check
Западный,"пр. Мира, 21, Великий Новгород, Новгородская обл., 173025",Великий Новгород,Великий Новгород,Новгородская область,Russia,58.53094100000001,31.23513029999999,3.9,382,OPERATIONAL,establishment|point_of_interest,ChIJs7QulsPrvkYRYuPoZLYimRo,оптовый продовольственный рынок,check
Комбикорм,"ул. Шимская, 45, Великий Новгород, Новгородская обл., 173015",Великий Новгород,Великий Новгород,Новгородская область,Russia,58.5173212,31.2516555,4.3,15,OPERATIONAL,establishment|food|point_of_interest|store,ChIJo2JSvS3qvkYRSCdJPOlpncs,сельскохозяйственный рынок,check
Кочетовский рынок,"ул. Кочетова, 15, Великий Новгород, Новгородская обл., 173024",Великий Новгород,Великий Новгород,Новгородская область,Russia,58.5409964,31.2240303,3.8,1280,OPERATIONAL,establishment|point_of_interest|store,ChIJpbxCaZXrvkYRuRhgj5f7qIo,оптовый продовольственный рынок,yes
Лактис,"пр. Александра Корсунова, 12Б, Великий Новгород, Новгородская обл., 173016",Великий Новгород,Великий Новгород,Новгородская область,Russia,58.54599599999999,31.246037,4.6,45,OPERATIONAL,establishment|food|point_of_interest,ChIJVVVVVUXqvkYRa3GhL3n3xLo,оптовая база продуктов питания,check
Магазин «Мёд.Пчеловодство»,"пр. Мира, 36, Великий Новгород, Новгородская обл., 173025",Великий Новгород,Великий Новгород,Новгородская область,Russia,58.5291807,31.2304952,4.5,58,OPERATIONAL,establishment|food|grocery_or_supermarket|point_of_interest|store,ChIJu7ZGt8XrvkYRqAsW18rpMAE,сельскохозяйственный рынок,check
НЕмагазин — фрукты и икра,"морской контейнер НЕмагазин, пр. Мира, 21, корпус 1, Великий Новгород, Новгородская обл., 173025",Великий Новгород,Великий Новгород,Новгородская область,Russia,58.53066459999999,31.2343621,4.6,9,OPERATIONAL,establishment|food|grocery_or_supermarket|point_of_interest|store,ChIJC8HWtUfrvkYRtrvl3OUHakw,сельскохозяйственный рынок,check
"Нехинская, 59","Нехинская, 59 а, Великий Новгород, Новгородская обл., 173009",Великий Новгород,Великий Новгород,Новгородская область,Russia,58.5244884,31.222887,4.4,116,OPERATIONAL,establishment|food|grocery_or_supermarket|point_of_interest|store,ChIJJ0wB49rrvkYRa-2ArZRU1-E,сельскохозяйственный рынок,check
Нехинский,"ул. Нехинская, 24 корпус 1, Великий Новгород, Новгородская обл., 173021",Великий Новгород,Великий Новгород,Новгородская область,Russia,58.5267917,31.2259112,4.1,278,OPERATIONAL,establishment|point_of_interest|shopping_mall,ChIJmXSFHazrvkYRxxoJECBacus,сельскохозяйственный рынок,check
Новгородский пищекомбинат,"Хутынский пр., 7-А, Великий Новгород, Новгородская обл., 173020",Великий Новгород,Великий Новгород,Новгородская область,Russia,58.537046,31.314262,2,1,OPERATIONAL,establishment|point_of_interest,ChIJmXSFHazrvkYRJcYu-SZ36fw,оптовая база продуктов питания,check
Новгородское Пчеловодство,"ул. Большая Московская, 19, Великий Новгород, Новгородская обл., 173004",Великий Новгород,Великий Новгород,Новгородская область,Russia,58.52492549999999,31.2911435,5,12,OPERATIONAL,establishment|food|grocery_or_supermarket|point_of_interest|store,ChIJmXSFHazrvkYR-x2xX8q73lI,сельскохозяйственный рынок,check
Новгородсоль,"13, пр. Александра Корсунова, 2-13, Великий Новгород, Новгородская обл., 173016",Великий Новгород,Великий Новгород,Новгородская область,Russia,58.5468,31.251479,3.8,10,OPERATIONAL,establishment|food|point_of_interest,ChIJu-VeiqTrvkYRYfjy-Q6xwlM,оптовый продовольственный рынок,check
Овощи фрукты,"Большая Санкт-Петербургская ул., 104, Великий Новгород, Новгородская обл., 173000",Великий Новгород,Великий Новгород,Новгородская область,Russia,58.557321,31.276785,3.5,2,OPERATIONAL,establishment|food|point_of_interest|store,ChIJFZ0d3QXrvkYRz7CjYhiypKw,оптовый продовольственный рынок,check
Овощная База,"Сырковское ш., 32а, Великий Новгород, Новгородская обл., 173008",Великий Новгород,Великий Новгород,Новгородская область,Russia,58.5669894,31.2442049,,,OPERATIONAL,establishment|point_of_interest,ChIJDzKJInHrvkYRYA2gTBOw7ss,плодоовощная база оптовая,yes
"ООО ""Новгородпродукт""","ул. Северная, 17, Великий Новгород, Новгородская обл., 173008",Великий Новгород,Великий Новгород,Новгородская область,Russia,58.57112499999999,31.2508354,4.3,6,OPERATIONAL,establishment|point_of_interest,ChIJ2RhrrcPrvkYRDQH68fEA0e0,оптовый продовольственный рынок,check
Оптовая База,"ул. Нехинская, 46, Великий Новгород, Новгородская обл., 173000",Великий Новгород,Великий Новгород,Новгородская область,Russia,58.52469889999999,31.2355179,,,OPERATIONAL,establishment|point_of_interest,ChIJx5dBNs7rvkYRgo0Y6sNOXnQ,оптовый продовольственный рынок,yes
Оптово-розничная База,"ул. Сенная, 7, Великий Новгород, Новгородская обл., 173008",Великий Новгород,Великий Новгород,Новгородская область,Russia,58.5600237,31.2707875,5,1,OPERATIONAL,establishment|point_of_interest,ChIJmXSFHazrvkYR9ByuTC1-sTQ,оптовый продовольственный рынок,yes
Осень,"Великий Новгород, Новгородская обл., 173016",Великий Новгород,Великий Новгород,Новгородская область,Russia,58.5336609,31.2526197,4.5,81,OPERATIONAL,establishment|food|grocery_or_supermarket|point_of_interest|store,ChIJuZeTcLbrvkYRu3-7qg8v2Sw,сельскохозяйственный рынок,check
Продовольственная База,"ул. Нехинская, 55, Великий Новгород, Новгородская обл., 173021",Великий Новгород,Великий Новгород,Новгородская область,Russia,58.522754,31.2342773,,,OPERATIONAL,establishment|point_of_interest,ChIJmXSFHazrvkYRiWfPzEBKlS8,плодоовощная база оптовая,yes
Продхолод-ВН,"ул. Рабочая, 7, Великий Новгород, Новгородская обл., 173008",Великий Новгород,Великий Новгород,Новгородская область,Russia,58.55705,31.260927,4.9,14,OPERATIONAL,establishment|food|point_of_interest|store,ChIJ00XJhwnrvkYR6u039bGxKKs,оптовый продовольственный рынок,check
Рыба Оптом и в Розницу,"ул. Рабочая, 36к1, Великий Новгород, Новгородская обл., 173008",Великий Новгород,Великий Новгород,Новгородская область,Russia,58.569926,31.27555499999999,4.3,185,OPERATIONAL,establishment|food|point_of_interest|store,ChIJP40zcxTrvkYR3DTMheeWqTk,оптовый продовольственный рынок,yes
Рыбный Рынок,"ул. Попова, 3, Великий Новгород, Новгородская обл., 173021",Великий Новгород,Великий Новгород,Новгородская область,Russia,58.529642,31.236961,4.4,9,OPERATIONAL,establishment|food|grocery_or_supermarket|point_of_interest|store,ChIJGy_YrcjrvkYRlpbO7MxHyT4,сельскохозяйственный рынок,yes
Славянская ярмарка,"пр. Александра Корсунова, 18, Великий Новгород, Новгородская обл., 173000",Великий Новгород,Великий Новгород,Новгородская область,Russia,58.5448418,31.2446289,4.2,939,OPERATIONAL,establishment|point_of_interest|shopping_mall,ChIJgRypX7vrvkYRsZookGb5_gk,оптовый продовольственный рынок,yes
"Спутник, оптовая база","ул. Рабочая, 6, Великий Новгород, Новгородская обл., 173008",Великий Новгород,Великий Новгород,Новгородская область,Russia,58.557207,31.264474,4,2,OPERATIONAL,establishment|food|point_of_interest|store,ChIJ44p1DAnrvkYR2IIBHGh1aWU,оптовый продовольственный рынок,yes
Старый Рынок,"Старый рынок, ул. Михайлова, 3. В, Великий Новгород, Новгородская обл., 173000",Великий Новгород,Великий Новгород,Новгородская область,Russia,58.5159355,31.2872007,4.2,60,OPERATIONAL,establishment|point_of_interest,ChIJh81ccD7qvkYR0YVQ4apci2c,сельскохозяйственный рынок,yes
ТД Русь,"Большая Санкт-Петербургская ул., 25, Великий Новгород, Новгородская обл., 173001",Великий Новгород,Великий Новгород,Новгородская область,Russia,58.532977,31.2676491,4.1,2527,OPERATIONAL,establishment|point_of_interest|shopping_mall,ChIJ5XdfW0vqvkYRs0XkJ6kJ5Fg,оптовый продовольственный рынок,check
"Торговый центр ""Волна""","Большая Санкт-Петербургская ул., 39, Великий Новгород, Новгородская обл., 173003",Великий Новгород,Великий Новгород,Новгородская область,Russia,58.5390215,31.2634687,4.1,3126,OPERATIONAL,establishment|point_of_interest|shopping_mall,ChIJmXSFHazrvkYRY8oVUsf6M5g,оптовый продовольственный рынок,check
ТЦ Барк,"ул. Свободы, 25, Великий Новгород, Новгородская обл., 173024",Великий Новгород,Великий Новгород,Новгородская область,Russia,58.5417645,31.2303329,3.8,1454,OPERATIONAL,establishment|point_of_interest|shopping_mall,ChIJmXSFHazrvkYRtv-cTFXdros,оптовый продовольственный рынок,check
Фабрика по производству жевательной резинки и леденцов Мон’дэлис Русь,"ул. Московская, 61, г. В, Великий Новгород, Новгородская обл., 173014",Великий Новгород,Великий Новгород,Новгородская область,Russia,58.53461000000001,31.323571,4.8,20,OPERATIONAL,establishment|food|point_of_interest,ChIJmXSFHazrvkYRkiCJpiMMKnQ,оптовый продовольственный рынок,check
Фрутос,"Большая Санкт-Петербургская ул., 64/1, Великий Новгород, Новгородская обл., 173003",Великий Новгород,Великий Новгород,Новгородская область,Russia,58.5436442,31.2664381,4.5,120,OPERATIONAL,establishment|food|grocery_or_supermarket|point_of_interest|store,ChIJ2-5Kh67rvkYRiJF_TItDkQg,оптовый продовольственный рынок,check
Центральный рынок,"Прусская ул., 15, Великий Новгород, Новгородская обл., 173007",Великий Новгород,Великий Новгород,Новгородская область,Russia,58.51739719999999,31.2583619,3.5,773,OPERATIONAL,establishment|point_of_interest,ChIJL5ye4zHqvkYREZU0_ah61Zk,оптовый продовольственный рынок,yes
Кировский плодопитомник,"2, ул. Школьная, д. Верхний Карбуш, Омский р-н, Омская обл., Россия 644521, Верхний Карбуш, Омская обл., 644905",Верхний Карбуш,Омск,Омская область,Russia,54.8953284,73.2256462,4.4,7,OPERATIONAL,establishment|food|point_of_interest,ChIJD2zUee8Eq0MR_085YuICWpU,плодоовощная база оптовая,check
Fishseavl Рыбное море,"Снеговая улица, 4, Владивосток, Приморский край, 690087",Владивосток,Владивосток,Приморский край,Russia,43.136811,131.930633,4,1,OPERATIONAL,establishment|food|point_of_interest|store,ChIJ2d6GjIyTs18RHUIrgQUB10g,оптовый продовольственный рынок,check
АВАНТОРГ ООО,"пр. Красного Знамени, 37, оф 18, Владивосток, Приморский край, 690002",Владивосток,Владивосток,Приморский край,Russia,43.128736,131.9011874,,,OPERATIONAL,establishment|food|point_of_interest,ChIJFeJZQzWTs18RQtLN4WV6AlE,оптовая база продуктов питания,check
Агентство Овощей,"Снеговая улица, 13-д, Владивосток, Приморский край, 690074",Владивосток,Владивосток,Приморский край,Russia,43.1362719,131.9432955,,,OPERATIONAL,establishment|food|point_of_interest,ChIJOQhI3EqSs18Rtq8VBnDRWMo,плодоовощная база оптовая,check
База продуктовая китайская мелкооптовая.,"ул. Калинина, 2, Владивосток, Приморский край, 690077",Владивосток,Владивосток,Приморский край,Russia,43.1033292,131.933488,4.1,339,OPERATIONAL,establishment|food|grocery_or_supermarket|point_of_interest|store,ChIJmbqm24OSs18RCyeeaSKR99c,оптовый продовольственный рынок,yes
Берёзка,"ул. Русская, 16, Владивосток, Приморский край, 690039",Владивосток,Владивосток,Приморский край,Russia,43.1655761,131.9084649,4.2,2367,OPERATIONAL,establishment|point_of_interest|shopping_mall,ChIJn53yyBKRs18RDc6gquMywW0,сельскохозяйственный рынок,check
Весна,"ул. Калинина, 231, Владивосток, Приморский край, 690012",Владивосток,Владивосток,Приморский край,Russia,43.092133,131.889842,4.1,14,OPERATIONAL,establishment|food|point_of_interest|store,ChIJn4r05KONs18R0rEy2yoc0mY,оптовый продовольственный рынок,check
Владивостокский рыбокомбинат,"Татарская ул., 1, Владивосток, Приморский край, 690000",Владивосток,Владивосток,Приморский край,Russia,43.169627,131.90016,4.5,48,OPERATIONAL,establishment|food|point_of_interest,ChIJ82vp3FyRs18RW9RAj2InrcA,оптовая база продуктов питания,check
Грасп,"Новоивановская ул., 4, Владивосток, Приморский край, 690005",Владивосток,Владивосток,Приморский край,Russia,43.1101669,131.933778,4.4,8,OPERATIONAL,establishment|point_of_interest,ChIJ82vp3FyRs18RJLbGvKW8wyk,оптовая база продуктов питания,check
Дальрыба АО,"ул. Светланская, д. 51А, Владивосток, Приморский край, 690091",Владивосток,Владивосток,Приморский край,Russia,43.115139,131.893813,4.8,11,OPERATIONAL,establishment|food|point_of_interest,ChIJf-GqvfWNs18RSS-QiwXyr_A,оптовый продовольственный рынок,check
ИП Высоцкий Е. С.,"ул. Жигура, 13а, Владивосток, Приморский край, 690014",Владивосток,Владивосток,Приморский край,Russia,43.1287119,131.9217524,5,1,OPERATIONAL,establishment|food|point_of_interest,ChIJ60VVwumTs18RzDKvYxXmevA,оптовая база продуктов питания,check
"Магаданрыба, ООО","ул. Лазо, 8, Владивосток, Приморский край, 690091",Владивосток,Владивосток,Приморский край,Russia,43.115378,131.8951869,4.9,28,OPERATIONAL,establishment|food|point_of_interest,ChIJa1gLm_WNs18RiUyhqXWF87I,оптовая база продуктов питания,check
"Магазин морепродуктов FISHSTORE! Красная Икра, Камчатский Краб, Гребешки, Черная Икра, Креветки","ул. Луговая, 30 ст2, Владивосток, Приморский край, 690005",Владивосток,Владивосток,Приморский край,Russia,43.1153751,131.9367047,4.8,343,OPERATIONAL,establishment|food|point_of_interest,ChIJLd3LbnySs18Rxp0XckKA-08,оптовая база продуктов питания,check
Магазин С Китайскими Продуктами,"Владивосток, Приморский край, 690034",Владивосток,Владивосток,Приморский край,Russia,43.1049314,131.9409104,4.1,530,OPERATIONAL,establishment|point_of_interest,ChIJX8JQwJCTs18RnlVQbbHhJsg,оптовый продовольственный рынок,check
Мореман,"ул. Русская, 73в, Владивосток, Приморский край, 690105",Владивосток,Владивосток,Приморский край,Russia,43.1695115,131.9408626,5,4,OPERATIONAL,establishment|food|point_of_interest,ChIJI_wUNUmRs18RIiGrikbIp90,оптовая база продуктов питания,check
Муниципальный Рынок - Луговая,"yлица Луговая, 22/26, Владивосток, Приморский край, 690000",Владивосток,Владивосток,Приморский край,Russia,43.1128517,131.9369334,3.7,1256,OPERATIONAL,establishment|point_of_interest,ChIJk5tXBGKSs18R3Ww2cGRbZXE,сельскохозяйственный рынок,yes
Мясной Рынок,"ул. Фадеева, 1а стр.4, Владивосток, Приморский край, 690034",Владивосток,Владивосток,Приморский край,Russia,43.107647,131.940021,3.7,3,OPERATIONAL,establishment|food|point_of_interest|store,ChIJaQPYS4-Ss18RPjlGclipUFU,сельскохозяйственный рынок,yes
Мясопродукты. Оптовая продажа,"Бородинская ул., 26, Владивосток, Приморский край, 690105",Владивосток,Владивосток,Приморский край,Russia,43.1632569,131.9441239,4.3,227,OPERATIONAL,establishment|food|point_of_interest|store,ChIJ-yyGT1-Rs18RxM37G4I-nqY,оптовый продовольственный рынок,yes
На Школьной,"ул. Борисенко, 17, Владивосток, Приморский край, 690000",Владивосток,Владивосток,Приморский край,Russia,43.1016235,131.9448093,3.7,995,OPERATIONAL,establishment|point_of_interest,ChIJ_ZknA5uSs18R9FwsjiNaFKg,сельскохозяйственный рынок,check
"Невельской, Рынок","ул. Невельского, 19, Владивосток, Приморский край, 690013",Владивосток,Владивосток,Приморский край,Russia,43.1136527,131.9532076,2.3,3,OPERATIONAL,establishment|point_of_interest,ChIJv2NoDPOSs18RCXVrJKzlV2A,сельскохозяйственный рынок,yes
Некрасовский рынок,"Некрасовская ул., 69, Владивосток, Приморский край, 690014",Владивосток,Владивосток,Приморский край,Russia,43.1321474,131.9104908,3.6,2542,OPERATIONAL,establishment|point_of_interest,ChIJuV6nziKSs18ROsinZpUdvfA,оптовый продовольственный рынок,yes
"ОOО""РУБЕЖ ДВ""","ул. Днепровская, 27, Владивосток, Приморский край, 690089",Владивосток,Владивосток,Приморский край,Russia,43.1461239,131.9310391,4.3,12,OPERATIONAL,establishment|food|point_of_interest|store,ChIJyyRptdOTs18Rnm8QteAkFOA,оптовый продовольственный рынок,check
Овощебаза,"пр-т. 100-летия Владивостока, 133 В, Владивосток, Приморский край, 690068",Владивосток,Владивосток,Приморский край,Russia,43.1729054,131.914244,5,1,OPERATIONAL,establishment|point_of_interest|storage,ChIJ_5g9PD6Rs18RojkzLvbQNF0,плодоовощная база оптовая,yes
Овощебаза,"ул. Фадеева, 32, Владивосток, Приморский край, 690034",Владивосток,Владивосток,Приморский край,Russia,43.099783,131.9571391,4.3,7,OPERATIONAL,establishment|point_of_interest,ChIJp-LlW72Ss18RWkfZ6BU4RBk,плодоовощная база оптовая,yes
Овощи Фрукты,"ул. Русская, 57б стр 8, Владивосток, Приморский край, 690105",Владивосток,Владивосток,Приморский край,Russia,43.1756902,131.9308032,4.8,4,OPERATIONAL,establishment|food|point_of_interest,ChIJTX2aoC-Ts18ROv40M_zUbMY,плодоовощная база оптовая,check
"ООО ""Торговая Компания Нерей""","ул. Калинина, 42, Владивосток, Приморский край, 690012",Владивосток,Владивосток,Приморский край,Russia,43.1032896,131.8975965,4.7,14,OPERATIONAL,establishment|food|point_of_interest,ChIJad2uJJCNs18RbKMEIJWM4zg,оптовая база продуктов питания,check
ООО ТД АНРИ,"Выселковая ул., 74, Владивосток, Приморский край, 690074",Владивосток,Владивосток,Приморский край,Russia,43.147704,131.954106,4.6,27,OPERATIONAL,establishment|point_of_interest|shopping_mall,ChIJTULg2MaTs18RBY5zP7t6QTY,оптовый продовольственный рынок,check
Парное Мясо ИП.АНАХОВ,"Бородинская ул., 26, Владивосток, Приморский край, 690105",Владивосток,Владивосток,Приморский край,Russia,43.1629897,131.9424804,4.1,31,OPERATIONAL,establishment|food|point_of_interest,ChIJAwZ6FF-Rs18RadUYymqR7xk,плодоовощная база оптовая,check
Продовольственная база,"Некрасовская ул., 50, Владивосток, Приморский край, 690014",Владивосток,Владивосток,Приморский край,Russia,43.127487,131.909626,3.3,3,OPERATIONAL,establishment|point_of_interest|storage,ChIJ82vp3FyRs18RYead-kUQBac,оптовый продовольственный рынок,yes
Продуктовая База День И Ночь,"Владивосток, Приморский край, 690105",Владивосток,Владивосток,Приморский край,Russia,43.1638563,131.9441084,4,7,OPERATIONAL,establishment|point_of_interest,ChIJtxdqNV-Rs18R5QeKjHNfa8c,оптовый продовольственный рынок,yes
Продуктовая база Киевская,"Unnamed Road, Владивосток, Приморский край, 690035",Владивосток,Владивосток,Приморский край,Russia,43.1006903,131.923987,3.8,106,OPERATIONAL,establishment|food|grocery_or_supermarket|point_of_interest|store,ChIJR7EaCA6Ns18RLIXMA2Wxi64,оптовый продовольственный рынок,yes
Продуктовый Магазин,"ул. Русская, 67/2, Владивосток, Приморский край, 690105",Владивосток,Владивосток,Приморский край,Russia,43.1705823,131.9331083,5,1,OPERATIONAL,establishment|point_of_interest,ChIJLxX5FuKRs18RXDmVj0NOnXM,оптовая база продуктов питания,check
Продуктовый рынок,"ул. Днепровская, 39, Владивосток, Приморский край, 690062",Владивосток,Владивосток,Приморский край,Russia,43.1448974,131.9147033,4,183,OPERATIONAL,establishment|food|grocery_or_supermarket|point_of_interest|store,ChIJITLk9imSs18RYXof9PTcOgo,оптовый продовольственный рынок,yes
Продуктовый Рынок 3я Рабочая,"пр. Красного Знамени, 123Д, Владивосток, Приморский край, 690066",Владивосток,Владивосток,Приморский край,Russia,43.123157,131.924335,3.9,616,OPERATIONAL,establishment|food|grocery_or_supermarket|point_of_interest|store,ChIJHybXa2qSs18RTX66qr3X5Yw,сельскохозяйственный рынок,yes
Росбакалея,"Владивосток, Приморский край, 690034",Владивосток,Владивосток,Приморский край,Russia,43.102659,131.9767505,4,93,OPERATIONAL,establishment|point_of_interest,ChIJkW-IL9GTs18RDz8eGzyu_vk,оптовый продовольственный рынок,check
Рынок,"ул. Спортивная, 4, Владивосток, Приморский край, 690034",Владивосток,Владивосток,Приморский край,Russia,43.106429,131.9405507,4.1,961,OPERATIONAL,establishment|point_of_interest,ChIJ5Qr-r4WSs18RrH2rzoeZswQ,оптовый продовольственный рынок,yes
Рынок,"ул. Калинина, 273, Владивосток, Приморский край, 690021",Владивосток,Владивосток,Приморский край,Russia,43.0943078,131.899235,4.1,506,OPERATIONAL,establishment|point_of_interest,ChIJS_fDrp-Ns18RFmA-UPVPe44,оптовый продовольственный рынок,yes
Рынок,"ул. Баляева, 48-а, Владивосток, Приморский край, 690087",Владивосток,Владивосток,Приморский край,Russia,43.1316462,131.9363142,3.6,20,OPERATIONAL,establishment|point_of_interest,ChIJT4Tk0zeSs18RTpJukhQ6jRA,сельскохозяйственный рынок,yes
Рынок Ближний,"Отдел 18, Магнитогорская ул., 11, Владивосток, Приморский край, 690068",Владивосток,Владивосток,Приморский край,Russia,43.1751708,131.9135262,4.1,896,OPERATIONAL,establishment|point_of_interest|shopping_mall,ChIJU8G2LDyRs18RpKr4gXDlqUk,оптовый продовольственный рынок,yes
Рынок Самоцвет,"пр-т. 100-летия Владивостока, 105, Владивосток, Приморский край, 690039",Владивосток,Владивосток,Приморский край,Russia,43.165197,131.9127841,3.7,303,OPERATIONAL,establishment|point_of_interest,ChIJB9r192yRs18RmvnalOqddAo,сельскохозяйственный рынок,yes
"Современный Базар ""БЕРЁЗКА""","ул. Русская, 16, Владивосток, Приморский край, 690039",Владивосток,Владивосток,Приморский край,Russia,43.1655203,131.9087739,4.4,8,OPERATIONAL,establishment|point_of_interest,ChIJkYvj0hKRs18RF009xx0kYpU,сельскохозяйственный рынок,yes
ТД Оптовик,"yлица Луговая, 28А, Владивосток, Приморский край, 690005",Владивосток,Владивосток,Приморский край,Russia,43.1145323,131.9363042,4.7,3,OPERATIONAL,clothing_store|establishment|point_of_interest|store,ChIJAQ_unWGSs18RzdJb0uIFtk8,оптовый продовольственный рынок,yes
"Торговый ряд ""Ближний""","ул. Нейбута, 67А, Владивосток, Приморский край, 690109",Владивосток,Владивосток,Приморский край,Russia,43.1172729,131.9603674,4.1,789,OPERATIONAL,establishment|point_of_interest,ChIJjcgL7vCSs18RIuyOGwUVllc,оптовый продовольственный рынок,check
Ярмарка,"ул. Светланская, 25, Владивосток, Приморский край, 690091",Владивосток,Владивосток,Приморский край,Russia,43.1159521,131.88528,4.2,34,OPERATIONAL,establishment|food|grocery_or_supermarket|point_of_interest|store,ChIJJ5stL_eNs18RN6ByVwRUesc,сельскохозяйственный рынок,yes
GFC Russia - продукты для Horeca,"3-я Промышленная ул., 1, Владикавказ, Респ. Северная Осетия — Алания, 362013",Владикавказ,Владикавказ,Республика Северная Осетия,Russia,43.0657128,44.6885706,,,OPERATIONAL,establishment|food|point_of_interest,ChIJWYXOIQMLUEARHQmL5lXFLuU,оптовая база продуктов питания,check
Агенство,"ул. Маркова, 69, Владикавказ, Респ. Северная Осетия — Алания, 362000",Владикавказ,Владикавказ,Республика Северная Осетия,Russia,43.0417269,44.6829386,4.6,61,OPERATIONAL,cafe|establishment|food|point_of_interest|restaurant,ChIJnbkG_pYKUEARzRhIHxbG4_c,оптовая база продуктов питания,check
Алан,"ул. Астана Кесаева, 12, Владикавказ, Респ. Северная Осетия — Алания, 362045",Владикавказ,Владикавказ,Республика Северная Осетия,Russia,43.0486377,44.6336295,4.2,1552,OPERATIONAL,establishment|point_of_interest,ChIJc3r2JPyfWkARwpwu2eJYILk,оптовый продовольственный рынок,check
АО «ТК «МЕГАПОЛИС»,"Московская ул., Владикавказ, Респ. Северная Осетия — Алания, 362001",Владикавказ,Владикавказ,Республика Северная Осетия,Russia,43.0593298,44.6498865,,,OPERATIONAL,establishment|food|point_of_interest,ChIJA2bbGyR1UEARdXAgkzm3EOg,оптовая база продуктов питания,check
Викалина,"Владикавказская ул., 44, Владикавказ, Респ. Северная Осетия — Алания, 362000",Владикавказ,Владикавказ,Республика Северная Осетия,Russia,43.0553076,44.6247626,4.1,3107,OPERATIONAL,establishment|point_of_interest,ChIJcZaUjeGfWkARdfva8Njb-40,оптовый продовольственный рынок,check
Владопторг,"Владикавказ, Респ. Северная Осетия — Алания, 362001",Владикавказ,Владикавказ,Республика Северная Осетия,Russia,43.0201966,44.662279,,,OPERATIONAL,establishment|food|point_of_interest,ChIJdzM8ki2hWkAROLLjcOCB-4I,оптовая база продуктов питания,yes
ДюбуА,"ул. Огурцова, 4, Владикавказ, Респ. Северная Осетия — Алания, 362021",Владикавказ,Владикавказ,Республика Северная Осетия,Russia,43.0529282,44.6638045,4.1,51,OPERATIONAL,establishment|food|point_of_interest,ChIJVVVVVWWgWkARGhDmDChl2Bk,плодоовощная база оптовая,check
ИП Калашников В.А,"ул. Защитников Осетии, 1, Владикавказ, Респ. Северная Осетия — Алания, 362026",Владикавказ,Владикавказ,Республика Северная Осетия,Russia,42.97998260000001,44.6867059,2,4,OPERATIONAL,establishment|food|point_of_interest,ChIJDzIpONWmWkARgooMlqnEV8U,оптовая база продуктов питания,check
Колосок,"ул. Калинина, 1а, Владикавказ, Респ. Северная Осетия — Алания, 362020",Владикавказ,Владикавказ,Республика Северная Осетия,Russia,43.04307379999999,44.6566578,3.7,3,OPERATIONAL,establishment|food|point_of_interest,ChIJ7Sy8eagKUEARiQJUnXXBYzI,плодоовощная база оптовая,check
"Магазин ""Оптовый""","ул. Маркова 62 Владикавказ Северная Осетия-Алания республика, ул. Маркова, 64, Владикавказ, Респ. Северная Осетия — Алания, 362027",Владикавказ,Владикавказ,Республика Северная Осетия,Russia,43.0435305,44.6814867,4.5,48,OPERATIONAL,establishment|food|grocery_or_supermarket|point_of_interest|store,ChIJkUm4f-sLUEARkhXHmlJLrpc,оптовый продовольственный рынок,yes
"Минимаркет ""Сокол""","просп. Коста, 260, Владикавказ, Респ. Северная Осетия — Алания, 362031",Владикавказ,Владикавказ,Республика Северная Осетия,Russia,43.0452568,44.6583975,4.8,5,OPERATIONAL,establishment|food|point_of_interest,ChIJkeUyyqgKUEARF8KmFVhG_1I,оптовая база продуктов питания,check
Мясная лавка,"ул. Зангиева, 4, Владикавказ, Респ. Северная Осетия — Алания, 362008",Владикавказ,Владикавказ,Республика Северная Осетия,Russia,43.0181107,44.6777741,4.3,13,OPERATIONAL,establishment|food|grocery_or_supermarket|point_of_interest|store,ChIJJYY1aIigWkARTSkiTAAA7tI,сельскохозяйственный рынок,check
Нартикоев и К,"Карцинское ш., 12-в, Владикавказ, Респ. Северная Осетия — Алания, 362002",Владикавказ,Владикавказ,Республика Северная Осетия,Russia,43.0410385,44.7041015,,,OPERATIONAL,establishment|food|point_of_interest,ChIJ56DRGfMKUEARqjDArRdSFnQ,оптовая база продуктов питания,check
Овощи владикавказ,"Владивостокская ул., Владикавказ, Респ. Северная Осетия — Алания, 362015",Владикавказ,Владикавказ,Республика Северная Осетия,Russia,43.060719,44.6218746,3.7,3,OPERATIONAL,establishment|food|point_of_interest,ChIJE0e7TUZ1UEARsJ1yU9Funos,плодоовощная база оптовая,check
Овощи фрукты,"ул. Чапаева, 40, Владикавказ, Респ. Северная Осетия — Алания, 362002",Владикавказ,Владикавказ,Республика Северная Осетия,Russia,43.0464172,44.66840759999999,4,1,OPERATIONAL,establishment|food|point_of_interest|store,ChIJm1K-07oKUEARh11b1YkusZQ,плодоовощная база оптовая,check
"ООО ""Невод""","ул. Дзержинского, 72, Владикавказ, Респ. Северная Осетия — Алания, 362008",Владикавказ,Владикавказ,Республика Северная Осетия,Russia,43.0197042,44.6624237,4.5,53,OPERATIONAL,establishment|food|point_of_interest|store,ChIJMc6D7magWkARU6xAEgYivqU,оптовая база продуктов питания,check
"ООО ""Южный""","ул. Васо Абаева, 108, Владикавказ, Респ. Северная Осетия — Алания, 362049",Владикавказ,Владикавказ,Республика Северная Осетия,Russia,43.000795,44.6854027,4.8,10,OPERATIONAL,establishment|food|grocery_or_supermarket|point_of_interest|store,ChIJz89o6sGgWkARrTNT-FghfAU,сельскохозяйственный рынок,check
Оптовый склад,"ул. Ген. Мамсурова, Владикавказ, Респ. Северная Осетия — Алания, 362020",Владикавказ,Владикавказ,Республика Северная Осетия,Russia,43.0334656,44.6487079,,,OPERATIONAL,establishment|point_of_interest|storage,ChIJB0PO_hGgWkAR0NvVHEWf6Z8,плодоовощная база оптовая,yes
Продовольственный рынок на Леваневского,"ул. Леваневского, 277, Владикавказ, Респ. Северная Осетия — Алания, 362035",Владикавказ,Владикавказ,Республика Северная Осетия,Russia,43.0530566,44.647026,4.3,440,OPERATIONAL,establishment|point_of_interest,ChIJncJou1N1UEARIyiV-WSk0JE,оптовый продовольственный рынок,yes
Продуктовый Магазин,"ул. Серафимовича, 42, Владикавказ, Респ. Северная Осетия — Алания, 362008",Владикавказ,Владикавказ,Республика Северная Осетия,Russia,43.0132897,44.6736649,,,OPERATIONAL,establishment|point_of_interest,ChIJk5thUQehWkARqSYlfTF31KE,оптовая база продуктов питания,check
Рыбомания,"Весенняя ул., 4, Владикавказ, Респ. Северная Осетия — Алания, 362047",Владикавказ,Владикавказ,Республика Северная Осетия,Russia,43.0361893,44.63802070000001,5,1,OPERATIONAL,establishment|food|pet_store|point_of_interest|store,ChIJOSQy1yGhWkARABVIqPhp69s,оптовая база продуктов питания,check
Рынок Оптовый,"ул. Ватутина, 102-120, Владикавказ, Респ. Северная Осетия — Алания, 362025",Владикавказ,Владикавказ,Республика Северная Осетия,Russia,43.0371665,44.6935272,4.2,78,OPERATIONAL,establishment|point_of_interest,ChIJgS2Pao4KUEARG3Bbnlg8l8Y,оптовый продовольственный рынок,yes
Рынок Первомайский,"Владикавказ, Респ. Северная Осетия — Алания, 362001",Владикавказ,Владикавказ,Республика Северная Осетия,Russia,43.0192465,44.6535374,4.2,945,OPERATIONAL,establishment|point_of_interest,ChIJ8-aCNV2gWkARfx5QXOfas6w,оптовый продовольственный рынок,yes
Северный,"Иристонская ул., 25, Владикавказ, Респ. Северная Осетия — Алания, 362021",Владикавказ,Владикавказ,Республика Северная Осетия,Russia,43.0606316,44.6650539,4.1,24,OPERATIONAL,establishment|point_of_interest,ChIJEawdDDV1UEARkUjKICa8xf0,сельскохозяйственный рынок,check
"Управляющая рынком компания ЗАО ""Рынок Привоз""","Пушкинская ул., 43, Владикавказ, Респ. Северная Осетия — Алания, 362007",Владикавказ,Владикавказ,Республика Северная Осетия,Russia,43.034277,44.695252,4.1,699,OPERATIONAL,establishment|point_of_interest,ChIJLynU1ogKUEARoFnU4KJg6so,оптовый продовольственный рынок,yes
Центральный рынок,"ул. Джанаева, 40, Владикавказ, Респ. Северная Осетия — Алания, 362027",Владикавказ,Владикавказ,Республика Северная Осетия,Russia,43.0333333,44.6877778,4.1,2092,OPERATIONAL,establishment|point_of_interest,ChIJm1kmWIQKUEARAZEPza3PxJs,оптовый продовольственный рынок,yes
Food33,"Тумская ул., д.16, Владимир, Владимирская обл., 600033",Владимир,Владимир,Владимирская область,Russia,56.0915081,40.3692825,,,OPERATIONAL,establishment|food|point_of_interest,ChIJj-jsr6l5TEER_r7lQXGcqAY,плодоовощная база оптовая,check
Аби,"ул. Полины Осипенко, 65, Владимир, Владимирская обл., 600009",Владимир,Владимир,Владимирская область,Russia,56.16250220000001,40.4035797,4.5,23,OPERATIONAL,establishment|food|point_of_interest,ChIJ3y4wCJB7TEERblDPwQFx-_A,оптовый продовольственный рынок,check
АИДИ и К,"ул. Мира, 22, a, 7, Владимир, Владимирская обл., 600017",Владимир,Владимир,Владимирская область,Russia,56.1365698,40.3964872,5,1,OPERATIONAL,establishment|food|point_of_interest,ChIJD-aBF917TEERBYeDjadqqjo,оптовая база продуктов питания,check
Айсель,"ул. Элеваторная, 1, Владимир, Владимирская обл., 600036",Владимир,Владимир,Владимирская область,Russia,56.0991181,40.3494496,2,3,OPERATIONAL,establishment|food|point_of_interest|real_estate_agency,ChIJNR8iMht5TEER6sDD5GeeMmQ,оптовый продовольственный рынок,check
Бриджтаун Фудс,"ул. Куйбышева, 3, Владимир, Владимирская обл., 600035",Владимир,Владимир,Владимирская область,Russia,56.1577284,40.3711415,4.4,8,OPERATIONAL,establishment|food|point_of_interest,ChIJ6dh5Qgp8TEERlfO6z5FUWzM,оптовый продовольственный рынок,check
Вещевой рынок,"ОТК ""Тандем"", ул. Куйбышева, 26ж, Владимир, Владимирская обл., 600035",Владимир,Владимир,Владимирская область,Russia,56.1707074,40.4091796,4,192,OPERATIONAL,establishment|point_of_interest,ChIJ5x0coIF7TEERDZjiquiwtkA,сельскохозяйственный рынок,yes
ВкусВилл,"пр. Ленина, 41, Владимир, Владимирская обл., 600015",Владимир,Владимир,Владимирская область,Russia,56.118385,40.358993,4.6,255,OPERATIONAL,establishment|food|grocery_or_supermarket|point_of_interest|store,ChIJ_XEKDGp5TEERzI-fLbJEd24,сельскохозяйственный рынок,check
Влад Регион Соль,"ул. ковровский проезд, 14, Владимир, Владимирская обл., 600033",Владимир,Владимир,Владимирская область,Russia,56.098236,40.362806,,,OPERATIONAL,establishment|point_of_interest,ChIJyaWbqgh5TEERjhz_P8TQT1o,плодоовощная база оптовая,check
Владзернопродукт,"Рынок ""На Чайковского"", ул. Чайковского, 3Е, Владимир, Владимирская обл., 600015",Владимир,Владимир,Владимирская область,Russia,56.1226723,40.3609297,5,1,OPERATIONAL,establishment|food|point_of_interest,ChIJv1wL90J5TEERyzCCZv5WjRk,оптовый продовольственный рынок,check
Владимирский центральный рынок,"ул. Батурина, 14, Владимир, Владимирская обл., 600017",Владимир,Владимир,Владимирская область,Russia,56.138313,40.4077883,4.1,1613,OPERATIONAL,establishment|food|grocery_or_supermarket|point_of_interest|store,ChIJGVc-hsN7TEERYB1JFZWFFuo,оптовый продовольственный рынок,yes
Владимирский Экспоцентр,"ул. Батурина, 35, Владимир, Владимирская обл., 600017",Владимир,Владимир,Владимирская область,Russia,56.14258659999999,40.4041679,3.7,253,OPERATIONAL,establishment|point_of_interest,ChIJ_WjT-cF7TEERwc_5aUXDhVQ,сельскохозяйственный рынок,check
Владкрупторг,"Владимир, Владимирская обл., 600033",Владимир,Владимир,Владимирская область,Russia,56.0954132,40.35185999999999,4.6,11,OPERATIONAL,establishment|food|point_of_interest,ChIJvxuWdwR5TEER-v4EiK3m54I,оптовый продовольственный рынок,check
Восток-1,"ул. Егорова, 8б, Владимир, Владимирская обл., 600031",Владимир,Владимир,Владимирская область,Russia,56.16908600000001,40.4778943,4.3,1339,OPERATIONAL,establishment|point_of_interest|shopping_mall,ChIJL10zmxd7TEER2zN_0uAngKA,оптовый продовольственный рынок,check
Дом мяса,"пр. Ленина, 62, Владимир, Владимирская обл., 600022",Владимир,Владимир,Владимирская область,Russia,56.117359,40.347793,4.3,19,OPERATIONAL,establishment|food|grocery_or_supermarket|point_of_interest|store,ChIJrcIegkB5TEERl7kdpp4OCVM,оптовый продовольственный рынок,check
Капитан,"пр. Строителей, 46, Владимир, Владимирская обл., 600028",Владимир,Владимир,Владимирская область,Russia,56.1328831,40.3577219,4.3,49,OPERATIONAL,establishment|food|point_of_interest|store,ChIJWUf7Blp5TEERa9wboiGKv5g,оптовый продовольственный рынок,check
Капитан,"ул. Горького, 84, Владимир, Владимирская обл., 600026",Владимир,Владимир,Владимирская область,Russia,56.1496299,40.3753476,4.5,73,OPERATIONAL,establishment|food|point_of_interest|store,ChIJnWVb2_B7TEERqAU-O6w0iPg,оптовый продовольственный рынок,check
Капитан,"ул. Балакирева, 25а, Владимир, Владимирская обл., 600028",Владимир,Владимир,Владимирская область,Russia,56.1270008,40.3535568,5,4,OPERATIONAL,establishment|food|point_of_interest,ChIJ2cLJ30R5TEERDamIYhRiFiA,оптовая база продуктов питания,check
Капитан,"ул. Мира, 45, Владимир, Владимирская обл., 600009",Владимир,Владимир,Владимирская область,Russia,56.1452624,40.4190991,3.2,11,OPERATIONAL,establishment|food|point_of_interest,ChIJ5TsJOb97TEERSJ5ZkgoUKf0,оптовая база продуктов питания,check
"КАПИТАН, сеть рыбных магазинов","Ноябрьская ул., 127, Владимир, Владимирская обл., 601213",Владимир,Владимир,Владимирская область,Russia,56.091962,40.241923,5,4,OPERATIONAL,establishment|food|point_of_interest,ChIJQaIIrGF_TEERCDL7prKbvME,оптовая база продуктов питания,check
Кофейная компания,"ул. Мира, дом 44/9, Владимир, Владимирская обл., 600020",Владимир,Владимир,Владимирская область,Russia,56.1447124,40.4203171,5,1,OPERATIONAL,establishment|food|point_of_interest|store,ChIJm6tdoMl7TEERryil8VyurMo,оптовая база продуктов питания,check
ЛукБери,"улица Почаевский овраг, д. 8, 9, Владимир, Владимирская обл., 600005",Владимир,Владимир,Владимирская область,Russia,56.1428026,40.3895795,,,OPERATIONAL,establishment|point_of_interest,ChIJOclatOh7TEERt5-oaVKKHFM,плодоовощная база оптовая,check
Мукомол,"ул. Элеваторная, 26, Владимир, Владимирская обл., 600033",Владимир,Владимир,Владимирская область,Russia,56.102638,40.370451,,,OPERATIONAL,establishment|point_of_interest,ChIJ1bLWDA95TEERs7W_M5_SCj0,оптовый продовольственный рынок,check
"Овощи, розы, тепличные","ул. Ново-Ямская, 26, Владимир, Владимирская обл., 600000",Владимир,Владимир,Владимирская область,Russia,56.121712,40.362459,,,OPERATIONAL,establishment|food|grocery_or_supermarket|point_of_interest|store,ChIJe9NxiEJ5TEEReAkBYgwkiZs,сельскохозяйственный рынок,check
Овощной Рынок На Тандеме,"ул. Куйбышева, 28з, 1, Владимир, Владимирская обл., 600009",Владимир,Владимир,Владимирская область,Russia,56.1708722,40.4112838,,,OPERATIONAL,establishment|point_of_interest,ChIJn28rjoF7TEERrtqnGAFsmb4,оптовый продовольственный рынок,yes
"ООО ""Компания ""Х-групп""","Октябрьский пр., 22, Владимир, Владимирская обл., 600000",Владимир,Владимир,Владимирская область,Russia,56.134034,40.3924718,5,1,OPERATIONAL,establishment|food|point_of_interest,ChIJ-3gk0d17TEER0D_ZlaovEm0,оптовая база продуктов питания,check
Ополье-Владимир,"ул. Батурина, 28, Владимир, Владимирская обл., 600017",Владимир,Владимир,Владимирская область,Russia,56.1433333,40.4097222,4.3,1255,OPERATIONAL,establishment|point_of_interest|shopping_mall,ChIJtbHVhcF7TEERdXedCuRUAKA,оптовый продовольственный рынок,check
Птичий двор,"ул. Куйбышева, 3А, Владимир, Владимирская обл., 600005",Владимир,Владимир,Владимирская область,Russia,56.1578388,40.3719224,3.9,11,OPERATIONAL,establishment|food|pet_store|point_of_interest|store,ChIJh44NZwp8TEERoELduzlbIqs,сельскохозяйственный рынок,check
Рынок,"ул. Славная, 1, Владимир, Владимирская обл., 600901",Владимир,Владимир,Владимирская область,Russia,56.1044074,40.2792548,4.4,352,OPERATIONAL,establishment|point_of_interest|shopping_mall,ChIJi8j5ptJ4TEERjWlKB3HoRZw,оптовый продовольственный рынок,yes
Рынок,"ул. Энергетиков, 27-29, Владимир, Владимирская обл., 600902",Владимир,Владимир,Владимирская область,Russia,56.0980834,40.2025794,3.7,26,OPERATIONAL,establishment|point_of_interest,ChIJa0yzAmF_TEER5DlCQnhzKLU,оптовый продовольственный рынок,yes
Рынок на Студеной,"Дворянская ул., 27а 1, Владимир, Владимирская обл., 600000",Владимир,Владимир,Владимирская область,Russia,56.1264417,40.3887654,4.4,864,OPERATIONAL,bar|establishment|food|point_of_interest,ChIJx3KJxb95TEERvB1DGccQJNY,сельскохозяйственный рынок,yes
Рынок на Чайковского,"ул. Чайковского, 3A, Владимир, Владимирская обл., 600015",Владимир,Владимир,Владимирская область,Russia,56.1227964,40.36152209999999,4.1,1768,OPERATIONAL,establishment|point_of_interest,ChIJqYAO8UJ5TEER8CeChNtSeDc,оптовый продовольственный рынок,yes
Рынок Флора,"ул. Мещерская, 4, Владимир, Владимирская обл., 600033",Владимир,Владимир,Владимирская область,Russia,56.097165,40.3465071,4.3,153,OPERATIONAL,establishment|point_of_interest,ChIJp0NisAN5TEER0B4sM0K7i5w,оптовый продовольственный рынок,yes
Сахарный дом,"Владимир, Владимирская обл., 600033",Владимир,Владимир,Владимирская область,Russia,56.09555839999999,40.3527919,5,1,OPERATIONAL,establishment|point_of_interest,ChIJvxuWdwR5TEERvrKtEDoauvw,оптовый продовольственный рынок,check
Славянский базар,"ул. Батурина, 28, Владимир, Владимирская обл., 600009",Владимир,Владимир,Владимирская область,Russia,56.1438263,40.4107384,4.1,682,OPERATIONAL,establishment|point_of_interest|shopping_mall,ChIJiVanh8F7TEER8mjhfjjceeE,сельскохозяйственный рынок,yes
Стародворские Колбасы,"ул. Полины Осипенко, 41, Владимир, Владимирская обл., 600009",Владимир,Владимир,Владимирская область,Russia,56.15251379999999,40.4130604,3.9,131,OPERATIONAL,establishment|food|point_of_interest,ChIJxx6JL5F7TEER2DTUwRV_wiQ,оптовая база продуктов питания,check
ТЕПЛИЧНЫЙ КОМБИНАТ,"ул. Куйбышева, 32, Владимир, Владимирская обл., 600035",Владимир,Владимир,Владимирская область,Russia,56.170118,40.419779,4.4,89,OPERATIONAL,establishment|food|point_of_interest,ChIJOd8LeXh7TEER5NX6IqTLvOg,плодоовощная база оптовая,check
Торгово-офисный центр,"ул. Егорова, 10А, Владимир, Владимирская обл., 600032",Владимир,Владимир,Владимирская область,Russia,56.17103600000001,40.476752,4.4,979,OPERATIONAL,establishment|point_of_interest|shopping_mall,ChIJr0uPBRd7TEER1UyZzpPuFmY,сельскохозяйственный рынок,check
Торговые Ряды,"ул. Большая Московская ул., 19А, Владимир, Владимирская обл., 600000",Владимир,Владимир,Владимирская область,Russia,56.128566,40.4028391,4.4,4423,OPERATIONAL,establishment|point_of_interest|shopping_mall,ChIJcb1r8Nl7TEERGfCH3ytqe2Y,сельскохозяйственный рынок,check
"Торговый дом ""Идеал""","ул. Куйбышева, 20а, Владимир, Владимирская обл., 600035",Владимир,Владимир,Владимирская область,Russia,56.16559890000001,40.3870571,4.9,9,OPERATIONAL,establishment|food|point_of_interest|real_estate_agency,ChIJoYYTKXZ8TEER6iRXGVSY_hc,оптовая база продуктов питания,check
Триал Маркет Владимир,"Быковский пр-д, д.3, Владимир, Владимирская обл., 600001",Владимир,Владимир,Владимирская область,Russia,56.1196204,40.3844335,5,2,OPERATIONAL,establishment|food|point_of_interest,ChIJ3zo6HmV5TEEREjzmZ1nj4QM,оптовая база продуктов питания,check
Универсальная Торговая База,"ул. 16 Лет Октября, 1с2, Владимир, Владимирская обл., 600007",Владимир,Владимир,Владимирская область,Russia,56.1553932,40.4239585,,,OPERATIONAL,establishment|point_of_interest,ChIJtx4tP5h7TEERNquTDWPay8Y,оптовый продовольственный рынок,yes
Фруктовый мир,"ул. Мещерская, 4, Владимир, Владимирская обл., 600033",Владимир,Владимир,Владимирская область,Russia,56.0965292,40.3501975,5,1,OPERATIONAL,establishment|food|point_of_interest|store,ChIJ6wqdZgN5TEERQz4sLWQHiaM,плодоовощная база оптовая,check
Чайный Дом,"ул. 16 Лет Октября, 48А, Владимир, Владимирская обл., 600007",Владимир,Владимир,Владимирская область,Russia,56.1569757,40.426276,5,1,OPERATIONAL,establishment|point_of_interest,ChIJE7_c95h7TEEREWF0oQL_zIE,плодоовощная база оптовая,check
Овощная база,"Совхозная ул., 1б, Водопадный, Ростовская обл., 346715",Водопадный,Ростов-на-Дону,Ростовская область,Russia,47.30409,39.8279954,4.8,8,OPERATIONAL,establishment|point_of_interest|storage,ChIJfeQBgGu340ARp5WywQHVMIw,плодоовощная база оптовая,yes
АЛЬТЕРНАТИВА-ВОЛГА,"ТЦ, Рабоче-Крестьянская ул., 9Б, Волгоград, Волгоградская обл., 400001",Волгоград,Волгоград,Волгоградская область,Russia,48.69708780000001,44.502613,4.2,9,OPERATIONAL,establishment|food|point_of_interest|store,ChIJnVtn81LLGkERWMwFAE85El8,оптовая база продуктов питания,check
Волгаопт,"а, Джаныбековская ул., 2, Волгоград, Волгоградская обл., 400012",Волгоград,Волгоград,Волгоградская область,Russia,48.7268142,44.4919929,4.3,7,OPERATIONAL,establishment|point_of_interest,ChIJvdDOqRrLGkERjpTfL1Fu5Ic,оптовая база продуктов питания,yes
Волгоград Бакалея,"Мирный пр-д, 6, Волгоград, Волгоградская обл., 400075",Волгоград,Волгоград,Волгоградская область,Russia,48.7647031,44.4582546,3.2,5,OPERATIONAL,establishment|food|point_of_interest,ChIJO7snXS7KGkERKrvOtn6Uk4k,оптовая база продуктов питания,check
Восток,"пр. имени В.И. Ленина, 69Б, Волгоград, Волгоградская обл., 400078",Волгоград,Волгоград,Волгоградская область,Russia,48.7534729,44.5483014,4.3,1078,OPERATIONAL,establishment|food|grocery_or_supermarket|point_of_interest|store,ChIJpTKYrJvKGkER0LnOhCrbCs4,сельскохозяйственный рынок,check
Гростер,"Кольцевая ул., 64, Волгоград, Волгоградская обл., 400127",Волгоград,Волгоград,Волгоградская область,Russia,48.7880065,44.51560629999999,4.8,9,OPERATIONAL,establishment|food|point_of_interest|store,ChIJsVV-jsm1GkERLS3DF5jK9YA,оптовая база продуктов питания,check
Дон-Продукт,"Таймырский просп., 17, Волгоград, Волгоградская обл., 400075",Волгоград,Волгоград,Волгоградская область,Russia,48.7738085,44.398334,4.5,8,OPERATIONAL,establishment|food|point_of_interest,ChIJcUyDGKfJGkERWVTk1O4-Hiw,оптовая база продуктов питания,check
Жигулёвская База,"пр. Нефтянников, 2, Волгоград, Волгоградская обл., 400075",Волгоград,Волгоград,Волгоградская область,Russia,48.7600614,44.45731670000001,4,29,OPERATIONAL,establishment|point_of_interest,ChIJOV-5XjLKGkERCzh9MQ4B5uE,оптовый продовольственный рынок,yes
ИП Домников Э.Ю.,"Жигулевская ул., 3, Волгоград, Волгоградская обл., 400075",Волгоград,Волгоград,Волгоградская область,Russia,48.7591954,44.4707027,5,1,OPERATIONAL,establishment|point_of_interest,ChIJ9ZcRXzbKGkERdBinw-yXF-Y,оптовая база продуктов питания,check
Китай-Город,"Череповецкая ул., 13Б, Волгоград, Волгоградская обл., 400120",Волгоград,Волгоград,Волгоградская область,Russia,48.7007615,44.47676999999999,3.7,1581,OPERATIONAL,establishment|point_of_interest,ChIJ42hL2FjLGkERxxTddotOq9g,сельскохозяйственный рынок,check
Народная ярмарка,"Историческая ул., 181д, Волгоград, Волгоградская обл., 400075",Волгоград,Волгоград,Волгоградская область,Russia,48.764725,44.473536,4.5,422,OPERATIONAL,cafe|clothing_store|establishment|food|point_of_interest|shoe_store|store,ChIJ3z-jNjrKGkERCw3TxBczN2s,оптовая база продуктов питания,yes
"Нео-Трейд, ООО (ГК ""XXI ВЕК"")","ш. Авиаторов, 17а, Волгоград, Волгоградская обл., 400075",Волгоград,Волгоград,Волгоградская область,Russia,48.7598784,44.4513642,5,2,OPERATIONAL,establishment|point_of_interest,ChIJA_4uJx3JGkERRjQg4uZdWNM,оптовая база продуктов питания,check
Новороссийский Рынок,"Волгоград Волгоградская обл. 400087ул, Волгоград, Волгоградская обл., 400087",Волгоград,Волгоград,Волгоградская область,Russia,48.71709329999999,44.5130537,4.1,73,OPERATIONAL,establishment|point_of_interest,ChIJl3bt1iTLGkERZZUkw8ee8qA,сельскохозяйственный рынок,yes
Оптовая База,"Волгоград, Волгоградская обл., 400006",Волгоград,Волгоград,Волгоградская область,Russia,48.8020734,44.5952053,4.9,9,OPERATIONAL,establishment|point_of_interest,ChIJecjejlC0GkERhLZT9vvVIZ8,оптовая база продуктов питания,yes
Оптовый Продовольственный Рынок,"ш. Авиаторов, 15, Волгоград, Волгоградская обл., 400075",Волгоград,Волгоград,Волгоградская область,Russia,48.758666,44.4553439,5,2,OPERATIONAL,establishment|point_of_interest,ChIJ53fxyzLKGkERWXTAXKJp3yg,оптовый продовольственный рынок,yes
Оптовый рынок,"Бетонная ул., 4, Волгоград, Волгоградская обл., 400075",Волгоград,Волгоград,Волгоградская область,Russia,48.7633857,44.4581646,4,219,OPERATIONAL,establishment|point_of_interest|store,ChIJ97pdfDLKGkERzSWV5H3EhoQ,оптовый продовольственный рынок,yes
Продукты из Казахстана,"Бетонная ул., Волгоград, Волгоградская обл., 400075",Волгоград,Волгоград,Волгоградская область,Russia,48.763352,44.4579671,4.9,7,OPERATIONAL,establishment|point_of_interest,ChIJxyUouUHLGkERem0ZpR69jew,оптовая база продуктов питания,check
Радеж,"пр. Нефтянников, 9, Волгоград, Волгоградская обл., 400075",Волгоград,Волгоград,Волгоградская область,Russia,48.76287689999999,44.4622488,2.8,6,OPERATIONAL,establishment|point_of_interest,ChIJo3SRpjHKGkERtt0U3m7oITk,оптовая база продуктов питания,check
Рынок Возрождение,"пр. имени В.И. Ленина, 69Б, Волгоград, Волгоградская обл., 400078",Волгоград,Волгоград,Волгоградская область,Russia,48.7534909,44.54805,4.4,490,OPERATIONAL,establishment|point_of_interest,ChIJXZoTqsXKGkERfLnSdMsQy3M,оптовый продовольственный рынок,yes
Сады Придонья,"ул. Хиросимы, 2, Волгоград, Волгоградская обл., 400050",Волгоград,Волгоград,Волгоградская область,Russia,48.7250629,44.5271026,4.7,45,OPERATIONAL,establishment|food|point_of_interest,ChIJe6msttjKGkERWEWclCK8BII,оптовая база продуктов питания,check
Синенький,"ул. Неждановой, 4Г, Волгоград, Волгоградская обл., 400120",Волгоград,Волгоград,Волгоградская область,Russia,48.7044493,44.4533642,4.6,58,OPERATIONAL,establishment|food|point_of_interest|store,ChIJPSoRapzMGkERrUlu7wOo01M,оптовая база продуктов питания,check
Ткачевский рынок,"ул. Ткачева, 14А, Волгоград, Волгоградская обл., 400003",Волгоград,Волгоград,Волгоградская область,Russia,48.7221617,44.5179937,4,765,OPERATIONAL,establishment|point_of_interest|shopping_mall,ChIJQ9pGuybLGkERaDBFxkc9seU,сельскохозяйственный рынок,yes
"Торговая компания ""Радость""","Мирный пр-д, 4А, Волгоград, Волгоградская обл., 400075",Волгоград,Волгоград,Волгоградская область,Russia,48.7653919,44.4514055,4,1,OPERATIONAL,establishment|point_of_interest,ChIJt9QD8SvKGkERvnT7G-7-Sl4,оптовая база продуктов питания,check
"Торговая компания, ИП Авдеев В.А.","Гремячинская ул., 78, Волгоград, Волгоградская обл., 400063",Волгоград,Волгоград,Волгоградская область,Russia,48.5067649,44.60152739999999,4.7,3,OPERATIONAL,establishment|food|point_of_interest|store,ChIJ707RRhclBUER63aIhjEGRP8,оптовая база продуктов питания,check
Тракторный Рынок,"ул. Ополченская, 11А, Волгоград, Волгоградская обл., 400088",Волгоград,Волгоград,Волгоградская область,Russia,48.8005126,44.5953975,3.8,5,OPERATIONAL,establishment|point_of_interest,ChIJ32j3Sp61GkERRbKqvyWP-rk,сельскохозяйственный рынок,yes
Тракторозаводской,"ул. Ополченская, 11А, Волгоград, Волгоградская обл., 400015",Волгоград,Волгоград,Волгоградская область,Russia,48.80130550000001,44.5957267,3.9,5977,OPERATIONAL,establishment|point_of_interest,ChIJw617IVe0GkERwYY4NlT5GBA,сельскохозяйственный рынок,check
Центральная Семенная База,"Историческая ул., 181 стр.1, Волгоград, Волгоградская обл., 400075",Волгоград,Волгоград,Волгоградская область,Russia,48.7632828,44.4734144,4.6,37,OPERATIONAL,establishment|food|home_goods_store|point_of_interest|store,ChIJ5wxyqzrLGkERnLXaS7SXZtU,оптовая база продуктов питания,yes
Центральный рынок,"ул. Советская, 17, Волгоград, Волгоградская обл., 400052",Волгоград,Волгоград,Волгоградская область,Russia,48.70685719999999,44.5210574,4,542,OPERATIONAL,atm|establishment|finance|food|grocery_or_supermarket|point_of_interest|store|supermarket,ChIJVxKDmzTLGkERuH55jHjuKhs,оптовый продовольственный рынок,yes
БОТАНИКА,"улица Александрова, 59, Волжский, Волгоградская обл., 404103",Волжский,Волжский,Волгоградская область,Russia,48.80250359999999,44.8235748,4.3,130,OPERATIONAL,establishment|food|point_of_interest,ChIJ7WruovRMBUERDCTkYFuVO3s,плодоовощная база оптовая,check
Валентина,"ул. Клавы Нечаевой, 2, Волжский, Волгоградская обл., 404131",Волжский,Волжский,Волгоградская область,Russia,48.7705752,44.8066572,4.3,793,OPERATIONAL,establishment|point_of_interest|shopping_mall,ChIJ_w1m6jhMBUER0BfEzbaRqH4,оптовый продовольственный рынок,check
Камышинское масло,"ул. Мира, 126, Волжский, Волгоградская обл., 404118",Волжский,Волжский,Волгоградская область,Russia,48.757787,44.815919,4,1,OPERATIONAL,establishment|food|point_of_interest,ChIJ7WruovRMBUERUX840ZJzkCU,оптовая база продуктов питания,check
Колхозный рынок,"ул. Н. Кухаренко, 1Б, Волжский, Волгоградская обл., 404110",Волжский,Волжский,Волгоградская область,Russia,48.79785529999999,44.74443429999999,4.2,1404,OPERATIONAL,establishment|point_of_interest,ChIJCcqPNMFMBUERbhkFW9w1t08,сельскохозяйственный рынок,yes
Кондор,"ул. Мира, 45А, Волжский, Волгоградская обл., 404126",Волжский,Волжский,Волгоградская область,Russia,48.7771675,44.8005475,5,2,OPERATIONAL,establishment|food|point_of_interest,ChIJ_QjS8kVMBUERfXwtSXQrzes,оптовая база продуктов питания,check
"Людмила, универсальный рынок","ул. 40 Лет Победы, 61-а, Волжский, Волгоградская обл., 404132",Волжский,Волжский,Волгоградская область,Russia,48.7608737,44.8135216,4.4,925,OPERATIONAL,establishment|point_of_interest,ChIJ7YoG7iJMBUERJe-w9XfK-mU,сельскохозяйственный рынок,yes
Молсыркомбинат-Волжский,"ул. Карла Маркса, 75, Волжский, Волгоградская обл., 404130",Волжский,Волжский,Волгоградская область,Russia,48.801376,44.759084,4.1,109,OPERATIONAL,establishment|food|point_of_interest|store,ChIJyRAbhj5MBUERLLDl1JNpiwM,оптовая база продуктов питания,check
Овощевод,"ул. Александрова, 59, Волжский, Волгоградская обл., 404127",Волжский,Волжский,Волгоградская область,Russia,48.76735,44.7859124,4.1,22,OPERATIONAL,establishment|point_of_interest,ChIJs4NrPb5NBUERLdw2-H7AeZI,плодоовощная база оптовая,check
Оптовка,"ул. Пушкина, 39, Волжский, Волгоградская обл., 404130",Волжский,Волжский,Волгоградская область,Russia,48.7943193,44.7777723,4.5,16,OPERATIONAL,establishment|point_of_interest,ChIJRawxEvtMBUERvQAQYr3jXcg,оптовый продовольственный рынок,yes
"Производственная Компания ""Самобранка""","7-я автодорога, 21, Волжский, Волгоградская обл., 404119",Волжский,Волжский,Волгоградская область,Russia,48.8241059,44.7961614,5,2,OPERATIONAL,establishment|food|point_of_interest,ChIJKYrz58hNBUERTGzwwjzx_xQ,оптовая база продуктов питания,check
Рынок 10/16,"Рынок, Пионерская ул., 38А, Волжский, Волгоградская обл., 404125",Волжский,Волжский,Волгоградская область,Russia,48.780326,44.7904956,4.3,143,OPERATIONAL,establishment|point_of_interest,ChIJvbpt91pMBUERkTanwiyS2-U,сельскохозяйственный рынок,yes
Сад-огород продажа минеральных удобрений оптом и в розницу,"Молодежная ул., 15А, Волжский, Волгоградская обл., 404110",Волжский,Волжский,Волгоградская область,Russia,48.7940309,44.7527152,5,1,OPERATIONAL,establishment|food|point_of_interest,ChIJpRWFPOpMBUERc50vWFqNv8U,оптовая база продуктов питания,yes
"Сити-центр, вещевой рынок","ул. имени генерала Карбышева, 47А, Волжский, Волгоградская обл., 404132",Волжский,Волжский,Волгоградская область,Russia,48.7775168,44.77351660000001,4.3,211,OPERATIONAL,establishment|point_of_interest,ChIJTxohj2BMBUER-ZXH0wQ5Ug8,оптовый продовольственный рынок,yes
Союз-Маркет,"ул. Оломоуцкая, 16, Волжский, Волгоградская обл., 404133",Волжский,Волжский,Волгоградская область,Russia,48.757827,44.7967,4,1,OPERATIONAL,establishment|food|point_of_interest,ChIJca-O_xBMBUEREGN0vM8hIys,оптовая база продуктов питания,check
Сыры и колбасы консервы,"Рынок, Пионерская ул., 38А, Волжский, Волгоградская обл., 404125",Волжский,Волжский,Волгоградская область,Russia,48.7803498,44.7905184,,,OPERATIONAL,establishment|food|grocery_or_supermarket|point_of_interest|store,ChIJGUFkV1pMBUERzto6FfGjLFE,сельскохозяйственный рынок,check
"ТК ""Оптовка""","ул. Пушкина, 39, Волжский, Волгоградская обл., 404130",Волжский,Волжский,Волгоградская область,Russia,48.7956722,44.771163,4.3,41,OPERATIONAL,establishment|point_of_interest|shopping_mall,ChIJEwKm8uRMBUERI6GL2aWPfK0,оптовый продовольственный рынок,yes
Торговая База,"1-й Индустриальный пр., 18/14, Волжский, Волгоградская обл., 404121",Волжский,Волжский,Волгоградская область,Russia,48.8012559,44.769648,,,OPERATIONAL,establishment|point_of_interest,ChIJ8RkHHuFMBUERMp2Uu9zZ8Sk,плодоовощная база оптовая,yes
Универсальный Оптовый Рынок,"ул. Пушкина, 39, Волжский, Волгоградская обл., 404121",Волжский,Волжский,Волгоградская область,Russia,48.7942907,44.7760955,4.5,2,OPERATIONAL,establishment|point_of_interest,ChIJbXs8nC9MBUERieTOQ9yRBIc,оптовый продовольственный рынок,yes
Хлеб наш,"ул. Пушкина, 45, Волжский, Волгоградская обл., 404112",Волжский,Волжский,Волгоградская область,Russia,48.7901039,44.78863519999999,4,20,OPERATIONAL,establishment|food|point_of_interest,ChIJr3XWyvhMBUERoaws99gkvbU,оптовая база продуктов питания,check
Хлебнаш,"ул. Мира, 75, Волжский, Волгоградская обл., 404131",Волжский,Волжский,Волгоградская область,Russia,48.7707122,44.8073404,3.2,6,OPERATIONAL,establishment|food|point_of_interest,ChIJA1WB8ThMBUERTU0uGel2fCA,оптовая база продуктов питания,check
Хлебокомбинат-Волжский,"ул. Горького, 96, Волжский, Волгоградская обл., 404122",Волжский,Волжский,Волгоградская область,Russia,48.8033197,44.7601966,3.2,33,OPERATIONAL,establishment|food|point_of_interest,ChIJmXVrHtxMBUERPPPd2SloWC8,оптовая база продуктов питания,check
Царь-продукт,"ул. Мира, 134А, Волжский, Волгоградская обл., 404118",Волжский,Волжский,Волгоградская область,Russia,48.7582593,44.8175843,3.5,4,OPERATIONAL,establishment|food|point_of_interest,ChIJrasc8yFMBUERe_LHqLP6AI8,оптовая база продуктов питания,check
Центральный рынок,"просп. Ленина, 94, Волжский, Волгоградская обл., 404120",Волжский,Волгоград,Волгоградская область,Russia,48.7787103,44.7552013,4.1,406,OPERATIONAL,establishment|food|grocery_or_supermarket|point_of_interest|store,ChIJ0Q260Y5MBUERwPnDm3Fj704,сельскохозяйственный рынок,yes
JULIUS MEINL VOLOGDA,"Благовещенская ул., 100-а, Вологда, Вологодская обл., 160004",Вологда,Вологда,Вологодская область,Russia,59.2255,39.864068,4.8,10,OPERATIONAL,establishment|food|point_of_interest|store,ChIJZaayvISXrkYRnjlWtz13y3k,оптовая база продуктов питания,check
UzRusFrukt,"ул. Чернышевского, 120Г, Вологда, Вологодская обл., 160019",Вологда,Вологда,Вологодская область,Russia,59.2461973,39.89776579999999,,,OPERATIONAL,establishment|food|grocery_or_supermarket|point_of_interest|store,ChIJ80wUHAWXrkYRa1XX9eAxArA,сельскохозяйственный рынок,check
Арт-Рыба,"ул. Текстильщиков, 20А, Вологда, Вологодская обл., 160033",Вологда,Вологда,Вологодская область,Russia,59.189197,39.9202517,3.3,16,OPERATIONAL,establishment|food|point_of_interest,ChIJ2atAj66ZrkYRLTNk2gmUDE0,оптовая база продуктов питания,check
Блюменсток Цветочный Оптовый Центр,"Ершовский пер., 10А, Вологда, Вологодская обл., 160010",Вологда,Вологда,Вологодская область,Russia,59.25533799999999,39.869337,4.7,3,OPERATIONAL,establishment|point_of_interest,ChIJMRQulcSXrkYRxbF3hVBrmpE,оптовый продовольственный рынок,yes
Вещевой Рынок «Льнокомбинат»,"ул. Маршала Конева, 17, Вологда, Вологодская обл., 160032",Вологда,Вологда,Вологодская область,Russia,59.19352199999999,39.907334,4.1,77,OPERATIONAL,establishment|point_of_interest,ChIJ-UaLRrGZrkYRisrE11Xfo4w,сельскохозяйственный рынок,yes
Вологодская ягода,"ул. Залинейная, 30, Вологда, Вологодская обл., 160010",Вологда,Вологда,Вологодская область,Russia,59.236459,39.841282,3.1,16,OPERATIONAL,establishment|point_of_interest,ChIJISuCCqOXrkYRJKop61S4-wE,плодоовощная база оптовая,check
Вологодская ярмарка,"ул. Мира, 8, Вологда, Вологодская обл., 160000",Вологда,Вологда,Вологодская область,Russia,59.22181149999999,39.889738,1,1,OPERATIONAL,establishment|food|grocery_or_supermarket|point_of_interest|store,ChIJSdusdSiYrkYRDRHZEgbs1mA,сельскохозяйственный рынок,yes
Вологодские Продукты,"ул. Герцена, 14, Вологда, Вологодская обл., 160000",Вологда,Вологда,Вологодская область,Russia,59.21491589999999,39.8884095,4.4,230,OPERATIONAL,establishment|food|grocery_or_supermarket|point_of_interest|store,ChIJ_zOPECyYrkYRgpTRyv2Aqjw,сельскохозяйственный рынок,check
Вологодский Городской Рынок,"ул. Батюшкова, 3А, Вологда, Вологодская обл., 160000",Вологда,Вологда,Вологодская область,Russia,59.221073,39.885122,3.9,1291,OPERATIONAL,establishment|point_of_interest,ChIJM87U6CqYrkYReF_Io4jdofk,оптовый продовольственный рынок,yes
"Вологодский Комбинат Пищевых Продуктов Леса, ООО","ул. Преображенского, 28-Г, Вологда, Вологодская обл., 160026",Вологда,Вологда,Вологодская область,Russia,59.22324539999999,39.8353666,4.3,18,OPERATIONAL,establishment|food|point_of_interest,ChIJM87U6CqYrkYRr4WCYxqwfQM,оптовый продовольственный рынок,check
"Вологодский Хлебокомбинат, ЗАО","ул. Самойло, 20, Вологда, Вологодская обл., 160014",Вологда,Вологда,Вологодская область,Russia,59.226567,39.909048,3.9,38,OPERATIONAL,bakery|establishment|food|point_of_interest|store,ChIJM87U6CqYrkYRfwKgaNXQ_0Q,оптовый продовольственный рынок,check
Глобус,"Ананьинская ул., 2, Вологда, Вологодская обл., 160021",Вологда,Вологда,Вологодская область,Russia,59.23738700000001,39.787711,4.3,407,OPERATIONAL,establishment|point_of_interest,ChIJgfejCOOWrkYRUn0aN3Fw36U,оптовая база продуктов питания,check
"ДомПродукт, ООО, оптово-розничный склад","Советский пр., 115, Вологда, Вологодская обл., 160012",Вологда,Вологда,Вологодская область,Russia,59.204371,39.926923,,,OPERATIONAL,establishment|point_of_interest,ChIJgWUE0U6YrkYRyGGHX93R6kI,оптовая база продуктов питания,yes
"ИП. Талибов Али Фахратович, овощи и фрукты","ул. Григорьевская, 1, Вологда, Вологодская обл., 160021",Вологда,Вологда,Вологодская область,Russia,59.2348107,39.7841224,4,1,OPERATIONAL,establishment|point_of_interest,ChIJhbg7HeOWrkYRmoJtLwo1_Ig,плодоовощная база оптовая,check
Лад,"Тепличный мкр., 21А, Вологда, Вологодская обл., 160017",Вологда,Вологда,Вологодская область,Russia,59.207914,39.85874889999999,,,OPERATIONAL,establishment|food|point_of_interest,ChIJzUA-3NeZrkYRoZrzEVgZnl8,оптовый продовольственный рынок,check
ЛБР,"ул. Залинейная, 22к2, Вологда, Вологодская обл., 160010",Вологда,Вологда,Вологодская область,Russia,59.23588719999999,39.8440954,4.8,10,OPERATIONAL,car_repair|establishment|food|moving_company|point_of_interest,ChIJS9I7FqOXrkYRquYpdFAtwBg,сельскохозяйственный рынок,check
Лукошко,"Ананьинская ул., 2, Вологда, Вологодская обл., 160021",Вологда,Вологда,Вологодская область,Russia,59.23783299999999,39.7887519,,,OPERATIONAL,establishment|food|point_of_interest|store,ChIJ-bAP0f2WrkYRMZV-aOA-rh0,плодоовощная база оптовая,check
Мега фрукт,"Окружное ш., 2, Вологда, Вологодская обл., 160028",Вологда,Вологда,Вологодская область,Russia,59.2203725,39.8113311,4.5,17,OPERATIONAL,establishment|food|grocery_or_supermarket|point_of_interest|store,ChIJgRY_sxOXrkYRkiu2-jzYXCE,плодоовощная база оптовая,check
Мелкооптовая База,"ул. Рубцова, 9, Вологда, Вологодская обл., 160035",Вологда,Вологда,Вологодская область,Russia,59.227372,39.884908,,,OPERATIONAL,establishment|point_of_interest,ChIJ6aBwlS-YrkYR_LOyITevYVc,оптовый продовольственный рынок,yes
Мини рынок,"Мишкольцская ул., 9, Вологда, Вологодская обл., 160013",Вологда,Вологда,Вологодская область,Russia,59.19778960000001,39.899032,,,OPERATIONAL,establishment|point_of_interest,ChIJd53TALaZrkYRJE39WGwS5cc,сельскохозяйственный рынок,yes
Молочный Завод Устюгмолоко,"ул. Чехова, 40, Вологда, Вологодская обл., 160000",Вологда,Вологда,Вологодская область,Russia,59.2076998,39.89140889999999,3.7,6,OPERATIONAL,establishment|food|grocery_or_supermarket|point_of_interest|store,ChIJ6aBwlS-YrkYRC5A101_sWRI,оптовый продовольственный рынок,check
Мясопродукт,"тер. Старый аэропорт, 9, Вологда, Вологодская обл., 160901",Вологда,Вологда,Вологодская область,Russia,59.2624855,39.9052391,3,2,OPERATIONAL,establishment|point_of_interest,ChIJ5S8I9GK9rkYRRw6Mu-xAJUA,оптовый продовольственный рынок,check
Овощи фрукты,"Ананьинская ул., 2, Вологда, Вологодская обл., 160021",Вологда,Вологда,Вологодская область,Russia,59.2364123,39.7855333,4.5,15,OPERATIONAL,establishment|food|grocery_or_supermarket|point_of_interest|store,ChIJB7Iyqv2WrkYRFO4Ul2GHwXo,оптовый продовольственный рынок,check
"ООО ""Нестле Россия"" , филиал в г.Вологда","ул. Михаила Поповича, 4А, Вологда, Вологодская обл., 160010",Вологда,Вологда,Вологодская область,Russia,59.240495,39.837266,4.1,61,OPERATIONAL,establishment|point_of_interest,ChIJXykFcJ2XrkYRpv5C7ugOzXk,оптовая база продуктов питания,check
Оптовый склад продуктов,"ул. Ветошкина, 76, Вологда, Вологодская обл., 160012",Вологда,Вологда,Вологодская область,Russia,59.20489649999999,39.90143399999999,,,OPERATIONAL,establishment|point_of_interest|storage,ChIJ70oGxjSYrkYRE80l1fG2ioM,оптовый продовольственный рынок,yes
ОптТорг,"ул. Преображенского, 30, Вологда, Вологодская обл., 160026",Вологда,Вологда,Вологодская область,Russia,59.2208302,39.8276083,5,2,OPERATIONAL,establishment|home_goods_store|point_of_interest|store,ChIJiy2exuuXrkYRlUrRlcS94kA,оптовая база продуктов питания,yes
"Плантком, ООО","Залинейная д.26, склад 47/2, Вологда, Вологодская обл., 160000",Вологда,Вологда,Вологодская область,Russia,59.235049,39.83999499999999,5,1,OPERATIONAL,establishment|point_of_interest,ChIJaZnaZVKYrkYR_uNZlEktNKU,плодоовощная база оптовая,check
Племзавод Майский,"пр. Победы, 21, Вологда, Вологодская обл., 160000",Вологда,Вологда,Вологодская область,Russia,59.221391,39.885483,4.1,12,OPERATIONAL,establishment|food|grocery_or_supermarket|point_of_interest|store,ChIJzc9XOiiYrkYR5TF3DOwA_Sg,оптовый продовольственный рынок,check
"Русский Холод - Вологда, Продовольственный Магазин","ул. Доронино, 15, Вологда, Вологодская обл., 160013",Вологда,Вологда,Вологодская область,Russia,59.2299709,39.9402538,4.3,4,OPERATIONAL,establishment|food|grocery_or_supermarket|point_of_interest|store,ChIJM87U6CqYrkYRQYpBzT-vzC8,оптовый продовольственный рынок,yes
Рынок,"Советский пр., 160, Вологда, Вологодская обл., 160012",Вологда,Вологда,Вологодская область,Russia,59.1996182,39.92670589999999,3.8,46,OPERATIONAL,clothing_store|establishment|point_of_interest|store,ChIJE4ovuU2YrkYR70n1496eYQY,сельскохозяйственный рынок,yes
Сигареты Кофе Чай Продукты,"ул. Клубова, 38 ИП Копылов, Склад 3 и 5, Э.А, Вологда, Вологодская обл., 160010",Вологда,Вологда,Вологодская область,Russia,59.236208,39.8262319,,,OPERATIONAL,establishment|food|grocery_or_supermarket|point_of_interest|store,ChIJYQdaRKaXrkYRkr3xq4F3CZk,оптовый продовольственный рынок,check
Скородумка,"ул. Сергея Орлова, 6А, Вологда, Вологодская обл., 160000",Вологда,Вологда,Вологодская область,Russia,59.22325420000001,39.8878743,5,1,OPERATIONAL,establishment|point_of_interest|store,ChIJBbs0OO-ZrkYRtQoglbGJ4LY,сельскохозяйственный рынок,check
Старый Рынок Торговый Комплекс,"ул. Мира, 6А, Вологда, Вологодская обл., 160000",Вологда,Вологда,Вологодская область,Russia,59.222347,39.8896639,3.9,507,OPERATIONAL,establishment|point_of_interest|shopping_mall,ChIJ6aBwlS-YrkYRwY066LiOOZU,оптовый продовольственный рынок,yes
"Текстиль центр, магазин текстильной продукции","Окружное ш., 55, Вологда, Вологодская обл., 160032",Вологда,Вологда,Вологодская область,Russia,59.1817414,39.874084,3.9,211,OPERATIONAL,establishment|point_of_interest|shopping_mall,ChIJDbvu85SZrkYR1tLGdzE6MvM,оптовый продовольственный рынок,check
Тепличный,"ул. Ярославская, 9, Вологда, Вологодская обл., 160000",Вологда,Вологда,Вологодская область,Russia,59.200402,39.860965,4.3,8,OPERATIONAL,establishment|food|point_of_interest,ChIJBc68x9uZrkYRILzow2Zxv9E,плодоовощная база оптовая,check
Тепличный Комбинат СХПК,"ул. Ярославская, 9, Вологда, Вологодская обл., 160000",Вологда,Вологда,Вологодская область,Russia,59.200265,39.861838,,,OPERATIONAL,establishment|point_of_interest,ChIJ_5ZwuNuZrkYR5ZZ8JDb-xwQ,плодоовощная база оптовая,check
Торговый дом Агро,"ул. Карла Маркса, д.12, оф.9, Вологда, Вологодская обл., 160019",Вологда,Вологда,Вологодская область,Russia,59.23195699999999,39.9034768,5,10,OPERATIONAL,establishment|point_of_interest|store,ChIJYXUJWPWXrkYR1D7IaXcHrYg,сельскохозяйственный рынок,yes
"Торговый центр ""Меридиан""","ул. Маршала Конева, 17, Вологда, Вологодская обл., 160032",Вологда,Вологда,Вологодская область,Russia,59.1936318,39.9074369,4,385,OPERATIONAL,establishment|point_of_interest|shopping_mall,ChIJ9eLRRbGZrkYRRMsi__wRWvI,оптовый продовольственный рынок,check
ТРИОПРОДУКТ,"Советский пр., 131-А, Вологда, Вологодская обл., 160034",Вологда,Вологда,Вологодская область,Russia,59.19993199999999,39.930081,,,OPERATIONAL,establishment|food|grocery_or_supermarket|point_of_interest|store,ChIJ4Yan5E2YrkYRFS6t4txx61o,оптовая база продуктов питания,check
ТЦ Рубин,"Благовещенская ул., 78, Вологда, Вологодская обл., 160000",Вологда,Вологда,Вологодская область,Russia,59.22436899999999,39.86669,3.9,67,OPERATIONAL,establishment|food|grocery_or_supermarket|point_of_interest|shopping_mall|store,ChIJ6aBwlS-YrkYRzDJJi4H4cIU,сельскохозяйственный рынок,check
ТЦ Светофор,"ул. Ярославская, 18кС, Вологда, Вологодская обл., 160000",Вологда,Вологда,Вологодская область,Russia,59.19996090000001,39.8599068,4.1,957,OPERATIONAL,establishment|point_of_interest|shopping_mall,ChIJiXsX6duZrkYR0x7FptWP8MI,оптовый продовольственный рынок,check
Фрукты-овощи,"Вологда, Вологодская обл., 160002",Вологда,Вологда,Вологодская область,Russia,59.2064554,39.8476164,5,1,OPERATIONAL,establishment|food|point_of_interest|store,ChIJNVBdVWKXrkYRZafgbYVxLLQ,плодоовощная база оптовая,check
Хлебница,"ул. Авксентьевского, 3, Вологда, Вологодская обл., 160031",Вологда,Вологда,Вологодская область,Russia,59.218501,39.87401089999999,3.5,2,OPERATIONAL,establishment|food|point_of_interest|store,ChIJeZ_KkoCXrkYRqUZOg_bL1lE,сельскохозяйственный рынок,check
Цветочная База N1,"ул. Ленинградская, 78, Вологда, Вологодская обл., 160002",Вологда,Вологда,Вологодская область,Russia,59.2132652,39.8533271,4.3,10,OPERATIONAL,establishment|florist|point_of_interest|store,ChIJ88SqC3yXrkYR4RPNR0ItHO8,плодоовощная база оптовая,yes
ЦУМ,"Благовещенская ул., 4, Вологда, Вологодская обл., 160001",Вологда,Вологда,Вологодская область,Russia,59.2199147,39.8851047,4.1,2422,OPERATIONAL,establishment|point_of_interest|shopping_mall,ChIJj5WXtSmYrkYRILmTgGNSxfM,сельскохозяйственный рынок,check
Чемпион,"ул. Клубова, 84, Вологда, Вологодская обл., 160004",Вологда,Вологда,Вологодская область,Russia,59.23884019999999,39.8023421,5,4,OPERATIONAL,establishment|food|grocery_or_supermarket|point_of_interest|store,ChIJaWDm0OOXrkYRoxlEXR4DWM8,оптовый продовольственный рынок,check
Экзотика - овощи/фрукты оптом,"Вологодская обл., 160028",Вологодская обл.,Вологда,Вологодская область,Russia,59.21238149999999,39.7929365,,,OPERATIONAL,establishment|point_of_interest,ChIJY11jhj6XrkYRpLL5AH54-Gc,плодоовощная база оптовая,yes
GFC Russia - продукты для Horeca,"ул. Землячки, 15, Воронеж, Воронежская обл., 394033",Воронеж,Воронеж,Воронежская область,Russia,51.7111621,39.2907698,,,OPERATIONAL,establishment|food|point_of_interest,ChIJbTI-ABYlO0ER0CTCHJD0uHY,оптовая база продуктов питания,check
Воронежская Фруктовая Компания - ВФК,"ул. Остужева, 52М, Воронеж, Воронежская обл., 394042",Воронеж,Воронеж,Воронежская область,Russia,51.6745938,39.2753744,4.6,9,OPERATIONAL,establishment|point_of_interest,ChIJRycTpVwuO0ERVmHgCReyYpw,плодоовощная база оптовая,check
Воронежский Тепличный Комбинат,"ул. Тепличная, 1, Воронеж, Воронежская обл., 394070",Воронеж,Воронеж,Воронежская область,Russia,51.6236313,39.0779483,4,40,OPERATIONAL,establishment|food|point_of_interest,ChIJrcCX4V0uO0ER6701FRsHqbA,плодоовощная база оптовая,check
Гермес,"ул. Матросова, 60, Воронеж, Воронежская обл., 394052",Воронеж,Воронеж,Воронежская область,Russia,51.640347,39.161088,3.8,46,OPERATIONAL,bakery|establishment|food|point_of_interest|store,ChIJtXTBAIAuO0ER-SWafQt4Gik,оптовая база продуктов питания,check
Глеб,"ул. Волгоградская, 30 в, Воронеж, Воронежская обл., 394028",Воронеж,Воронеж,Воронежская область,Russia,51.656751,39.272117,4.1,28,OPERATIONAL,establishment|point_of_interest,ChIJe8GzBNAvO0ER-W8EGXaDlNk,оптовая база продуктов питания,check
"Здоровые Продукты, Дистрибьюторская компания","ул. Хользунова, 10А, Воронеж, Воронежская обл., 394068",Воронеж,Воронеж,Воронежская область,Russia,51.704622,39.193364,4,4,OPERATIONAL,establishment|food|point_of_interest,ChIJwfWM0UsvO0ERk99B0n_r7bA,оптовая база продуктов питания,check
Интерфлора Воронеж,"15 ТД Альбатрос, ул. Солнечная, Воронеж, Воронежская обл., 394019",Воронеж,Воронеж,Воронежская область,Russia,51.6792087,39.1642056,5,3,OPERATIONAL,establishment|point_of_interest,ChIJCXWK3GUvO0ERg5e7DNoVObY,плодоовощная база оптовая,check
Клинический рынок,"Московский просп., 186а, Воронеж, Воронежская обл., 394016",Воронеж,Воронеж,Воронежская область,Russia,51.696576,39.1820479,4,388,OPERATIONAL,establishment|point_of_interest,ChIJoWQcfzEvO0ER0JeO3E36XPg,сельскохозяйственный рынок,yes
"Мини-рынок ""Берёзовая Роща""","ул. Ломоносова, 2, Воронеж, Воронежская обл., 394043",Воронеж,Воронеж,Воронежская область,Russia,51.6987995,39.2316703,4.5,634,OPERATIONAL,establishment|point_of_interest,ChIJ2TxKaGYvO0ER7Z0Lxlh3PQo,сельскохозяйственный рынок,yes
Невский,"ул. Владимира Невского, 14в, Воронеж, Воронежская обл., 394088",Воронеж,Воронеж,Воронежская область,Russia,51.7085531,39.1494084,4.3,628,OPERATIONAL,establishment|food|grocery_or_supermarket|point_of_interest|store,ChIJAyfWEcMoO0ERH47TAewTKYc,сельскохозяйственный рынок,check
Овощная грядка,"Монтажный пр-д, 5В, Воронеж, Воронежская обл., 394028",Воронеж,Воронеж,Воронежская область,Russia,51.6374469,39.2835049,3.9,8,OPERATIONAL,establishment|food|grocery_or_supermarket|point_of_interest|store,ChIJVdPX9NIxO0ERq8OdbLkoFlU,плодоовощная база оптовая,check
Овощной рынок,"ул. Дорожная, 22, Воронеж, Воронежская обл., 394038",Воронеж,Воронеж,Воронежская область,Russia,51.6643291,39.1478846,4.1,114,OPERATIONAL,establishment|food|grocery_or_supermarket|point_of_interest|store,ChIJHXjO6LsuO0ERYbwuxBr7ego,оптовый продовольственный рынок,yes
"ООО ""Океан""","ул. Пирогова, 10, Воронеж, Воронежская обл., 394038",Воронеж,Воронеж,Воронежская область,Russia,51.66442869999999,39.1735038,4.5,15,OPERATIONAL,establishment|food|point_of_interest,ChIJBy1F030uO0ERVkRkna12O9U,плодоовощная база оптовая,check
ООО Келлогг Рус,"ул. Витрука, 4, Воронеж, Воронежская обл., 394033",Воронеж,Воронеж,Воронежская область,Russia,51.7098382,39.2860069,4.4,69,OPERATIONAL,establishment|food|point_of_interest,ChIJDcSGFZ4lO0ERCw_4EAkz7TM,оптовая база продуктов питания,check
"Оптовая база ""ТРЭК плюс"", оптово-розничная торговля белорусскими продуктами","ул. Дорожная, 24, Воронеж, Воронежская обл., 394038",Воронеж,Воронеж,Воронежская область,Russia,51.6653213,39.1433677,4,5,OPERATIONAL,establishment|point_of_interest,ChIJJwChq7AuO0ER6Pnq0aSSmSU,плодоовощная база оптовая,yes
Оптово-розничная база,"ул. Дорожная, 36-в, Воронеж, Воронежская обл., 394038",Воронеж,Воронеж,Воронежская область,Russia,51.66380100000001,39.1489927,2,2,OPERATIONAL,establishment|point_of_interest,ChIJfy2RRbkuO0ER4jPLjlb2UZg,плодоовощная база оптовая,yes
Оптовый Рынок Воронеж,"Воронеж, Воронежская обл., 394008",Воронеж,Воронеж,Воронежская область,Russia,51.6125377,39.2608044,4.1,724,OPERATIONAL,establishment|point_of_interest|shopping_mall,ChIJ75cPjO0xO0ERlTy9H8KZ8t4,оптовый продовольственный рынок,yes
ОПТОМ 36 ВОРОНЕЖ,"ул. Софьинская, Воронеж, Воронежская обл., 394094",Воронеж,Воронеж,Воронежская область,Russia,51.6777668,39.31661,5,1,OPERATIONAL,establishment|food|point_of_interest,ChIJmRFrUosuO0ERDWJXSS4kAZ8,оптовая база продуктов питания,yes
ПАРИТЕТ ООО,"ул. Дорожная, 24, Воронеж, Воронежская обл., 394038",Воронеж,Воронеж,Воронежская область,Russia,51.66460410000001,39.1437354,5,1,OPERATIONAL,establishment|food|point_of_interest|store,ChIJZwsYQrkuO0ERq58jMGsupUA,оптовая база продуктов питания,check
Придача,"ул. Димитрова, 64А, Воронеж, Воронежская обл., 394007",Воронеж,Воронеж,Воронежская область,Russia,51.6713903,39.2538387,4.2,4436,OPERATIONAL,establishment|point_of_interest,ChIJR6iIyL4vO0ERQu0D-2FmIR0,сельскохозяйственный рынок,check
Продарсенал,"ул. Дорожная, 24, Воронеж, Воронежская обл., 394038",Воронеж,Воронеж,Воронежская область,Russia,51.66460410000001,39.1437354,4,28,OPERATIONAL,establishment|food|point_of_interest|store,ChIJVXvUA7ouO0ERb-EiXgY2nsI,оптовая база продуктов питания,check
Продуктовая база,"Unnamed Road, Воронежская обл., ул. Лебедева, 8а, Воронеж, Воронежская обл., 394014",Воронеж,Воронеж,Воронежская область,Russia,51.6232614,39.2287876,3.5,10,OPERATIONAL,establishment|food|grocery_or_supermarket|point_of_interest|store,ChIJkewoaAMuO0ER1D7XOSmRdjg,плодоовощная база оптовая,yes
Птичий Рынок,"ул. Солнечная, 484а, Воронеж, Воронежская обл., 394016",Воронеж,Воронеж,Воронежская область,Russia,51.70296740000001,39.1630572,4.2,889,OPERATIONAL,establishment|point_of_interest,ChIJib1vGM4oO0ERDYnQTzEdGHo,сельскохозяйственный рынок,yes
Речной Рынок,"ул. Космонавтов, 6З, Воронеж, Воронежская обл., 394038",Воронеж,Воронеж,Воронежская область,Russia,51.663221,39.15069,4.3,4,OPERATIONAL,establishment|point_of_interest,ChIJXwFEnr4uO0ERW8aHCPiwQd4,сельскохозяйственный рынок,yes
Рынок,"ул. 9 Января, 278В, Воронеж, Воронежская обл., 394020",Воронеж,Воронеж,Воронежская область,Russia,51.68245109999999,39.12376099999999,4.6,140,OPERATIONAL,establishment|point_of_interest,ChIJL17TdjcpO0ERK70XnFRJn9Y,сельскохозяйственный рынок,yes
Рынок,"ул. Новосибирская, 29, Воронеж, Воронежская обл., 394090",Воронеж,Воронеж,Воронежская область,Russia,51.6004862,39.2387162,4.3,32,OPERATIONAL,establishment|point_of_interest,ChIJsz0Z5RsyO0ERAwmJsUuCfiw,сельскохозяйственный рынок,yes
"Рынок ""Воронежский""","Московский просп., 90/1, Воронеж, Воронежская обл., 394005",Воронеж,Воронеж,Воронежская область,Russia,51.7175765,39.182051,4.3,4926,OPERATIONAL,establishment|point_of_interest|shopping_mall,ChIJQcVoBbAoO0ERK8IsQ8ntzrs,сельскохозяйственный рынок,yes
"Рынок ""Танеевский""","ул. Новосибирская, 32/1, Воронеж, Воронежская обл., 394074",Воронеж,Воронеж,Воронежская область,Russia,51.6126875,39.2368466,4.3,552,OPERATIONAL,establishment|food|grocery_or_supermarket|point_of_interest|store,ChIJKfs9GfkxO0ERXGp6fLGmvzg,сельскохозяйственный рынок,yes
Северный,"ул. 60 Армии, 2, Воронеж, Воронежская обл., 394053",Воронеж,Воронеж,Воронежская область,Russia,51.7024707,39.1617948,4.4,286,OPERATIONAL,establishment|point_of_interest,ChIJuxHkR84oO0ER5hHOszAM8xY,сельскохозяйственный рынок,check
Сельскохозяйственная ярмарка,"пр. Труда, 23, Воронеж, Воронежская обл., 394061",Воронеж,Воронеж,Воронежская область,Russia,51.68367019999999,39.1963062,4.3,202,OPERATIONAL,establishment|food|grocery_or_supermarket|point_of_interest|store,ChIJoZ9xeCIvO0ERKpK8wqdtsKA,сельскохозяйственный рынок,yes
Сетка,"ул. 45-й Стрелковой Дивизии, 234, Воронеж, Воронежская обл., 394016",Воронеж,Воронеж,Воронежская область,Russia,51.6930934,39.1324906,5,1,OPERATIONAL,establishment|food|point_of_interest,ChIJfUFMTzkpO0ERINNdJBx2W8s,плодоовощная база оптовая,check
СПЕКТР,"ул. Волгоградская, 32, Воронеж, Воронежская обл., 394028",Воронеж,Воронеж,Воронежская область,Russia,51.6530396,39.2708761,4.2,273,OPERATIONAL,establishment|point_of_interest,ChIJo2s6ICouO0ER0v6FcmIEnV4,плодоовощная база оптовая,check
ТД БелаРусь,"ул. Дорожная, 24 и, Воронеж, Воронежская обл., 394038",Воронеж,Воронеж,Воронежская область,Russia,51.66460410000001,39.1437354,4.6,5,OPERATIONAL,establishment|food|point_of_interest|store,ChIJ3aspIbouO0ER0sxMkLQZs0w,оптовая база продуктов питания,check
Торговый Двор Соборный,"ул. Владимира Невского, 48з, Воронеж, Воронежская обл., 394005",Воронеж,Воронеж,Воронежская область,Russia,51.7176971,39.1730728,4.5,744,OPERATIONAL,establishment|point_of_interest,ChIJEc8B47ooO0ERb163C8vpwUc,сельскохозяйственный рынок,check
Холод-Сервис,"ул. 45-й Стрелковой Дивизии, 255-б, Воронеж, Воронежская обл., 394026",Воронеж,Воронеж,Воронежская область,Russia,51.692215,39.1410766,5,2,OPERATIONAL,establishment|point_of_interest,ChIJoVvtyWgpO0ERjpu88Icrkzc,оптовая база продуктов питания,check
Центральный рынок,"ул. Пушкинская, 8, Воронеж, Воронежская обл., 394018",Воронеж,Воронеж,Воронежская область,Russia,51.6624638,39.1961274,4.5,7338,OPERATIONAL,establishment|point_of_interest|tourist_attraction,ChIJ6XAMtvYuO0ER4IyWOfDZo7E,сельскохозяйственный рынок,yes
Юго-Западный Рынок,"пр-т. Патриотов, 5, Воронеж, Воронежская обл., 394051",Воронеж,Воронеж,Воронежская область,Russia,51.64439240000001,39.1411167,4.1,4762,OPERATIONAL,establishment|point_of_interest,ChIJLR4tWR8sO0ER6yKAdZDdIGA,сельскохозяйственный рынок,yes
Яйцо,"ул. Дорожная, 24, отдел 14В, Воронеж, Воронежская обл., 394038",Воронеж,Воронеж,Воронежская область,Russia,51.6652838,39.1420584,4.8,4,OPERATIONAL,establishment|food|point_of_interest,ChIJ3eQKVbcuO0ER70wXY_IfoOg,оптовая база продуктов питания,check
"Ярмарочно-выставочный комплекс ""Остужевский”","ул. Остужева, 47/1, Воронеж, Воронежская обл., 394094",Воронеж,Воронеж,Воронежская область,Russia,51.6800703,39.2998414,4.2,1479,OPERATIONAL,establishment|point_of_interest|shopping_mall,ChIJn-hQhfYvO0ERJ-t8UmcRUM8,сельскохозяйственный рынок,check
Рыбный Двор,"пр. Александра Корсунова, 12Б, г. В. Новгород, Новгородская обл., 173016",г. В. Новгород,Великий Новгород,Новгородская область,Russia,58.544772,31.245824,2.7,11,OPERATIONAL,establishment|food|point_of_interest,ChIJmXSFHazrvkYRFe82K1hMTB8,оптовая база продуктов питания,check
Кубань-агро,"ул. Промышленная, 1, Гайдук, Краснодарский край, 353960",Гайдук,Новороссийск,Краснодарский край,Russia,44.7651121,37.7164977,5,1,OPERATIONAL,establishment|point_of_interest,ChIJe8C0pTT58UAR1GxP28-A194,оптовый продовольственный рынок,yes
Роял Фреш,"ул. Новороссийское ш., 32, Гайдук, Краснодарский край, 353991",Гайдук,Новороссийск,Краснодарский край,Russia,44.7738243,37.7006346,4.4,9,OPERATIONAL,establishment|food|grocery_or_supermarket|point_of_interest|store,ChIJFdUNyuH98UARaR3MHYwCNFM,оптовый продовольственный рынок,check
Овощебаза,"ул. Генерала Кныша, 28, корп. 1, Гатчина, Ленинградская обл., 188309",Гатчина,Нальчик,Кабардино-Балкарская Республика,Russia,59.5564438,30.1029153,5,1,OPERATIONAL,establishment|point_of_interest,ChIJVzEUFG4blkYR1E-KtZKowLU,плодоовощная база оптовая,yes
Дары Кубани,"ул. Горького, 6, Геленджик, Краснодарский край, 353460",Геленджик,Новороссийск,Краснодарский край,Russia,44.5619764,38.0803453,4.3,2080,OPERATIONAL,establishment|food|grocery_or_supermarket|jewelry_store|point_of_interest|store,ChIJlwtvq2uK8UARSGk8ghBKVo0,сельскохозяйственный рынок,check
Алтайская кладовая,"Коммунистический просп., 35, Горно-Алтайск, Респ. Алтай, 649000",Горно-Алтайск,Горно-Алтайск,Республика Алтай,Russia,51.9584031,85.9504066,,,OPERATIONAL,establishment|food|grocery_or_supermarket|point_of_interest|store,ChIJTQDTA_KrxEIRRzLCoXWr8Sk,оптовый продовольственный рынок,check
"ГОРНЫЙ-2, торговый центр","Коммунистический просп., 109, Горно-Алтайск, Респ. Алтай, 649002",Горно-Алтайск,Горно-Алтайск,Республика Алтай,Russia,51.9620823,85.9124904,4.1,972,OPERATIONAL,establishment|point_of_interest|shopping_mall,ChIJYd64nLz4xEIRpcHL7Xcd8c4,сельскохозяйственный рынок,check
ИП Шабанова О.Ю.,"Ленина ул., 220, корп. 6/3, ул. Ленина, 220 корпус 6, Горно-Алтайск, Респ. Алтай, 649007",Горно-Алтайск,Горно-Алтайск,Республика Алтай,Russia,51.932553,85.97438,3.8,37,OPERATIONAL,establishment|food|point_of_interest|store,ChIJs5XJnhz5xEIR8xAwEK-z0iw,оптовый продовольственный рынок,check
Красное&Белое,"Проточная ул., 28, Горно-Алтайск, Респ. Алтай, 649000",Горно-Алтайск,Горно-Алтайск,Республика Алтай,Russia,51.9554214,85.95741269999999,4.6,38,OPERATIONAL,establishment|food|grocery_or_supermarket|point_of_interest|store,ChIJW6OfbHz_xEIRF1YjS_tS8Lc,оптовый продовольственный рынок,check
Магазин Бочкаревский,"Ключевая ул., 1а, Горно-Алтайск, Респ. Алтай, 649007",Горно-Алтайск,Горно-Алтайск,Республика Алтай,Russia,51.9402395,85.9644799,3.7,16,OPERATIONAL,establishment|food|grocery_or_supermarket|point_of_interest|store,ChIJB6gnP5JVxEIRTKK0e6C97LE,сельскохозяйственный рынок,check
Мед горного Алтая,"ул. Ленина, 224 корпус 1, Горно-Алтайск, Респ. Алтай, 649007",Горно-Алтайск,Горно-Алтайск,Республика Алтай,Russia,51.93093469999999,85.9752499,,,OPERATIONAL,establishment|food|point_of_interest,ChIJ_Q_El6JVxEIRiTQOGlpJHsQ,оптовая база продуктов питания,check
оптовая база ИП.Эшонов,"ул. Ленина, 220 корпус 7, Горно-Алтайск, Респ. Алтай, 649007",Горно-Алтайск,Горно-Алтайск,Республика Алтай,Russia,51.9320767,85.9743385,5,5,OPERATIONAL,establishment|point_of_interest|store,ChIJm6tDO-5VxEIRTlQjwiHC408,оптовый продовольственный рынок,yes
Продуктовый Магазин,"Коммунистический просп., 86, Горно-Алтайск, Респ. Алтай, 649006",Горно-Алтайск,Горно-Алтайск,Республика Алтай,Russia,51.9554959,85.9315587,3.5,4,OPERATIONAL,establishment|food|grocery_or_supermarket|point_of_interest|store,ChIJjQn8tVT_xEIRMUsZ403pBkU,оптовый продовольственный рынок,check
"Разноторг, Торговый Центр","ул. Григория Чорос-Гуркина, 39 корпус 1, Горно-Алтайск, Респ. Алтай, 649006",Горно-Алтайск,Горно-Алтайск,Республика Алтай,Russia,51.9567127,85.95036189999999,3.8,195,OPERATIONAL,establishment|point_of_interest|shopping_mall,ChIJkTu6tF7_xEIRgEoYY4Mma4A,сельскохозяйственный рынок,check
Республиканский Пчелоцентр,"Социалистическая ул. 43, Горно-Алтайск, Алтай респ., 649000, ул. Социалистическая, 43, Горно-Алтайск, Респ. Алтай, 649000",Горно-Алтайск,Горно-Алтайск,Республика Алтай,Russia,51.9501245,85.9721284,4.3,25,OPERATIONAL,establishment|food|grocery_or_supermarket|point_of_interest|store,ChIJ_b6Sp4lVxEIRY2ay03aXs30,сельскохозяйственный рынок,check
Светофор,"ОТБ Алтайторг, ул. Ленина, 220А, Горно-Алтайск, Респ. Алтай, 649007",Горно-Алтайск,Горно-Алтайск,Республика Алтай,Russia,51.9324778,85.975234,4.2,476,OPERATIONAL,establishment|point_of_interest|store,ChIJIfk5nFX4xEIRvKUBsUbOTGQ,оптовый продовольственный рынок,check
"Ткацкий, Торговый Центр","Коммунистический просп., 1, Горно-Алтайск, Респ. Алтай, 649000",Горно-Алтайск,Горно-Алтайск,Республика Алтай,Russia,51.9584758,85.9679747,3.9,716,OPERATIONAL,establishment|point_of_interest|shopping_mall,ChIJtUpIb2P_xEIRqetEqXXbXms,оптовый продовольственный рынок,check
ТРЦ Панорма,"Коммунистический просп., 11, Горно-Алтайск, Респ. Алтай, 649000",Горно-Алтайск,Горно-Алтайск,Республика Алтай,Russia,51.9583321,85.95946579999999,4.3,570,OPERATIONAL,establishment|food|point_of_interest|restaurant|shopping_mall,ChIJTX33JWf_xEIR7WHbMcLapQQ,оптовый продовольственный рынок,check
ТЦ ЗАПАДНЫЙ,"Коммунистический просп., 117, Горно-Алтайск, Респ. Алтай, 649002",Горно-Алтайск,Горно-Алтайск,Республика Алтай,Russia,51.9649384,85.90611489999999,4.3,285,OPERATIONAL,establishment|point_of_interest|shopping_mall,ChIJIbm-M7z4xEIR9XBdHiUxFPk,оптовый продовольственный рынок,check
"ХАН-АЛТАЙ, продуктовый магазин","Северная ул., 12-а, Горно-Алтайск, Респ. Алтай, 649000",Горно-Алтайск,Горно-Алтайск,Республика Алтай,Russia,51.9592791,85.9471521,5,2,OPERATIONAL,establishment|food|grocery_or_supermarket|point_of_interest|store,ChIJsdmhrVv_xEIRknJjlxP0kDc,сельскохозяйственный рынок,check
"ЦУМ, торговый центр","Коммунистический просп., 76, Горно-Алтайск, Респ. Алтай, 649006",Горно-Алтайск,Горно-Алтайск,Республика Алтай,Russia,51.95533959999999,85.93570199999999,3.9,278,OPERATIONAL,establishment|point_of_interest|shopping_mall,ChIJjQn8tVT_xEIRWDIA0Vgs9lo,сельскохозяйственный рынок,check
Ярмарка Сельскохозяйственная,"Коммунистический просп., 117/1, Горно-Алтайск, Респ. Алтай, 649002",Горно-Алтайск,Горно-Алтайск,Республика Алтай,Russia,51.9649041,85.9060975,,,OPERATIONAL,establishment|point_of_interest,ChIJAQDUvr34xEIRABRmpSdA--4,оптовый продовольственный рынок,yes
"Акцент, оптовый магазин продуктов","пр. Калинина, 262А, Горячеводский, Ставропольский край, 357550",Горячеводский,Пятигорск,Ставропольский край,Russia,44.0170677,43.0922309,4.6,245,OPERATIONAL,establishment|food|grocery_or_supermarket|point_of_interest|store|supermarket,ChIJ8eZMLyd2V0AR1IH1jnOkB9Y,оптовая база продуктов питания,yes
"Бетта, Рынок","Совхозная ул., 85, Горячеводский, Ставропольский край, 357500",Горячеводский,Пятигорск,Ставропольский край,Russia,44.0260883,43.12372389999999,3.9,469,OPERATIONAL,establishment|point_of_interest,ChIJI5iLMWF2V0ARjSieDk025dY,сельскохозяйственный рынок,yes
Доставка Фруктов и Овощей,"Unnamed Road, Горячеводский, Ставропольский край, 357565",Горячеводский,Пятигорск,Ставропольский край,Russia,44.0381933,43.1283987,4.5,2,OPERATIONAL,establishment|food|point_of_interest,ChIJZRc0_tp3V0ARXN89Od3BI30,оптовый продовольственный рынок,check
"Пятигорск Рынок ""Привокзальный""","Горячеводский, Ставропольский край, 357565",Горячеводский,Пятигорск,Ставропольский край,Russia,44.0341491,43.1328468,4.2,267,OPERATIONAL,establishment|home_goods_store|point_of_interest|store,ChIJ13cyQ953V0ARpUQkTqF2yIc,оптовый продовольственный рынок,yes
Рынок Пятигорск,"ул. Почтовая, 56, Горячеводский, Ставропольский край, 357560",Горячеводский,Пятигорск,Ставропольский край,Russia,44.0318495,43.127245,5,3,OPERATIONAL,establishment|point_of_interest,ChIJA2RVtH12V0ARMJlgHWuPc5U,оптовый продовольственный рынок,yes
Терский Казачий Рынок,"ул. Ленина, 27, Горячеводский, Ставропольский край, 357500",Горячеводский,Пятигорск,Ставропольский край,Russia,44.0278364,43.1237631,4.1,531,OPERATIONAL,establishment|food|grocery_or_supermarket|point_of_interest|store,ChIJI5iLMWF2V0ARyM6DRB9A1ZE,оптовый продовольственный рынок,yes
"""ОПТ-МАРКЕТ Амина""","Грозный, Чеченская Респ., 364030",Грозный,Грозный,Чеченская Республика,Russia,43.2924692,45.7215722,4.5,163,OPERATIONAL,establishment|food|grocery_or_supermarket|point_of_interest|store|supermarket,ChIJP35gHj7UUUARspXY5lCpoIA,оптовый продовольственный рынок,yes
Best Kosmetik ОПТОВЫЙ СКЛАД КОСМЕТИКИ,"ул. Маяковского (Назарбаева) 84, Грозный, Чеченская Респ., 364000",Грозный,Грозный,Чеченская Республика,Russia,43.3248145,45.68046,3,3,OPERATIONAL,establishment|point_of_interest,ChIJoTVgvyLTUUARshpVIjeCDBw,оптовая база продуктов питания,yes
GFC Russia - продукты для Horeca,"Петропавловское ш., 10, Грозный, Чеченская Респ., 366007",Грозный,Грозный,Чеченская Республика,Russia,43.3427347,45.7051367,5,1,OPERATIONAL,establishment|food|point_of_interest,ChIJ_Rb7ks_RUUAROMuCBwjOxIM,оптовая база продуктов питания,check
Малый Беркат,"ул. Ионисиани, 25, Грозный, Чеченская Респ., 366007",Грозный,Грозный,Чеченская Республика,Russia,43.3197384,45.7321023,4.4,88,OPERATIONAL,establishment|point_of_interest,ChIJlSzn8bLWUUARbAJSO-T7_1I,сельскохозяйственный рынок,check
напитки оптом грозный,"ул. С. Ш. Лорсанова, Грозный, Чеченская Респ., 364061",Грозный,Грозный,Чеченская Республика,Russia,43.3270606,45.6830016,5,4,OPERATIONAL,establishment|point_of_interest,ChIJN7VG6S_TUUARPT3XLkJkM3Q,оптовая база продуктов питания,yes
"ООО ""ПНК""","Моздокская ул., Грозный, Чеченская Респ., 364061",Грозный,Грозный,Чеченская Республика,Russia,43.3384516,45.6710372,5,3,OPERATIONAL,establishment|food|point_of_interest|store,ChIJAYIcTWDRUUAR26avvCh0MTA,оптовая база продуктов питания,check
ООО ЮгАгроХолдин,"ул. С. Ш. Лорсанова, 9, Грозный, Чеченская Респ., 364051",Грозный,Грозный,Чеченская Республика,Russia,43.3229847,45.6903826,5,4,OPERATIONAL,establishment|food|point_of_interest,ChIJlS2E8HvRUUARWkgRQlcJ3bs,плодоовощная база оптовая,yes
Опт-Маркет,"Грозный, Чеченская Респ., 364030",Грозный,Грозный,Чеченская Республика,Russia,43.2886597,45.6753551,4.7,118,OPERATIONAL,establishment|food|grocery_or_supermarket|point_of_interest|store,ChIJMfGaxrfVUUARpy1Y0j00PwA,оптовый продовольственный рынок,yes
Оптовая База Савушкин Продукт,"ул. Ханкальская, 23, Грозный, Чеченская Респ., 364030",Грозный,Грозный,Чеченская Республика,Russia,43.29583239999999,45.72410989999999,3.8,13,OPERATIONAL,establishment|food|grocery_or_supermarket|point_of_interest|store,ChIJbxlPuhfUUUARLvjXGTWnNUs,оптовая база продуктов питания,yes
Оптовая База Чхаран Хи,"Машинная ул., 3, Грозный, Чеченская Респ., 364068",Грозный,Грозный,Чеченская Республика,Russia,43.342245,45.702046,4.6,1472,OPERATIONAL,establishment|food|grocery_or_supermarket|point_of_interest|store|supermarket,ChIJQ_CCOXPRUUARBL8HDLnhg80,оптовый продовольственный рынок,yes
Оптово-розничный магазин,"ул. Маяковского, Грозный, Чеченская Респ., 364061",Грозный,Грозный,Чеченская Республика,Russia,43.3176813,45.6713761,,,OPERATIONAL,establishment|point_of_interest,ChIJg9v5NsHTUUAREwDu9aSMPrI,плодоовощная база оптовая,yes
Оптовый Магазин Балтийский,"Балтийская ул., 10, Грозный, Чеченская Респ., 364068",Грозный,Грозный,Чеченская Республика,Russia,43.344075,45.68091099999999,4.1,80,OPERATIONAL,establishment|food|grocery_or_supermarket|point_of_interest|store|supermarket,ChIJN0Bil5zRUUARrYcD4nCivyQ,оптовый продовольственный рынок,yes
Оптовый Магазин Ирс+,"Грозный, Чеченская Респ., 366002",Грозный,Грозный,Чеченская Республика,Russia,43.3832198,45.5581627,4.5,135,OPERATIONAL,establishment|food|grocery_or_supermarket|point_of_interest|store,ChIJJ6gJ4efNUUARUJhbe-MMKyM,оптовый продовольственный рынок,yes
Оптовый Магазин Продуктов,"ул. Узуева, 139, Грозный, Чеченская Респ., 364030",Грозный,Грозный,Чеченская Республика,Russia,43.2916017,45.7239067,4.4,166,OPERATIONAL,establishment|point_of_interest|store,ChIJM1MTZT7UUUAR9WqzHs7UVTY,оптовый продовольственный рынок,yes
Оптовый Магазин Продуктов И Хозтоваров,"Сормовская ул., 11, Грозный, Чеченская Респ., 364017",Грозный,Грозный,Чеченская Республика,Russia,43.2989578,45.6117524,4.7,15,OPERATIONAL,establishment|food|grocery_or_supermarket|point_of_interest|store,ChIJN5RzeSLTUUAReJIJRUSrHIg,оптовый продовольственный рынок,yes
Оптовый Магазин Шовда,"Город, ул. Маяковского, 159/8, Грозный, Чеченская Респ., 364061",Грозный,Грозный,Чеченская Республика,Russia,43.34017799999999,45.7120104,4.2,10,OPERATIONAL,establishment|food|grocery_or_supermarket|point_of_interest|store,ChIJLybFFy7MUUARoNQGKSSh6oA,оптовый продовольственный рынок,yes
"Оптовый Маркет ""Березка""","Грозный, Чеченская Респ., 364061",Грозный,Грозный,Чеченская Республика,Russia,43.34450409999999,45.6605807,4.5,149,OPERATIONAL,department_store|establishment|point_of_interest|store,ChIJxX9ZXr_RUUARz_fy8N0ZITk,оптовая база продуктов питания,yes
Оптовый Продуктовый Магазин,"Нефтяная ул., 174, Грозный, Чеченская Респ., 364017",Грозный,Грозный,Чеченская Республика,Russia,43.3457785,45.6439001,4.6,17,OPERATIONAL,establishment|food|grocery_or_supermarket|point_of_interest|store,ChIJMWrE2B7SUUARsjdmMa0H73Q,оптовый продовольственный рынок,yes
Оптовый продуктовый склад,"Грозный, Чеченская Респ., 364061",Грозный,Грозный,Чеченская Республика,Russia,43.3369803,45.6578027,3,1,OPERATIONAL,establishment|point_of_interest,ChIJcfObgWjTUUARIiGubrdNCRE,оптовый продовольственный рынок,yes
Оптовый склад,"Дербентская ул., Грозный, Чеченская Респ., 364030",Грозный,Грозный,Чеченская Республика,Russia,43.2902206,45.683765,5,1,OPERATIONAL,establishment|point_of_interest|store,ChIJzeIyBnzUUUARYi0sbFY5K5s,оптовый продовольственный рынок,yes
ОПТОВЫЙ СКЛАД,"Деловая ул., 40, Грозный, Чеченская Респ., 364068",Грозный,Грозный,Чеченская Республика,Russia,43.3365713,45.68898069999999,4,23,OPERATIONAL,establishment|point_of_interest,ChIJCefjOXrRUUAROQt1ctFm01g,оптовый продовольственный рынок,yes
Оптовый Склад Ислам,"Грозный, Чеченская Респ., 364017",Грозный,Грозный,Чеченская Республика,Russia,43.2986909,45.6350405,4.5,260,OPERATIONAL,establishment|food|grocery_or_supermarket|point_of_interest|store|supermarket,ChIJlS-Oiw3TUUARB_FtFJQM-TM,оптовый продовольственный рынок,yes
Рынок,"Речная ул., 55, Грозный, Чеченская Респ., 366317",Грозный,Грозный,Чеченская Республика,Russia,43.3394931,45.7088662,,,OPERATIONAL,establishment|food|grocery_or_supermarket|point_of_interest|store,ChIJ-eG8Gx3RUUARIDMHF7zOGco,сельскохозяйственный рынок,yes
"Рынок ""Беркат""","ул. С. Ш. Лорсанова, 1, Грозный, Чеченская Респ., 364061",Грозный,Грозный,Чеченская Республика,Russia,43.327122,45.6857591,4.1,7207,OPERATIONAL,establishment|point_of_interest,ChIJefp7qGLRUUARSowjGet8XmM,оптовый продовольственный рынок,yes
Рынок 8 Марта,"ул. 8 Марта, 12, Грозный, Чеченская Респ., 364030",Грозный,Грозный,Чеченская Республика,Russia,43.2844907,45.7021363,4.2,457,OPERATIONAL,establishment|point_of_interest,ChIJs_gZmGfUUUARWf8Qr9kxXUw,сельскохозяйственный рынок,yes
Рынок Беркат Микрорайон,"просп. Мохаммеда Али, 43, Грозный, Чеченская Респ., 366007",Грозный,Грозный,Чеченская Республика,Russia,43.3185607,45.733092,4.3,710,OPERATIONAL,establishment|point_of_interest,ChIJ9ZN1o7PWUUARKD7F0xtLpCQ,оптовый продовольственный рынок,yes
Рынок Для Садовода (Беркат),"ул. Г Н Трошева, 96а, Грозный, Чеченская Респ., 364061",Грозный,Грозный,Чеченская Республика,Russia,43.3290716,45.6902408,4.4,532,OPERATIONAL,establishment|point_of_interest,ChIJeerRRGLRUUARaehhn4_Ey24,оптовый продовольственный рынок,yes
Северный рынок Грозный,"Первомайский пер., 14, Грозный, Чеченская Респ., 364068",Грозный,Грозный,Чеченская Республика,Russia,43.3380359,45.69885559999999,4.4,509,OPERATIONAL,establishment|point_of_interest,ChIJgc2_v3HRUUARHKavitVwmJA,оптовый продовольственный рынок,yes
Супермаркет,"ул. Умара Садаева, 32, Грозный, Чеченская Респ., 366007",Грозный,Грозный,Чеченская Республика,Russia,43.3204438,45.7378914,3.7,3,OPERATIONAL,establishment|food|grocery_or_supermarket|point_of_interest|store,ChIJ_SiVPSnXUUAR8xG47Fln79c,сельскохозяйственный рынок,check
ТД СТАТУС,"ул. Сайханова, 170, Грозный, Чеченская Респ., 364030",Грозный,Грозный,Чеченская Республика,Russia,43.2931175,45.689434,5,4,OPERATIONAL,establishment|point_of_interest,ChIJwVk38IjVUUARUfaPSN11pwM,оптовая база продуктов питания,check
Торговая база,"ул. Сайханова, Грозный, Чеченская Респ., 364024",Грозный,Грозный,Чеченская Республика,Russia,43.2894374,45.678567,3,2,OPERATIONAL,establishment|point_of_interest,ChIJY6eNaH7UUUARz1Og6keGHao,плодоовощная база оптовая,yes
"ТЦ Беркат Магазин игрушек. (В здании-""Кассы"")","Грозный, Чеченская Респ., 364061",Грозный,Грозный,Чеченская Республика,Russia,43.3301407,45.6877848,2,3,OPERATIONAL,establishment|point_of_interest|store,ChIJu18E52LRUUAR597ejnEc7LQ,сельскохозяйственный рынок,check
Плодоовощная База Зоя,"ул. Фабричная ветка, 1, Дедовск, Московская обл., 143532",Дедовск,Москва,Москва,Russia,55.86672,37.1219042,4.4,33,OPERATIONAL,establishment|food|point_of_interest,ChIJ2RdI-PdBtUYRKeMbXzMkbu0,плодоовощная база оптовая,yes
Подберезский Комбинат Хлебопродуктов,"дер. Подберезье, Новгородская обл., 173502",дер. Подберезье,Великий Новгород,Новгородская область,Russia,58.69758150000001,31.3774495,4.1,42,OPERATIONAL,establishment|food|point_of_interest|store,ChIJOS6GscuWvkYRCCcGwxIZeyI,оптовая база продуктов питания,check
Пятая Армия,"пос, ул. Стахановская, 49, Дзержинск, Иркутская обл., 664510",Дзержинск,Иркутск,Иркутская область,Russia,52.27716239999999,104.4076278,4.2,10,OPERATIONAL,establishment|food|point_of_interest,ChIJZRXIrGM5qF0RCW9pYF0bMfE,плодоовощная база оптовая,check
Оптовый магазин,"ул. Васо Абаева, 2, Дигора, Респ. Северная Осетия — Алания, 363410",Дигора,Владикавказ,Республика Северная Осетия,Russia,43.01571,44.6835561,3,1,OPERATIONAL,establishment|food|point_of_interest|store,ChIJXSATKWOHWkARVNMXLq9JNwM,оптовая база продуктов питания,yes
Инфреш,"микрорайон Шереметьевский, Южная ул., д. 1, стр. 33, Долгопрудный, Московская обл., 141720",Долгопрудный,Москва,Москва,Russia,55.9760467,37.4942673,4.5,15,OPERATIONAL,establishment|food|point_of_interest,ChIJV972DVg2tUYRoalPHdk8ENw,плодоовощная база оптовая,check
Овощной склад Хлебниково,"Новое ш., 31, Долгопрудный, Московская обл., 141703",Долгопрудный,Москва,Москва,Russia,55.9750862,37.4906997,4,11,OPERATIONAL,establishment|point_of_interest,ChIJP76-fow7tUYR1Pn2isLS-J8,плодоовощная база оптовая,check
ФРУИТ СТРИТ,"Южная ул., 1, строение 18, Долгопрудный, Московская обл., 141720",Долгопрудный,Москва,Москва,Russia,55.9748077,37.4882888,4,309,OPERATIONAL,establishment|food|grocery_or_supermarket|point_of_interest|store,ChIJnwbCYIk7tUYRwlmSwZTBFHs,плодоовощная база оптовая,check
овощной рынок,"Центральная ул., Дорожный, Ростовская обл., 346707",Дорожный,Ростов-на-Дону,Ростовская область,Russia,47.1331083,39.87721,4.4,118,OPERATIONAL,establishment|food|grocery_or_supermarket|point_of_interest|store,ChIJWyoP8omk40ARKCwg443Xoig,оптовый продовольственный рынок,yes
Держи Краба,"ул. Шолом-Алейхема, д. 47А, Биробиджан, Еврейская автономная область, 679016",Еврейская автономная область,Биробиджан,Еврейская АО,Russia,48.7960883,132.9171167,5,4,OPERATIONAL,establishment|food|point_of_interest,ChIJq6q2TysZ8V4RDaasAArvLb8,оптовая база продуктов питания,check
Зелёная Лавка,"ул. Димитрова, 17, Биробиджан, Еврейская автономная область, 679016",Еврейская автономная область,Биробиджан,Еврейская АО,Russia,48.7939016,132.9215536,4.4,249,OPERATIONAL,establishment|food|grocery_or_supermarket|point_of_interest|store,ChIJuQe8ZdQe8V4Rr0XSKiYwECA,оптовый продовольственный рынок,check
Кормс На Брянской,"Биробиджан, Еврейская автономная область, 679016",Еврейская автономная область,Биробиджан,Еврейская АО,Russia,48.7826853,132.9545059,4,1,OPERATIONAL,establishment|food|grocery_or_supermarket|point_of_interest|store,ChIJl3VxK-Qe8V4RB9mFbYizGCw,сельскохозяйственный рынок,check
Магазин Эскиз,"ул. Седьмого Ноября, Биробиджан, Еврейская автономная область, 679002",Еврейская автономная область,Биробиджан,Еврейская АО,Russia,48.7793036,132.9080011,3.5,40,OPERATIONAL,establishment|food|grocery_or_supermarket|point_of_interest|store,ChIJgRZfizAf8V4RMoktiwDNAuA,сельскохозяйственный рынок,check
"Оао ""Центральный Рынок""","ул. Шолом-Алейхема, 3, Биробиджан, Еврейская автономная область, 679016",Еврейская автономная область,Биробиджан,Еврейская АО,Russia,48.7884305,132.9348218,,,OPERATIONAL,establishment|point_of_interest,ChIJ97E0edke8V4RBcIoXX_fORg,сельскохозяйственный рынок,yes
"Ооо ""Бипико Сыр""","ул. Некрасова, 15, Биробиджан, Еврейская автономная область, 679000",Еврейская автономная область,Биробиджан,Еврейская АО,Russia,48.8041665,132.9285393,5,2,OPERATIONAL,establishment|food|point_of_interest,ChIJuWtonTQZ8V4Rqzd-d4Axv8A,оптовая база продуктов питания,check
Продуктовый Магазин,"ул. Дружбы, 16,б, Биробиджан, Еврейская автономная область, 679005",Еврейская автономная область,Биробиджан,Еврейская АО,Russia,48.7875802,132.8868189,4,41,OPERATIONAL,establishment|food|grocery_or_supermarket|point_of_interest|store,ChIJS8RTwM4Y8V4RjL9v6BG9ro0,оптовый продовольственный рынок,check
Славянка,"пр. 60-летия СССР, 9, Биробиджан, Еврейская автономная область, 679000",Еврейская автономная область,Биробиджан,Еврейская АО,Russia,48.78289230000001,132.9362522,3,4,OPERATIONAL,establishment|point_of_interest,ChIJfaadoCAf8V4RNh3juLMCt48,оптовая база продуктов питания,check
Теремок,"Швейный пер., 10, Биробиджан, Еврейская автономная область, 679016",Еврейская автономная область,Биробиджан,Еврейская АО,Russia,48.7971204,132.9171423,3.7,35,OPERATIONAL,establishment|food|grocery_or_supermarket|point_of_interest|store,ChIJYWPXWCsZ8V4RGQmVl8tt4xE,сельскохозяйственный рынок,check
"ТЦ ""БИРА СИТИ""","ул. Советская, 50, Биробиджан, Еврейская автономная область, 679010",Еврейская автономная область,Биробиджан,Еврейская АО,Russia,48.7803537,132.9408312,4.4,595,OPERATIONAL,establishment|food|point_of_interest|restaurant|shopping_mall,ChIJmxvZ-64f8V4RQ2slgB9lWJ4,сельскохозяйственный рынок,check
"ТЦ ""Светофор""","Биробиджан, Еврейская автономная область, 679015",Еврейская автономная область,Биробиджан,Еврейская АО,Russia,48.7656511,132.9367822,4,507,OPERATIONAL,establishment|point_of_interest|shopping_mall,ChIJyf6ZNw4f8V4RDcR2KHY7zzI,оптовый продовольственный рынок,check
Центральный рынок,"ул. Октябрьская, 11, Биробиджан, Еврейская автономная область, 679016",Еврейская автономная область,Биробиджан,Еврейская АО,Russia,48.7885707,132.9323434,4,955,OPERATIONAL,establishment|point_of_interest,ChIJ9ULWntke8V4RyJsyAT1iBFM,оптовый продовольственный рынок,yes
ЦУМ ТЦ,"ул. Шолом-Алейхема, 5, Биробиджан, Еврейская автономная область, 679016",Еврейская автономная область,Биробиджан,Еврейская АО,Russia,48.78908029999999,132.9334553,4.1,496,OPERATIONAL,establishment|point_of_interest|shopping_mall,ChIJH2TLjtke8V4RlggaauNr67A,оптовый продовольственный рынок,check
ЧП Тришкин,"ул. Стяжкина, 26, Биробиджан, Еврейская автономная область, 679000",Еврейская автономная область,Биробиджан,Еврейская АО,Russia,48.7712487,132.9588479,5,2,OPERATIONAL,establishment|food|point_of_interest,ChIJfaadoCAf8V4RW7sqXCPL-CA,оптовая база продуктов питания,check
Сельскохозяйственный оптовый рынок,"Армавирская ул., 202, Ейск, Краснодарский край, 353684",Ейск,Армавир,Краснодарский край,Russia,46.6884954,38.2607218,4.3,1224,OPERATIONAL,establishment|point_of_interest,ChIJGZHSo5cu5EARjJ-BT_or4mU,сельскохозяйственный рынок,yes
"Бест, торговая база","Селькоровская ул., 118, Екатеринбург, Свердловская обл., 620103",Екатеринбург,Екатеринбург,Свердловская область,Russia,56.7415017,60.6014609,5,1,OPERATIONAL,establishment|food|point_of_interest|store,ChIJQyzso2JowUMRzYRrO98GVu8,оптовая база продуктов питания,yes
Большой Сад,"Комсомольская улица, 71А склад 18в, Екатеринбург, Свердловская обл., 620078",Екатеринбург,Екатеринбург,Свердловская область,Russia,56.8309899,60.6658142,4.6,62,OPERATIONAL,establishment|food|point_of_interest,ChIJl_3O8hhswUMRe58QTIQWNpk,оптовый продовольственный рынок,check
Верх-Исетский,"ул. Халтурина, 37, Екатеринбург, Свердловская обл., 620034",Екатеринбург,Екатеринбург,Свердловская область,Russia,56.84977190000001,60.5532452,4.2,2774,OPERATIONAL,establishment|point_of_interest,ChIJmWtpV0huwUMRVFgm6A1q3Mo,оптовый продовольственный рынок,check
"Галерея, оптовая компания, ООО","ул. Малышева, 145, Екатеринбург, Свердловская обл., 620049",Екатеринбург,Екатеринбург,Свердловская область,Russia,56.8421274,60.66573039999999,5,5,OPERATIONAL,establishment|food|point_of_interest,ChIJlxijWzpswUMR-ravnjCZc9M,оптовая база продуктов питания,yes
Гранат,"Завокзальная ул., 4а 10, Екатеринбург, Свердловская обл., 620057",Екатеринбург,Екатеринбург,Свердловская область,Russia,56.8644574,60.595483,5,4,OPERATIONAL,establishment|food|point_of_interest,ChIJxyDuNQNvwUMRPkqSZcOG6Uw,оптовая база продуктов питания,check
"Екатеринбургобщепит, торговая база, ЕМУП","Комсомольская ул., 71А, Екатеринбург, Свердловская обл., 620078",Екатеринбург,Екатеринбург,Свердловская область,Russia,56.8358497,60.66518780000001,5,3,OPERATIONAL,establishment|point_of_interest,ChIJCYNPACNswUMRQKx7AhcnAM0,оптовый продовольственный рынок,yes
Кировский Оптовый Рынок,"ул. Владимира Высоцкого, 45, Екатеринбург, Свердловская обл., 620072",Екатеринбург,Екатеринбург,Свердловская область,Russia,56.8433242,60.69504730000001,4.4,1508,OPERATIONAL,establishment|point_of_interest,ChIJrfwlMUJswUMRl9bC-w_Dx84,оптовый продовольственный рынок,yes
Областная продовольственная торгово-закупочная база Облпотребсоюза,"Комсомольская ул., 72А, Екатеринбург, Свердловская обл., 620078",Екатеринбург,Екатеринбург,Свердловская область,Russia,56.831656,60.662633,5,3,OPERATIONAL,establishment|point_of_interest,ChIJOwu3oBhswUMRPLUOPaWt6sk,оптовый продовольственный рынок,yes
Областной рынок на Громова,"ул. Громова, 145, Екатеринбург, Свердловская обл., 620146",Екатеринбург,Екатеринбург,Свердловская область,Russia,56.7978002,60.56089600000001,4.1,3332,OPERATIONAL,clothing_store|drugstore|establishment|food|furniture_store|grocery_or_supermarket|hair_care|health|home_goods_store|point_of_interest|store,ChIJMWv1OjlvwUMRLvWAhPTtUzE,оптовый продовольственный рынок,yes
Овощебаза,"Екатеринбург, Свердловская обл., 620050",Екатеринбург,Екатеринбург,Свердловская область,Russia,56.86044709999999,60.54675570000001,4.3,15,OPERATIONAL,establishment|point_of_interest|shopping_mall,ChIJuYMEYjpuwUMRN3eVAo1hhC8,плодоовощная база оптовая,yes
Овощебаза № 4,"Завокзальная ул., 26, Екатеринбург, Свердловская обл., 620141",Екатеринбург,Екатеринбург,Свердловская область,Russia,56.86459259999999,60.60020189999999,3.6,1623,OPERATIONAL,establishment|food|grocery_or_supermarket|point_of_interest|store,ChIJm6WCyXRuwUMRZZtLSolAdmY,оптовый продовольственный рынок,yes
"Оптовая база ""Шарташская""","ул. 40-Летия Комсомола, 2б, Екатеринбург, Свердловская обл., 620072",Екатеринбург,Екатеринбург,Свердловская область,Russia,56.8393325,60.6936914,4.8,29,OPERATIONAL,establishment|food|home_goods_store|point_of_interest|store,ChIJR0QVQ2pswUMRgAGOsxvBtfw,оптовый продовольственный рынок,yes
Оптовые ряды,"ул. Владимира Высоцкого, 50Д, Екатеринбург, Свердловская обл., 620072",Екатеринбург,Екатеринбург,Свердловская область,Russia,56.843494,60.70039000000001,4.4,10,OPERATIONAL,establishment|point_of_interest,ChIJdxdywkJswUMRnxUuYAAd26M,оптовый продовольственный рынок,yes
Посейдон,"г. Екатеринбург, Свердловская обл., промзона Новосвердловской ТЭЦ, хладотерминал, офис, Екатеринбург, Свердловская обл., 623702",Екатеринбург,Екатеринбург,Свердловская область,Russia,56.84169300000001,60.85676729999999,4.3,14,OPERATIONAL,establishment|food|point_of_interest,ChIJn2t-jbwUwUMR_EcXtidQtOw,оптовая база продуктов питания,check
Приосколье-Урал,"ул. Краснодарская, 19, Екатеринбург, Свердловская обл., 620033",Екатеринбург,Екатеринбург,Свердловская область,Russia,56.8783509,60.6786338,4.7,11,OPERATIONAL,establishment|food|point_of_interest,ChIJFePbCadtwUMR-k115B3U9zM,оптовая база продуктов питания,check
Продопт 96,"ул. Стрелочников, 19а, Екатеринбург, Свердловская обл., 620107",Екатеринбург,Екатеринбург,Свердловская область,Russia,56.8563968,60.58973379999999,4.5,4,OPERATIONAL,establishment|point_of_interest,ChIJzVc8K2xuwUMRt_JTr71pcZM,плодоовощная база оптовая,yes
"РегионТорг,","ул. Альпинистов, 77к, Екатеринбург, Свердловская обл., 620010",Екатеринбург,Екатеринбург,Свердловская область,Russia,56.7602572,60.7327009,5,1,OPERATIONAL,establishment|point_of_interest,ChIJeSrDsolpwUMR_d2u20PMIu4,оптовая база продуктов питания,check
Свердловская птицефабрика,"Сажинская ул., 6, Екатеринбург, Свердловская обл., 620082",Екатеринбург,Екатеринбург,Свердловская область,Russia,56.7835317,60.73288729999999,4.4,145,OPERATIONAL,establishment|food|point_of_interest,ChIJN5ftHGxpwUMR1aMbewkFBHI,оптовая база продуктов питания,check
Сельскохозяйственный рынок,"ул. Халтурина, 69, Екатеринбург, Свердловская обл., 620141",Екатеринбург,Екатеринбург,Свердловская область,Russia,56.8604778,60.5466162,4.3,172,OPERATIONAL,establishment|food|grocery_or_supermarket|point_of_interest|store,ChIJywEZ8TduwUMRJmJBPTZeAbI,оптовый продовольственный рынок,yes
Склад №6,"Екатеринбург, Свердловская обл., 620138",Екатеринбург,Екатеринбург,Свердловская область,Russia,56.8329609,60.6664885,4.4,180,OPERATIONAL,establishment|food|grocery_or_supermarket|point_of_interest|store,ChIJI01InCJswUMRZNv_41XYspk,оптовый продовольственный рынок,check
Смайли,"Библиотечная ул., 50, Екатеринбург, Свердловская обл., 620078",Екатеринбург,Екатеринбург,Свердловская область,Russia,56.83218129999999,60.6534693,4,4,OPERATIONAL,establishment|point_of_interest,ChIJCxlzVCBswUMRWXtryyby74Y,оптовая база продуктов питания,check
Тепличное,"п. Садовый, 42, ул. Сибирка, Екатеринбург, Свердловская обл., 620135",Екатеринбург,Екатеринбург,Свердловская область,Russia,56.95447919999999,60.6941108,4.3,98,OPERATIONAL,establishment|food|point_of_interest,ChIJxcCgViwNwUMRAf1LJjStbAI,плодоовощная база оптовая,check
"ТК ""Новомосковский""","ул. Металлургов, 70, Екатеринбург, Свердловская обл., 620043",Екатеринбург,Екатеринбург,Свердловская область,Russia,56.8287018,60.51844819999999,4.1,3806,OPERATIONAL,establishment|point_of_interest|shopping_mall,ChIJ-_tFz6NvwUMR9jXGg4n9CLM,оптовый продовольственный рынок,check
Торг-Про,"Сибирский тракт, 25A, Екатеринбург, Свердловская обл., 620100",Екатеринбург,Екатеринбург,Свердловская область,Russia,56.82471899999999,60.65551199999999,4.8,4,OPERATIONAL,establishment|food|point_of_interest,ChIJ3WTVuaBuwUMRdIX53LkTp00,оптовая база продуктов питания,check
"ТоргМастер, ООО","Комсомольская ул., 71ас1, Екатеринбург, Свердловская обл., 620078",Екатеринбург,Екатеринбург,Свердловская область,Russia,56.8312465,60.6648726,,,OPERATIONAL,establishment|food|grocery_or_supermarket|point_of_interest|store,ChIJCYNPACNswUMRfLjN6Ytyw94,оптовая база продуктов питания,check
"Торговый Комплекс ""КОР""","ул. Владимира Высоцкого, 50, Екатеринбург, Свердловская обл., 620072",Екатеринбург,Екатеринбург,Свердловская область,Russia,56.84270549999999,60.6983901,4.4,908,OPERATIONAL,establishment|point_of_interest|shopping_mall,ChIJ11R8X0JswUMRpYJLnxrd1zU,оптовый продовольственный рынок,check
"ТЦ ""ПЕКИН""","ул. Ольховская, 2, Екатеринбург, Свердловская обл., 620050",Екатеринбург,Екатеринбург,Свердловская область,Russia,56.8604025,60.54402880000001,4.1,4255,OPERATIONAL,establishment|point_of_interest|shopping_mall,ChIJsSVteTBuwUMRLgf8GR5kyKA,оптовый продовольственный рынок,check
"ТЦ ""ТАГАНСКИЙ РЯД""","yлица Техническая, 19, ТЦ «Таганский ряд», Екатеринбург, Свердловская обл., 620050",Екатеринбург,Екатеринбург,Свердловская область,Russia,56.8619933,60.5405496,4.2,3010,OPERATIONAL,establishment|point_of_interest|shopping_mall,ChIJbyCGHzBuwUMRfsbYJF9amXI,оптовый продовольственный рынок,check
Фиш-ресурс плюс,"ул. Колхозников, 59А, Екатеринбург, Свердловская обл., 620024",Екатеринбург,Екатеринбург,Свердловская область,Russia,56.7508046,60.60987739999999,4.5,44,OPERATIONAL,establishment|food|point_of_interest,ChIJv12O0KBuwUMRRIwcVGNL5UQ,оптовая база продуктов питания,check
Шарташский рынок,"Восточная ул., 15а, Екатеринбург, Свердловская обл., 620100",Екатеринбург,Екатеринбург,Свердловская область,Russia,56.8300686,60.63760019999999,4.1,4496,OPERATIONAL,establishment|point_of_interest,ChIJmbCAXJluwUMRtkiLB_WNDa0,оптовый продовольственный рынок,yes
Эвэнкс,"просп. Ленина, 52-б, Екатеринбург, Свердловская обл., 620075",Екатеринбург,Екатеринбург,Свердловская область,Russia,56.839247,60.62504199999999,5,3,OPERATIONAL,establishment|food|point_of_interest,ChIJXZ16FYRuwUMR1K-Pn1W6_JE,оптовая база продуктов питания,check
Центральный Рынок,"ул. Интернациональная, 2, Елабуга, Респ. Татарстан, 423602",Елабуга,Набережные Челны,Республика Татарстан,Russia,55.7595454,52.0091085,4,615,OPERATIONAL,establishment|food|grocery_or_supermarket|point_of_interest|store|supermarket,ChIJmSa4RxyMX0ERnXB75dFIf8g,оптовый продовольственный рынок,yes
Овощная База,"трактовая ул., 23, Ембаево, Тюменская обл., 625511",Ембаево,Тюмень,Тюменская область,Russia,57.1486345,65.7758497,1,1,OPERATIONAL,establishment|point_of_interest,ChIJoSRgHHrou0MRcYGngm8BnbU,плодоовощная база оптовая,yes
Продуктовый Рынок,"ул. Советская, 29А, Железнодорожный, Московская обл., 143987",Железнодорожный,Балашиха,Московская область,Russia,55.75160899999999,38.0159328,4.7,12,OPERATIONAL,establishment|point_of_interest,ChIJJyr89jLJSkERfBRJAtN7xmE,оптовый продовольственный рынок,yes
Рынок,"14, 46К, 7011, 10, Железнодорожный, Московская обл., 143980",Железнодорожный,Балашиха,Московская область,Russia,55.7511345,38.0139545,4.3,100,OPERATIONAL,establishment|point_of_interest,ChIJC_t4TjLJSkER7sAzlNicF24,оптовый продовольственный рынок,yes
Колхозный Рынок имени Никиты Кулакова,"ул. Карла Маркса, 39, Зеленодольск, Респ. Татарстан, 422550",Зеленодольск,Подольск,Московская область,Russia,55.850074,48.50035200000001,4.1,1929,OPERATIONAL,establishment|food|grocery_or_supermarket|point_of_interest|store,ChIJt7X3sKjjW0ERszY4QcY40H0,сельскохозяйственный рынок,yes
Виват,"ул. Олеко Дундича, 14, Зеленый, Волгоградская обл., 404113",Зеленый,Волжский,Волгоградская область,Russia,48.7950136,44.6920003,,,OPERATIONAL,establishment|point_of_interest,ChIJ4X7oIgKzGkERtd7C2ZBHvNw,оптовая база продуктов питания,check
"""Рынок Рабочего Поселка"" - социальный магазин","Ленинградская ул., 4, Иваново, Ивановская обл., 153003",Иваново,Иваново,Ивановская область,Russia,57.002966,40.947811,4,171,OPERATIONAL,establishment|point_of_interest|shopping_mall,ChIJLdVbmC0UTUERf1rwFOrI4C0,оптовый продовольственный рынок,yes
"Агро-Опт, ООО","ул. Окуловой, 70, Иваново, Ивановская обл., 153020",Иваново,Иваново,Ивановская область,Russia,56.9936282,41.0462098,3.7,3,OPERATIONAL,establishment|food|point_of_interest,ChIJZTdVI4YTTUERC9ORWpykfms,оптовый продовольственный рынок,yes
Альтернатива Опт,"Сосневский пр-д, 1Б, Иваново, Ивановская обл., 153023",Иваново,Иваново,Ивановская область,Russia,56.98976219999999,41.0469295,5,2,OPERATIONAL,establishment|point_of_interest,ChIJ4bRsjYgTTUER38z3tpyQbKY,оптовый продовольственный рынок,yes
Аристократ,"пр-д Красных Зорь, 4, 10 складское помещение, Иваново, Ивановская обл., 153021",Иваново,Иваново,Ивановская область,Russia,57.005179,40.9331542,3.5,4,OPERATIONAL,establishment|food|point_of_interest,ChIJlegPldMVTUERUaMC8-h3mzM,оптовая база продуктов питания,check
Бакалея Корма,"База ""Продукты, ул. Дзержинского, 10А, Иваново, Ивановская обл., 153025",Иваново,Иваново,Ивановская область,Russia,57.0162419,40.9658758,5,1,OPERATIONAL,establishment|food|point_of_interest|store,ChIJnRQ2SEsUTUERNB7OHaowylM,оптовая база продуктов питания,check
Домашний дворик,"ул. Богдана Хмельницкого, 36, Иваново, Ивановская обл., 153000",Иваново,Иваново,Ивановская область,Russia,56.989267,40.9669326,4,245,OPERATIONAL,establishment|food|grocery_or_supermarket|point_of_interest|store,ChIJpxlWjSEUTUERDB-3gmJTesE,сельскохозяйственный рынок,check
Ивановский торговый комплекс,"ул. Богдана Хмельницкого, 36, Иваново, Ивановская обл., 153000",Иваново,Иваново,Ивановская область,Russia,56.989254,40.96797309999999,3.9,770,OPERATIONAL,establishment|point_of_interest|shopping_mall,ChIJt8_P8yEUTUERkcq1x_5I-yU,оптовый продовольственный рынок,check
Ивмолокопродукт,"11-я Сосневская ул., 95, Иваново, Ивановская обл., 153020",Иваново,Иваново,Ивановская область,Russia,56.9912117,41.0433555,3.8,23,OPERATIONAL,establishment|food|point_of_interest,ChIJP7Ot-T4UTUER-lI7NFPeAeg,оптовая база продуктов питания,check
Караван,"ул. Красных Зорь, 34, Иваново, Ивановская обл., 153021",Иваново,Иваново,Ивановская область,Russia,57.003801,40.921573,4,1,OPERATIONAL,establishment|point_of_interest,ChIJP7Ot-T4UTUERCydSw--qyV8,оптовая база продуктов питания,check
Маштаковъ,"пр. Строителей, 6, Иваново, Ивановская обл., 153038",Иваново,Иваново,Ивановская область,Russia,56.9634345,40.9851531,,,OPERATIONAL,establishment|point_of_interest|store,ChIJpXHWjlIRTUERrWpQjU6rJv8,оптовая база продуктов питания,check
Мега Ойл,"пер. Пограничный, 38, Иваново, Ивановская обл., 153002",Иваново,Иваново,Ивановская область,Russia,57.008779,40.9753819,5,1,OPERATIONAL,establishment|food|point_of_interest,ChIJP7Ot-T4UTUER05jmuUWzTZs,оптовая база продуктов питания,check
МИР ФРУКТОВ,"СК 11, Ярмарочная ул., 5, Иваново, Ивановская обл., 153000",Иваново,Иваново,Ивановская область,Russia,57.00493969999999,40.9408432,5,3,OPERATIONAL,establishment|food|point_of_interest,ChIJP7Ot-T4UTUERWnAwwiRQvpc,оптовый продовольственный рынок,check
Овощная База,"ул. Окуловой, 70, Иваново, Ивановская обл., 153020",Иваново,Иваново,Ивановская область,Russia,56.9957199,41.0396831,,,OPERATIONAL,establishment|point_of_interest,ChIJAQA8AXgUTUERzu50lBHgP3s,оптовый продовольственный рынок,yes
ООО «СладковЪ»,"Гаражная ул., д. 14/26, Иваново, Ивановская обл., 153021",Иваново,Иваново,Ивановская область,Russia,57.00315939999999,40.94011709999999,5,3,OPERATIONAL,establishment|food|point_of_interest,ChIJP5zEKOkVTUERif1Nz8PjMiw,оптовая база продуктов питания,check
ОПТОВАЯ КОМПАНИЯ,"Ярмарочная ул., 5, Иваново, Ивановская обл., 153021",Иваново,Иваново,Ивановская область,Russia,57.004193,40.943563,,,OPERATIONAL,establishment|point_of_interest,ChIJD1DAOS0UTUERXoam4WxhXsg,оптовый продовольственный рынок,yes
"Оптово-текстильный торговый центр ""РИО"" Иваново","Р152, 1д, Иваново, Ивановская обл., 153051",Иваново,Иваново,Ивановская область,Russia,56.9568868,41.0403735,4.5,1209,OPERATIONAL,establishment|food|grocery_or_supermarket|point_of_interest|shopping_mall|store|supermarket,ChIJX1rt2tgTTUERoXweA5UIGCE,оптовый продовольственный рынок,yes
"ПЕКАТЕКА, OOО","улица Загородное шоссе, строение 11, Иваново, Ивановская обл., 153027",Иваново,Иваново,Ивановская область,Russia,56.9466724,40.9745167,5,1,OPERATIONAL,establishment|food|point_of_interest|store,ChIJweq_NroLTUERHx4IGREHRI8,оптовая база продуктов питания,check
Пучежский Сыродельный Завод,"Ярмарочная ул., 5/12, 35г складское помещение, Иваново, Ивановская обл., 153021",Иваново,Иваново,Ивановская область,Russia,57.0043625,40.9437139,,,OPERATIONAL,establishment|food|point_of_interest,ChIJD1DAOS0UTUERZWQ_mmcVzeg,оптовая база продуктов питания,check
Рынок На Станционной,"пр. Ленина, 106/2, Иваново, Ивановская обл., 153002",Иваново,Иваново,Ивановская область,Russia,57.016641,40.969971,4.8,4,OPERATIONAL,establishment|point_of_interest,ChIJybB1nEwUTUEREf2KSOmvQig,оптовый продовольственный рынок,yes
Северовосточная Компания,"ул. Суздальская, 18-а, Иваново, Ивановская обл., 153031",Иваново,Иваново,Ивановская область,Russia,56.9900907,40.9071965,1,4,OPERATIONAL,establishment|food|point_of_interest,ChIJrQUH_2IWTUERVnG93yAz0F8,оптовая база продуктов питания,check
СИНИЙ КИТ,"ул. Короткова, 57, Иваново, Ивановская обл., 153020",Иваново,Иваново,Ивановская область,Russia,57.0066504,41.0272094,3.7,3,OPERATIONAL,establishment|food|point_of_interest,ChIJKyVUm2QUTUERNd8xygPy0lY,оптовая база продуктов питания,check
Социальная ярмарка,"ул. Генерала Хлебникова, 6, Иваново, Ивановская обл., 153035",Иваново,Иваново,Ивановская область,Russia,56.9713462,40.97748929999999,4,96,OPERATIONAL,establishment|food|grocery_or_supermarket|point_of_interest|store,ChIJxUHjr64WTUER5Y0F22pQKJ0,сельскохозяйственный рынок,yes
"ТД ""Партнёр""","ул. Суздальская, 16АлитА61, Иваново, Ивановская обл., 153011",Иваново,Иваново,Ивановская область,Russia,56.9940297,40.9104466,5,1,OPERATIONAL,establishment|food|point_of_interest|store,ChIJGxOUlnwWTUERrNN2Oz8YELs,оптовый продовольственный рынок,check
Текстиль Центр РИО Иваново Оптовый склад,"Кохомское ш., 1д, Иваново, Ивановская обл., 153051",Иваново,Иваново,Ивановская область,Russia,56.9566321,41.0401871,4.6,4899,OPERATIONAL,establishment|point_of_interest|shopping_mall,ChIJN60r49gTTUERFBqH7E5WC_k,оптовый продовольственный рынок,yes
Экзо Фрукт,"ул. Красной Армии, 16, Иваново, Ивановская обл., 153000",Иваново,Иваново,Ивановская область,Russia,56.9940934,40.9750842,5,10,OPERATIONAL,establishment|food|grocery_or_supermarket|point_of_interest|store,ChIJQcicsTcVTUERzkQHMrLPSQQ,оптовый продовольственный рынок,check
"ООО ""Ивушка Иваново""","Деревенская ул., 117, Игнатово, Ивановская обл., 153009",Игнатово,Иваново,Ивановская область,Russia,56.958592,40.9551189,5,3,OPERATIONAL,establishment|food|point_of_interest|store,ChIJvX1xkHAXTUERnezd1AqyzPc,оптовый продовольственный рынок,check
"Айс Вита, торговый дом, ООО ""Удмуртский хладокомбинат""","корп. 1, ул. Маяковского, 44, Ижевск, республика Удмуртия, 426028",Ижевск,Ижевск,Удмуртская Республика,Russia,56.81219489999999,53.2042206,5,1,OPERATIONAL,establishment|food|point_of_interest,ChIJP5KAbx084UMRb_uFWS-MAhA,оптовая база продуктов питания,check
Айском,"ул. Пойма, 32, Ижевск, республика Удмуртия, 426028",Ижевск,Ижевск,Удмуртская Республика,Russia,56.7995653,53.1931534,5,4,OPERATIONAL,establishment|food|point_of_interest,ChIJP0ckoyM84UMRB75ku1J0CtU,оптовая база продуктов питания,check
Ассо-продукт,"ул. Маяковского, 20, Ижевск, республика Удмуртия, 426028",Ижевск,Ижевск,Удмуртская Республика,Russia,56.819627,53.198303,5,1,OPERATIONAL,establishment|point_of_interest,ChIJAz4fb68-4UMR0zYid-P_PNc,оптовая база продуктов питания,check
Ассо-спиритс,"ул. Маяковского, 20, Ижевск, республика Удмуртия, 426000",Ижевск,Ижевск,Удмуртская Республика,Russia,56.819627,53.198303,5,1,OPERATIONAL,establishment|point_of_interest,ChIJnSwIwck-4UMRPBznr8Kq0V0,оптовая база продуктов питания,check
Вещевой рынок,"ул. Орджоникидзе, Ижевск, республика Удмуртия, 426063",Ижевск,Ижевск,Удмуртская Республика,Russia,56.8346443,53.2582664,5,3,OPERATIONAL,establishment|point_of_interest,ChIJ0XlSD2E54UMRk25qiPUf3AQ,сельскохозяйственный рынок,yes
"Вкус востока пироги на заказ и восточные блюда, Славянский базар","ул. Коммунаров, 313, Ижевск, республика Удмуртия, 426000",Ижевск,Ижевск,Удмуртская Республика,Russia,56.8574049,53.2163096,4.1,207,OPERATIONAL,establishment|food|point_of_interest|store,ChIJ_WIIOxg54UMRQpYtreR_1ic,оптовый продовольственный рынок,yes
Владыкинский Рынок,"ул. Карла Либкнехта, 51, Ижевск, республика Удмуртия, 426063",Ижевск,Ижевск,Удмуртская Республика,Russia,56.8386755,53.2302124,3.9,94,OPERATIONAL,establishment|point_of_interest|shopping_mall,ChIJ07sUeUQ54UMRG6H_0hj_cKE,сельскохозяйственный рынок,yes
Восточный Рынок,"Первомайская ул., 40, Ижевск, республика Удмуртия, 426072",Ижевск,Ижевск,Удмуртская Республика,Russia,56.8442382,53.2878494,3.9,9,OPERATIONAL,establishment|point_of_interest,ChIJc2j4d3854UMRLQjaZfJvYuw,оптовый продовольственный рынок,yes
"Зеленая Миля,","ул. Маяковского, 10, Ижевск, республика Удмуртия, 426028",Ижевск,Ижевск,Удмуртская Республика,Russia,56.82986700000001,53.197961,5,1,OPERATIONAL,establishment|point_of_interest,ChIJAUyuhbM-4UMR42UJn_lIAfA,оптовая база продуктов питания,check
Играмолоко,"Пушкинская ул., 198, Ижевск, республика Удмуртия, 426000",Ижевск,Ижевск,Удмуртская Республика,Russia,56.8478012,53.2137572,4.4,18,OPERATIONAL,establishment|food|grocery_or_supermarket|point_of_interest|store,ChIJfbE4RDk54UMRzyW0SReDpAQ,оптовая база продуктов питания,check
Ковчег,"ул. Холмогорова, 70а, Ижевск, республика Удмуртия, 426011",Ижевск,Ижевск,Удмуртская Республика,Russia,56.873779,53.223617,4.1,72,OPERATIONAL,establishment|food|grocery_or_supermarket|point_of_interest|store,ChIJDw9_wf044UMR8XAk63SYGuc,оптовый продовольственный рынок,check
Магазин Дикая Рыба,"ул. Свердлова, 4А, Ижевск, республика Удмуртия, 426008",Ижевск,Ижевск,Удмуртская Республика,Russia,56.8390918,53.1991322,4.1,78,OPERATIONAL,establishment|food|grocery_or_supermarket|point_of_interest|store,ChIJyaXYlzU54UMRkuDAfa4Be_E,сельскохозяйственный рынок,check
Магазин оптовых цен,"ул. Свободы, 167, Ижевск, республика Удмуртия, 426000",Ижевск,Ижевск,Удмуртская Республика,Russia,56.845977,53.210814,2.7,3,OPERATIONAL,establishment|food|grocery_or_supermarket|point_of_interest|store,ChIJqSRIozk54UMRSMcdxP3UF14,оптовый продовольственный рынок,yes
Металлург,"Школьная ул., 44а, Ижевск, республика Удмуртия, 426054",Ижевск,Ижевск,Удмуртская Республика,Russia,56.8766206,53.1846901,4.4,90,OPERATIONAL,establishment|point_of_interest,ChIJebl06uk44UMReU0GtfNSZRE,оптовый продовольственный рынок,check
Милком,"Воткинское ш., 178, Ижевск, республика Удмуртия, 427011",Ижевск,Ижевск,Удмуртская Республика,Russia,56.8974065,53.3064964,4.2,94,OPERATIONAL,establishment|food|point_of_interest,ChIJt-DVf9U54UMR1mDoUJlO7Ps,оптовая база продуктов питания,check
Мясобаза № 1,"ул. Маяковского, 48, Ижевск, республика Удмуртия, 426028",Ижевск,Ижевск,Удмуртская Республика,Russia,56.809212,53.205011,3.6,22,OPERATIONAL,establishment|food|point_of_interest,ChIJ963lTxw84UMRjlofUF1Ln_E,оптовая база продуктов питания,yes
Овощебаза,"ул. Пойма, 23, Ижевск, республика Удмуртия, 426028",Ижевск,Ижевск,Удмуртская Республика,Russia,56.8025779,53.1976317,4.4,114,OPERATIONAL,establishment|food|point_of_interest|store,ChIJV0vCnxg84UMRvIpUkyE8TsU,оптовый продовольственный рынок,yes
"ООО ""Ледяной Мир""","ул. Пойма, 29, Ижевск, республика Удмуртия, 426000",Ижевск,Ижевск,Удмуртская Республика,Russia,56.8013759,53.1944728,5,1,OPERATIONAL,establishment|food|point_of_interest|store,ChIJX_WtqCM84UMRVJQPc_iBFHo,оптовая база продуктов питания,check
Оптовая База,"ул. Телегина, 41, Ижевск, республика Удмуртия, 426006",Ижевск,Ижевск,Удмуртская Республика,Russia,56.8342811,53.1616607,5,1,OPERATIONAL,establishment|furniture_store|home_goods_store|point_of_interest|store,ChIJ11uaYcQ-4UMRce4pDZUawh4,оптовый продовольственный рынок,yes
Оптовая База Цветов Азалия,"ул. Азина, 4 корпус 5, Ижевск, республика Удмуртия, 426010",Ижевск,Ижевск,Удмуртская Республика,Russia,56.8264878,53.18429949999999,3.8,5,OPERATIONAL,establishment|point_of_interest,ChIJjzGtBhQ_4UMRd6MdhrdwERY,плодоовощная база оптовая,yes
ОПТОВАЯ КОМПАНИЯ,"Салютовская ул., 1, Ижевск, республика Удмуртия, 426053",Ижевск,Ижевск,Удмуртская Республика,Russia,56.8844547,53.26175019999999,3,2,OPERATIONAL,establishment|food|point_of_interest,ChIJTwXQTbM54UMRQ4nOjxr3B_k,оптовая база продуктов питания,yes
Оптовый склад,"1 этаж, Союзная ул., 75, Ижевск, республика Удмуртия, 426000",Ижевск,Ижевск,Удмуртская Республика,Russia,56.8523359,53.3029269,,,OPERATIONAL,establishment|point_of_interest,ChIJP-ofuog54UMRXYHilnnrP2M,оптовый продовольственный рынок,yes
Помидор,"ул. Карла Либкнехта, 10, Ижевск, республика Удмуртия, 426003",Ижевск,Ижевск,Удмуртская Республика,Russia,56.8374516,53.2136581,4.6,141,OPERATIONAL,establishment|point_of_interest,ChIJqzMhhEk54UMRx9GaP9X_bgw,оптовый продовольственный рынок,check
Продмаркет,"ул. 40 лет Победы, 2, Ижевск, республика Удмуртия, 426033",Ижевск,Ижевск,Удмуртская Республика,Russia,56.8547118,53.2794523,3,1,OPERATIONAL,establishment|food|grocery_or_supermarket|point_of_interest|store,ChIJg2QZ9Jw54UMRUpZ2PxMXwIs,сельскохозяйственный рынок,check
Продуктовая Оптовая База,"ул. Маяковского, 13, Ижевск, республика Удмуртия, 426028",Ижевск,Ижевск,Удмуртская Республика,Russia,56.8211489,53.2001752,,,OPERATIONAL,establishment|point_of_interest|store,ChIJ9enJAa8-4UMRxVMm4ouhpHc,плодоовощная база оптовая,yes
Продукты Питания,"улица проезд Дзержинского, 3 А, Ижевск, республика Удмуртия, 426063",Ижевск,Ижевск,Удмуртская Республика,Russia,56.8313753,53.250699,4.2,5,OPERATIONAL,establishment|food|grocery_or_supermarket|point_of_interest|store,ChIJnSwIwck-4UMRdF9Uj-rGDgQ,оптовый продовольственный рынок,check
"Продфуд, ООО","ул. Орджоникидзе, 13 В, Ижевск, республика Удмуртия, 426063",Ижевск,Ижевск,Удмуртская Республика,Russia,56.8354502,53.2519505,,,OPERATIONAL,establishment|food|point_of_interest,ChIJG4XQ1OE74UMRMR2QtTkEbW0,оптовый продовольственный рынок,check
"Рыбный склад на Орджоникидзе, оптовая и розничная продажа свежемороженой рыбы","ул. Орджоникидзе, 1а, Ижевск, республика Удмуртия, 426000",Ижевск,Ижевск,Удмуртская Республика,Russia,56.835524,53.256435,5,1,OPERATIONAL,establishment|food|point_of_interest|store,ChIJUymPu4454UMRHQ5RDRE9l-8,оптовый продовольственный рынок,yes
Северный рынок,"9 Января ул., 223, Ижевск, республика Удмуртия, 426050",Ижевск,Ижевск,Удмуртская Республика,Russia,56.8785436,53.2522479,3.8,514,OPERATIONAL,establishment|point_of_interest,ChIJz4njDq054UMRSYuENqSc7WU,оптовый продовольственный рынок,yes
Сенная площадь,"ул. Красноармейская, 126, Ижевск, республика Удмуртия, 426000",Ижевск,Ижевск,Удмуртская Республика,Russia,56.8379631,53.2119684,4.1,396,OPERATIONAL,establishment|point_of_interest,ChIJcUZNAkk54UMRn_B-G7H5iQo,оптовый продовольственный рынок,check
Союзпродукт,"ул. Пойма, 37, Ижевск, республика Удмуртия, 426028",Ижевск,Ижевск,Удмуртская Республика,Russia,56.7982247,53.1999029,3.5,2,OPERATIONAL,establishment|point_of_interest,ChIJ_0ru7CI84UMRSd3WFzB9ZsE,оптовый продовольственный рынок,check
"ТК ""ПРОДУКТОРИЯ"" (ИП Семенова Н.В.)","ул. Удмуртская респ., Салютовская ул., 11, Ижевск, республика Удмуртия, 426053",Ижевск,Ижевск,Удмуртская Республика,Russia,56.886366,53.266232,4.6,5,OPERATIONAL,establishment|food|point_of_interest,ChIJnSwIwck-4UMRaguaV6WPbfM,оптовый продовольственный рынок,check
Торговая компания Дельфин,"ул. Ключевой поселок, 11А/4, Ижевск, республика Удмуртия, 426063",Ижевск,Ижевск,Удмуртская Республика,Russia,56.8369386,53.2536312,5,4,OPERATIONAL,establishment|food|point_of_interest|store,ChIJ98nZEnw54UMRQaQM67Mz-5I,оптовая база продуктов питания,check
Удмуртпотребсоюз,"Пушкинская ул., 217, Ижевск, республика Удмуртия, 426076",Ижевск,Ижевск,Удмуртская Республика,Russia,56.8488365,53.2155127,3.8,6,OPERATIONAL,establishment|food|point_of_interest,ChIJoW6_rz454UMR66Aru0fOIto,оптовая база продуктов питания,check
Холод-Сервис,"ул. Пойма, 32, Ижевск, республика Удмуртия, 426028",Ижевск,Ижевск,Удмуртская Республика,Russia,56.7995653,53.1931534,5,1,OPERATIONAL,establishment|point_of_interest,ChIJP0ckoyM84UMRtYH9hRJyTx0,оптовый продовольственный рынок,check
Центральный рынок,"ул. Красноармейская, 126, Ижевск, республика Удмуртия, 426057",Ижевск,Ижевск,Удмуртская Республика,Russia,56.8391667,53.2111111,4,2803,OPERATIONAL,establishment|point_of_interest,ChIJ38IHUEg54UMRi7VAzPc3SPg,оптовый продовольственный рынок,yes
Эко рынок,"ул. Азина, 152, Эко рынок, Ижевск, республика Удмуртия, 426019",Ижевск,Ижевск,Удмуртская Республика,Russia,56.8159625,53.17590939999999,4.4,581,OPERATIONAL,establishment|point_of_interest,ChIJS_7CqaI-4UMR3jY1Mzf8-LU,оптовый продовольственный рынок,yes
Эко рынок,"ул. Серова, 46, Ижевск, республика Удмуртия, 426000",Ижевск,Ижевск,Удмуртская Республика,Russia,56.8665515,53.24374900000001,4.3,635,OPERATIONAL,establishment|point_of_interest,ChIJFRf4LQY54UMRSJ7AElj9Lzk,сельскохозяйственный рынок,yes
"Эко рынок ""Баварский""","ул. Халтурина, 146, Ижевск, республика Удмуртия, 426060",Ижевск,Ижевск,Удмуртская Республика,Russia,56.8649597,53.25596609999999,4.5,6,OPERATIONAL,establishment|food|grocery_or_supermarket|point_of_interest|store,ChIJKTXR7wM54UMRmiOEYbhWpKo,сельскохозяйственный рынок,yes
"Эко Рынок, ТЦ Клубный","Клубная ул., 24, Ижевск, республика Удмуртия, 426006",Ижевск,Ижевск,Удмуртская Республика,Russia,56.83122179999999,53.1501323,4.4,381,OPERATIONAL,establishment|point_of_interest|shopping_mall,ChIJTbpYL-g-4UMRMhZVXlUi4gE,сельскохозяйственный рынок,yes
Эко-рынок Север,"ул. Кирова, 140, Ижевск, республика Удмуртия, 426008",Ижевск,Ижевск,Удмуртская Республика,Russia,56.8617603,53.21585469999999,4.1,159,OPERATIONAL,atm|establishment|finance|food|grocery_or_supermarket|point_of_interest|store,ChIJmXe9ORk54UMR0mdnVJlr03M,сельскохозяйственный рынок,yes
Экорынок,"Ижевск, республика Удмуртия, 426053",Ижевск,Ижевск,Удмуртская Республика,Russia,56.8775731,53.2687029,4,4,OPERATIONAL,establishment|point_of_interest,ChIJ_W3XF_w54UMROtQ2FImezz0,сельскохозяйственный рынок,yes
Центральный Рынок,"пер. Ленина, 16, Изобильный, Ставропольский край, 356140",Изобильный,Ставрополь,Ставропольский край,Russia,45.3716566,41.708726,3.9,684,OPERATIONAL,establishment|point_of_interest,ChIJd04BMgRv-UARhDhl8YMXOL8,сельскохозяйственный рынок,yes
BazaR,"Трактовая ул., 35, Иркутск, Иркутская обл., 664014",Иркутск,Иркутск,Иркутская область,Russia,52.3299014,104.2361144,4.1,1307,OPERATIONAL,establishment|point_of_interest|shopping_mall,ChIJDQL-tqYlqF0RMud8FySSQSY,сельскохозяйственный рынок,check
АНГИР-ИРКУТСК,"строение 6, Воронежская ул., 2, 15 офис, 3 этаж, Иркутск, Иркутская обл., 664043",Иркутск,Иркутск,Иркутская область,Russia,52.2708331,104.2281868,5,1,OPERATIONAL,establishment|point_of_interest,ChIJU68rpWIjqF0R-2hIGAs9zIU,плодоовощная база оптовая,check
База,"1-я Московская ул., 1Н, Иркутск, Иркутская обл., 664014",Иркутск,Иркутск,Иркутская область,Russia,52.3251364,104.2638991,5,1,OPERATIONAL,establishment|point_of_interest,ChIJJazpyxYlqF0ROY-NyFJXU8Q,плодоовощная база оптовая,yes
База Иркутский Облпотребсоюз,"ул. Олега Кошевого, 61, Иркутск, Иркутская обл., 664014",Иркутск,Иркутск,Иркутская область,Russia,52.3260626,104.2483798,3.9,12,OPERATIONAL,establishment|food|point_of_interest,ChIJMZKKJg8lqF0RG6wKTp3HOTc,оптовая база продуктов питания,yes
Байкал Продукт,"Полярная ул., 104а, Иркутск, Иркутская обл., 664014",Иркутск,Иркутск,Иркутская область,Russia,52.3320409,104.267266,4.7,105,OPERATIONAL,establishment|food|point_of_interest|store,ChIJey6Wq2wlqF0RoQq-koDoI9M,оптовая база продуктов питания,check
Бакалея,"Трактовая ул., 18/19, Иркутск, Иркутская обл., 664024",Иркутск,Иркутск,Иркутская область,Russia,52.3180095,104.2369079,4.1,1803,OPERATIONAL,establishment|point_of_interest|shopping_mall,ChIJWR3ixQAlqF0Rj6qI5Qev96Y,оптовый продовольственный рынок,check
Большой Сад 38,"ул. Воровского, 19Б, Иркутск, Иркутская обл., 664014",Иркутск,Иркутск,Иркутская область,Russia,52.3424109,104.253429,4.5,2,OPERATIONAL,establishment|point_of_interest,ChIJY4DghgIlqF0Rb-7BvXLdpos,плодоовощная база оптовая,check
Вещевой Рынок,"Байкальская ул., 1, Иркутск, Иркутская обл., 664007",Иркутск,Иркутск,Иркутская область,Russia,52.281256,104.296635,3.6,9,OPERATIONAL,establishment|point_of_interest,ChIJsQpGOEY7qF0RZcqNvho8Xcg,сельскохозяйственный рынок,yes
Впрок,"Иркутск Трактовая 18/1а БЦ Шоколад, Иркутск, Иркутская обл., 664024",Иркутск,Иркутск,Иркутская область,Russia,52.3190926,104.2354106,3,2,OPERATIONAL,establishment|point_of_interest,ChIJF-4_uhMlqF0R7GURcxXrMpM,оптовая база продуктов питания,check
Знаменский,"ул. Баррикад, 26, Иркутск, Иркутская обл., 664001",Иркутск,Иркутск,Иркутская область,Russia,52.2929764,104.3106371,4.3,1524,OPERATIONAL,establishment|point_of_interest|shopping_mall,ChIJC5b6tzw7qF0RSiJRe-dFbEA,оптовый продовольственный рынок,check
"Иркутская дистрибьюторская компания, ООО","Трактовая ул., 18/34, Иркутск, Иркутская обл., 664024",Иркутск,Иркутск,Иркутская область,Russia,52.31684869999999,104.2393951,3.7,18,OPERATIONAL,establishment|point_of_interest,ChIJQYOO8gAlqF0R-KLYko3HrTw,оптовый продовольственный рынок,check
Казанский,"ул. Баррикад, 32А/1, Иркутск, Иркутская обл., 664001",Иркутск,Иркутск,Иркутская область,Russia,52.2923,104.315,4.2,1041,OPERATIONAL,establishment|point_of_interest,ChIJJXirOD07qF0Rd4Hc_-8rCos,оптовый продовольственный рынок,check
Китай Город,"Челябинская ул., 27, Иркутск, Иркутская обл., 664035",Иркутск,Иркутск,Иркутская область,Russia,52.3239513,104.295313,4,5386,OPERATIONAL,establishment|point_of_interest|shopping_mall,ChIJwQVrbTYlqF0RY-JbbpzlO9E,сельскохозяйственный рынок,check
Китайский Рынок,"Иркутск, Иркутская обл., 664003",Иркутск,Иркутск,Иркутская область,Russia,52.2788767,104.295253,3.9,46,OPERATIONAL,establishment|food|grocery_or_supermarket|point_of_interest|store|supermarket,ChIJRRzX50U7qF0R74Ieb7JkUpQ,оптовый продовольственный рынок,yes
Китайский Рынок,"ул. Фридриха Энгельса, 40, Иркутск, Иркутская обл., 664007",Иркутск,Иркутск,Иркутская область,Russia,52.289208,104.308266,3.5,80,OPERATIONAL,establishment|food|grocery_or_supermarket|point_of_interest|store|supermarket,ChIJzYioEDw7qF0RtIDBykp2ZEg,сельскохозяйственный рынок,yes
Колхозный Рынок,"Иркутск, Иркутская обл., 664035",Иркутск,Иркутск,Иркутская область,Russia,52.3257925,104.3067587,3.9,122,OPERATIONAL,establishment|point_of_interest,ChIJJZO5Yco6qF0RcXIpYwKZkyQ,сельскохозяйственный рынок,yes
Медуза,"ул. Медведева, 1, Иркутск, Иркутская обл., 664043",Иркутск,Иркутск,Иркутская область,Russia,52.27298200000001,104.229199,5,1,OPERATIONAL,establishment|food|point_of_interest,ChIJSaTuOZ0kqF0RYBzKeoVqMs8,плодоовощная база оптовая,check
Мельниковский,"ул. Березовая Роща, 64б, Иркутск, Иркутская обл., 664043",Иркутск,Иркутск,Иркутская область,Russia,52.2626528,104.2226912,4,621,OPERATIONAL,establishment|point_of_interest,ChIJC7jVNWUjqF0RG8giNF3lOJk,оптовый продовольственный рынок,check
Овощебаза,"Толевая ул., 4, Иркутск, Иркутская обл., 664014",Иркутск,Иркутск,Иркутская область,Russia,52.34069059999999,104.2502746,3.9,61,OPERATIONAL,establishment|food|grocery_or_supermarket|point_of_interest|store,ChIJJbwB8Z0lqF0RIhGRRUmiAzM,оптовый продовольственный рынок,yes
Овощи фрукты,"Подаптечная ул., 3, Иркутск, Иркутская обл., 664007",Иркутск,Иркутск,Иркутская область,Russia,52.2857426,104.3110705,5,1,OPERATIONAL,establishment|food|point_of_interest|store,ChIJmbv2cHg7qF0R7dnwdQuUNTA,плодоовощная база оптовая,check
"ООО ""АРТЕМ""","Трактовая ул., 1 корпус 1, Иркутск, Иркутская обл., 664024",Иркутск,Иркутск,Иркутская область,Russia,52.3181285,104.2383988,,,OPERATIONAL,establishment|point_of_interest,ChIJWXxVPaolqF0RfRyTrlMvxMg,плодоовощная база оптовая,check
"ООО ""Глобус""","3-я Берег Ангары ул., 42, Иркутск, Иркутская обл., 664014",Иркутск,Иркутск,Иркутская область,Russia,52.32632599999999,104.268844,3.9,19,OPERATIONAL,establishment|point_of_interest,ChIJxRMs2BUlqF0RMXoyQT2JZY4,плодоовощная база оптовая,check
"ООО ""Продбаза""","ул. Олега Кошевого, 65/19, Иркутск, Иркутская обл., 664014",Иркутск,Иркутск,Иркутская область,Russia,52.327501,104.2432166,,,OPERATIONAL,establishment|point_of_interest,ChIJKSZXuAklqF0Rs2HNvTEVPI0,плодоовощная база оптовая,yes
ООО Продагро,"Трактовая ул., строение 14/12, Иркутск, Иркутская обл., 664024",Иркутск,Иркутск,Иркутская область,Russia,52.3143565,104.2412938,4.7,23,OPERATIONAL,establishment|food|point_of_interest,ChIJz0AduAElqF0RsjeKsVpIAwY,оптовый продовольственный рынок,yes
Оптовая компания,"Иркутск, Иркутская обл., 664001",Иркутск,Иркутск,Иркутская область,Russia,52.293737,104.316491,5,1,OPERATIONAL,establishment|point_of_interest,ChIJS-TYriI7qF0Rp0LlxoasZ2s,оптовая база продуктов питания,yes
Оптовая продажа овощей от производителя,"24-, Толевая ул., 7, Иркутск, Иркутская обл., 664002",Иркутск,Иркутск,Иркутская область,Russia,52.3419837,104.252655,4.2,334,OPERATIONAL,establishment|food|grocery_or_supermarket|point_of_interest|store,ChIJhw_zr3clqF0R2ehy3t-o5dQ,оптовый продовольственный рынок,yes
Оптово-розничный магазин,"ул. Фурье, 16, универмаг 1000 мелочей, Иркутск, Иркутская обл., 664003",Иркутск,Иркутск,Иркутская область,Russia,52.282007,104.295312,,,OPERATIONAL,establishment|food|point_of_interest,ChIJDTh7KkY7qF0R8xZCl-MIXYA,плодоовощная база оптовая,yes
Оптовый Рынок Бакалея,"Кедровая ул., 17/1, Иркутск, Иркутская обл., 664014",Иркутск,Иркутск,Иркутская область,Russia,52.3251485,104.2540901,4.1,14,OPERATIONAL,establishment|point_of_interest,ChIJ88eazA8lqF0RqvU-MC3YvGI,оптовый продовольственный рынок,yes
Плодово-Овощная База,"Иркутск, Иркутская обл., 664014",Иркутск,Иркутск,Иркутская область,Russia,52.3406645,104.2496796,3.9,314,OPERATIONAL,establishment|food|grocery_or_supermarket|point_of_interest|store|supermarket,ChIJTSrAFXYlqF0RtwPUki63tqw,плодоовощная база оптовая,yes
Покровский,"Челябинская ул., 29, Иркутск, Иркутская обл., 664035",Иркутск,Иркутск,Иркутская область,Russia,52.326428,104.292532,4.1,884,OPERATIONAL,establishment|point_of_interest,ChIJJZSB7sQlqF0RbGA4SwPt5Ds,сельскохозяйственный рынок,check
Продуктовый рынок,"ТЦ ""Сезон"", ул. Свердлова, 36, Иркутск, Иркутская обл., 664025",Иркутск,Иркутск,Иркутская область,Russia,52.2860356,104.2888258,3.6,8,OPERATIONAL,establishment|food|point_of_interest,ChIJx3iB-TU7qF0RFDtUP7wu0qk,оптовый продовольственный рынок,yes
Рынок,"ул. Лермонтова, 277А, Иркутск, Иркутская обл., 664033",Иркутск,Иркутск,Иркутская область,Russia,52.2489005,104.2722761,4.8,5,OPERATIONAL,establishment|food|grocery_or_supermarket|point_of_interest|store,ChIJK6H7xrY8qF0Rs11KSbixl18,оптовый продовольственный рынок,yes
Рынок Волжский,"Волжская ул., 14а, Иркутск, Иркутская обл., 664046",Иркутск,Иркутск,Иркутская область,Russia,52.2635841,104.3140024,4.1,644,OPERATIONAL,establishment|food|grocery_or_supermarket|point_of_interest|store,ChIJw8C0HmM7qF0RM-5lfUD9Clo,оптовый продовольственный рынок,yes
Рынок Привоз,"Трактовая ул., 14 корпус 2, Иркутск, Иркутская обл., 664024",Иркутск,Иркутск,Иркутская область,Russia,52.3189739,104.237312,3.9,185,OPERATIONAL,establishment|food|grocery_or_supermarket|point_of_interest|store|supermarket,ChIJ47ZdrAAlqF0RR2GI1RvZgLo,оптовый продовольственный рынок,yes
Свердловский рынок,"Иркутск, Иркутская обл., 664005",Иркутск,Иркутск,Иркутская область,Russia,52.2798862,104.2522074,4.1,1682,OPERATIONAL,establishment|food|grocery_or_supermarket|point_of_interest|store,ChIJsQP-zbwkqF0R3vTZdAhhD-Q,оптовый продовольственный рынок,yes
Торговая компания Альфа,"Трактовая ул., 18В, Иркутск, Иркутская обл., 664024",Иркутск,Иркутск,Иркутская область,Russia,52.3204388,104.2341042,5,1,OPERATIONAL,establishment|food|grocery_or_supermarket|point_of_interest|store,ChIJDzYhPlAvqF0RabfsuXBXXno,оптовая база продуктов питания,check
Торговая компания И Рыба И Мясо,"ул. Олега Кошевого, 61/6, Иркутск, Иркутская обл., 664014",Иркутск,Иркутск,Иркутская область,Russia,52.326018,104.249895,4.3,89,OPERATIONAL,establishment|food|point_of_interest,ChIJW-xb3g4lqF0RUmEpyXRo8Lg,оптовый продовольственный рынок,check
Торгсервис,"Зимняя ул., 1, Иркутск, Иркутская обл., 664019",Иркутск,Иркутск,Иркутская область,Russia,52.2919014,104.3428495,4.2,1221,OPERATIONAL,establishment|food|grocery_or_supermarket|point_of_interest|shopping_mall|store,ChIJp70x5gY7qF0R04YaB7UTkN8,оптовый продовольственный рынок,check
Традиции Вкуса ОПТ / Продукты Беларуси,"ул. Воровского, 31/6, Иркутск, Иркутская обл., 664000",Иркутск,Иркутск,Иркутская область,Russia,52.335483,104.2517776,4,4,OPERATIONAL,establishment|point_of_interest,ChIJ5fVx9RIlqF0R5HweNhxzX7w,оптовая база продуктов питания,yes
Традиции Вкуса. Продукты Беларуси и Армении,"Юрия Тена, 12, мкр-н Союз, Иркутск, Иркутская обл., 664000",Иркутск,Иркутск,Иркутская область,Russia,52.25273,104.2603634,5,2,OPERATIONAL,establishment|food|point_of_interest|store,ChIJH7GQ7dcjqF0RXYDMNApx5zE,оптовая база продуктов питания,check
Труд-2,"ул. Генерала Доватора, 2а, Иркутск, Иркутская обл., 664014",Иркутск,Иркутск,Иркутская область,Russia,52.3294039,104.240014,5,1,OPERATIONAL,establishment|food|point_of_interest,ChIJfykHkBIlqF0RmeANkcYnMvU,оптовая база продуктов питания,check
Ушаковский Рынок,"Иркутск, Иркутская обл., 664001",Иркутск,Иркутск,Иркутская область,Russia,52.2967367,104.2944146,4,409,OPERATIONAL,establishment|food|grocery_or_supermarket|point_of_interest|store,ChIJDx6v5S07qF0Rhp_ApidTgx4,оптовый продовольственный рынок,yes
Фермерский рынок,"Ангарская ул., 28, Иркутск, Иркутская обл., 664000",Иркутск,Иркутск,Иркутская область,Russia,52.30420059999999,104.2938013,5,1,OPERATIONAL,establishment|point_of_interest,ChIJmeEj4io7qF0RtEaqjSbbeVA,сельскохозяйственный рынок,yes
Фруктовая лавка,"ул. Воровского, 23, Иркутск, Иркутская обл., 664014",Иркутск,Иркутск,Иркутская область,Russia,52.332559,104.2567969,1,1,OPERATIONAL,establishment|food|point_of_interest,ChIJZ3uxoXQlqF0R6dXJEbkoqMw,плодоовощная база оптовая,check
Фруктовое пати,"Дальневосточная ул., 106, Иркутск, Иркутская обл., 664082",Иркутск,Иркутск,Иркутская область,Russia,52.255515,104.3135071,5,1,OPERATIONAL,establishment|food|point_of_interest|store,ChIJ0UQUh9gjqF0RT6d7ih5LA1c,плодоовощная база оптовая,check
Хладагент,"ул. Генерала Доватора, 27, Иркутск, Иркутская обл., 664014",Иркутск,Иркутск,Иркутская область,Russia,52.33099499999999,104.242581,4.8,11,OPERATIONAL,establishment|food|point_of_interest|store,ChIJE-ocQwolqF0RizZ_L0YtsNg,оптовая база продуктов питания,check
Центральный рынок,"ул. Чехова, 22, Иркутск, Иркутская обл., 664003",Иркутск,Иркутск,Иркутская область,Russia,52.2829146,104.2954624,3.8,4576,OPERATIONAL,atm|establishment|finance|food|grocery_or_supermarket|point_of_interest|store,ChIJUy93d0g7qF0RNH2vTpB5K9M,оптовый продовольственный рынок,yes
Элит Трейд,"Трактовая ул., 6а, Иркутск, Иркутская обл., 664024",Иркутск,Иркутск,Иркутская область,Russia,52.3142356,104.2405343,2.9,14,OPERATIONAL,establishment|point_of_interest,ChIJOQ5onlovqF0R14clwQgNKBI,оптовая база продуктов питания,check
Ярмарка универсальная,"Волжская ул., 14а, Иркутск, Иркутская обл., 664046",Иркутск,Иркутск,Иркутская область,Russia,52.26388,104.313744,3.8,60,OPERATIONAL,establishment|point_of_interest,ChIJkZQ9HGM7qF0RjtFoBmBszzc,оптовый продовольственный рынок,yes
Zelen,"ул. Красноармейская, 119, ТЦ Зелен, 2 этаж, Йошкар-Ола, Респ. Марий Эл, 424019",Йошкар-Ола,Йошкар-Ола,Республика Марий Эл,Russia,56.6415553,47.8503918,4.3,95,OPERATIONAL,establishment|point_of_interest|shopping_mall,ChIJRTxvzKPrWUER_XSJL9GMy8Y,оптовый продовольственный рынок,check
"АКАШЕВО, сеть фирменных магазинов","б-р Чавайна, д.16, Йошкар-Ола, Респ. Марий Эл, 424033",Йошкар-Ола,Йошкар-Ола,Республика Марий Эл,Russia,56.6314377,47.91745179999999,1,1,OPERATIONAL,establishment|food|point_of_interest,ChIJ1Rtux0LrWUERF-CS8GktJoM,оптовая база продуктов питания,check
АРСТРЕЙД,"ул. Соловьева, 44, Йошкар-Ола, Респ. Марий Эл, 424006",Йошкар-Ола,Йошкар-Ола,Республика Марий Эл,Russia,56.6271217,47.8663943,2.5,2,OPERATIONAL,establishment|food|grocery_or_supermarket|point_of_interest|store,ChIJldPATUnrWUERpFEHT9LjSfw,оптовый продовольственный рынок,check
Бакалея,"ТЦ ""ЭКО Рынок"", Первомайская ул., 115Б, отдел 185, Йошкар-Ола, Респ. Марий Эл, 424000",Йошкар-Ола,Йошкар-Ола,Республика Марий Эл,Russia,56.63333,47.884364,,,OPERATIONAL,establishment|food|grocery_or_supermarket|point_of_interest|store,ChIJt5ni_DPrWUERquNl-DdS4nU,оптовый продовольственный рынок,check
Вкус морей,"Йошкар-Ола, Респ. Марий Эл, 424005",Йошкар-Ола,Йошкар-Ола,Республика Марий Эл,Russia,56.6528398,47.9538905,5,2,OPERATIONAL,establishment|point_of_interest,ChIJLbVI_qSVWUERT7tbqVcVY78,оптовая база продуктов питания,check
Игрушки,"ул. Гончарова, 25А, Йошкар-Ола, Респ. Марий Эл, 424000",Йошкар-Ола,Йошкар-Ола,Республика Марий Эл,Russia,56.615796,47.8848879,4.8,20,OPERATIONAL,establishment|point_of_interest|store,ChIJ5bY_3bCUWUERF_1kt1RZhXg,оптовый продовольственный рынок,check
Йошкар-Олинский мясокомбинат,"Кокшайский пр-д, 44, Йошкар-Ола, Респ. Марий Эл, 424006",Йошкар-Ола,Йошкар-Ола,Республика Марий Эл,Russia,56.60792859999999,47.8788103,4.5,233,OPERATIONAL,establishment|food|grocery_or_supermarket|point_of_interest|store,ChIJVVVVVTHrWUERtVy7NAaTbBs,оптовый продовольственный рынок,check
Йошкар-Олинский Хладокомбинат,"ул. Машиностроителей, 126, Йошкар-Ола, Респ. Марий Эл, 424007",Йошкар-Ола,Йошкар-Ола,Республика Марий Эл,Russia,56.626661,47.8229929,4.3,6,OPERATIONAL,establishment|point_of_interest,ChIJVVVVVTHrWUERxmwJdSt7VEQ,оптовая база продуктов питания,check
Кредо,"Складская ул., 25, Йошкар-Ола, Респ. Марий Эл, 424016",Йошкар-Ола,Йошкар-Ола,Республика Марий Эл,Russia,56.6180396,47.8960391,,,OPERATIONAL,establishment|point_of_interest,ChIJrUrP9reUWUERzgg_I2txq50,оптовая база продуктов питания,check
МЕГАСНАБ,"Сернурский тракт, 13а, Йошкар-Ола, Респ. Марий Эл, 424005",Йошкар-Ола,Йошкар-Ола,Республика Марий Эл,Russia,56.64809529999999,47.9523182,4.4,147,OPERATIONAL,establishment|food|furniture_store|home_goods_store|point_of_interest|store,ChIJr5c7ITSVWUERSldRN-TpJ58,оптовый продовольственный рынок,check
Миркур,"Вознесенская ул., 74, Йошкар-Ола, Респ. Марий Эл, 424000",Йошкар-Ола,Йошкар-Ола,Республика Марий Эл,Russia,56.635962,47.900005,3.4,5,OPERATIONAL,establishment|food|point_of_interest|store,ChIJG_XDAi3rWUERcyVuXvYdvK0,оптовый продовольственный рынок,check
На Гончарова,"Торговая База, ул. Гончарова, 2А, Йошкар-Ола, Респ. Марий Эл, 424006",Йошкар-Ола,Йошкар-Ола,Республика Марий Эл,Russia,56.6154206,47.8898337,3.7,41,OPERATIONAL,establishment|food|meal_takeaway|point_of_interest|restaurant,ChIJy3kD_bmUWUER3IVEVxsNUEM,оптовая база продуктов питания,check
Нокс,"Складская ул., 22, Йошкар-Ола, Респ. Марий Эл, 424016",Йошкар-Ола,Йошкар-Ола,Республика Марий Эл,Russia,56.6173375,47.8953666,,,OPERATIONAL,establishment|food|point_of_interest,ChIJVVVVVTHrWUERz_A6WSRELcU,оптовый продовольственный рынок,check
"ООО ""Клен""","Советская ул., дом 127, оф. 1, Йошкар-Ола, Респ. Марий Эл, 424000",Йошкар-Ола,Йошкар-Ола,Республика Марий Эл,Russia,56.6352635,47.8980071,1,1,OPERATIONAL,establishment|general_contractor|point_of_interest,ChIJPfT4TyzrWUERBIdhYSSYbvk,оптовый продовольственный рынок,check
Оптовый Склад,"ул. Гончарова, 2-а, 2 Секция, Йошкар-Ола, Респ. Марий Эл, 424006",Йошкар-Ола,Йошкар-Ола,Республика Марий Эл,Russia,56.615097,47.8910789,3.7,61,OPERATIONAL,establishment|food|point_of_interest,ChIJt6r95LmUWUERSra0Qvehjvk,оптовый продовольственный рынок,yes
"Пивмаг, Магазин Разливного Пива","ул. Красноармейская, 118А, Йошкар-Ола, Респ. Марий Эл, 424000",Йошкар-Ола,Йошкар-Ола,Республика Марий Эл,Russia,56.6448186,47.8560628,4.9,7,OPERATIONAL,establishment|point_of_interest,ChIJfU4Sei-VWUERJLJl4Dkrujs,оптовая база продуктов питания,check
Продсклад Победа,"Ленинский пр., 22А, Йошкар-Ола, Респ. Марий Эл, 424033",Йошкар-Ола,Йошкар-Ола,Республика Марий Эл,Russia,56.62747109999999,47.9062489,4.4,105,OPERATIONAL,establishment|food|grocery_or_supermarket|point_of_interest|store,ChIJ010hrX2VWUER8v9-RTpyark,оптовый продовольственный рынок,check
ПТИЦА,"Первомайская ул., 101, Йошкар-Ола, Респ. Марий Эл, 424036",Йошкар-Ола,Йошкар-Ола,Республика Марий Эл,Russia,56.642654,47.890569,2.3,3,OPERATIONAL,establishment|food|point_of_interest,ChIJ--uRXi_rWUERoNgWe6AwfxA,оптовая база продуктов питания,check
"Сахарок, Оптовый Склад","ул. Соловьева, 44, Йошкар-Ола, Респ. Марий Эл, 424006",Йошкар-Ола,Йошкар-Ола,Республика Марий Эл,Russia,56.6279175,47.8669236,4,5,OPERATIONAL,establishment|food|point_of_interest,ChIJldPATUnrWUERA8bHtX0KgH8,оптовый продовольственный рынок,yes
Сернурский Сырзавод,"ул. Щусева, 4, Йошкар-Ола, Респ. Марий Эл, 424000",Йошкар-Ола,Йошкар-Ола,Республика Марий Эл,Russia,56.630361,47.853604,5,2,OPERATIONAL,establishment|food|point_of_interest,ChIJ4Sg5r0XrWUERtv4OoIuVx28,оптовый продовольственный рынок,check
"Союз, Тп","ул. Соловьева, 18, Йошкар-Ола, Респ. Марий Эл, 424006",Йошкар-Ола,Йошкар-Ола,Республика Марий Эл,Russia,56.620433,47.87621,,,OPERATIONAL,establishment|point_of_interest,ChIJVVVVVTHrWUER50oatvxCrCM,оптовая база продуктов питания,check
"Толстяк, Оптовый Склад","ул. Луначарского, 52, Йошкар-Ола, Респ. Марий Эл, 424016",Йошкар-Ола,Йошкар-Ола,Республика Марий Эл,Russia,56.617897,47.89834459999999,3,2,OPERATIONAL,establishment|food|point_of_interest,ChIJ2eVLBriUWUER0t6iReA2AtI,оптовая база продуктов питания,yes
Толстячок,"ул. Луначарского, 91, Йошкар-Ола, Респ. Марий Эл, 424016",Йошкар-Ола,Йошкар-Ола,Республика Марий Эл,Russia,56.6179766,47.899587,4.8,8,OPERATIONAL,establishment|food|grocery_or_supermarket|point_of_interest|store,ChIJSQ6oi8eUWUERyFdgnrGal8Y,оптовый продовольственный рынок,check
Топаз,"ул. Строителей, 88, Йошкар-Ола, Респ. Марий Эл, 424000",Йошкар-Ола,Йошкар-Ола,Республика Марий Эл,Russia,56.6251926,47.8502642,2.3,3,OPERATIONAL,establishment|food|grocery_or_supermarket|point_of_interest|storage|store,ChIJ7yORc1DrWUERPeA_v2QW6xQ,оптовая база продуктов питания,check
"ТЦ ""Центральный рынок""","Первомайская ул., 115, Йошкар-Ола, Респ. Марий Эл, 424002",Йошкар-Ола,Йошкар-Ола,Республика Марий Эл,Russia,56.6332305,47.8846765,4.3,1489,OPERATIONAL,atm|establishment|finance|food|grocery_or_supermarket|point_of_interest|shopping_mall|store,ChIJVQmD1i_rWUERRhn_Bf9PAtY,оптовый продовольственный рынок,yes
Центральный Строительный Рынок,"Сернурский тракт, 14/1, Йошкар-Ола, Респ. Марий Эл, 424005",Йошкар-Ола,Йошкар-Ола,Республика Марий Эл,Russia,56.647274,47.94942090000001,4.6,36,OPERATIONAL,establishment|point_of_interest,ChIJZdAgJTSVWUERmJl78l0nz5c,оптовый продовольственный рынок,yes
ЧП Маркелов,"ул. Соловьева, 46, Йошкар-Ола, Респ. Марий Эл, 424008",Йошкар-Ола,Йошкар-Ола,Республика Марий Эл,Russia,56.627411,47.866044,5,1,OPERATIONAL,establishment|food|grocery_or_supermarket|point_of_interest|store,ChIJB9OjS0nrWUERZeTxa5xklYk,оптовый продовольственный рынок,check
Ленком Чита,"Охранный туп., владение 3, Кадалинка, Забайкальский край, 672026",Кадалинка,Чита,Забайкальский край,Russia,52.01393119999999,113.3503112,4.3,24,OPERATIONAL,establishment|food|point_of_interest,ChIJ6QH37h00yl0RPOQ94hgKZZA,оптовая база продуктов питания,check
Торговая База,"к, Тихорецкая ул., 1 корпус 1, Казань, Техническая ул., 15, Казани, Респ. Татарстан, 420054",Казани,Казань,Республика Татарстан,Russia,55.7320365,49.1336713,5,1,OPERATIONAL,establishment|point_of_interest,ChIJZ9cu7xisXkERlo-wHODja5E,оптовый продовольственный рынок,yes
APRIL cash&carry,"Бухарская ул., 3, Казань, Респ. Татарстан, 420000",Казань,Казань,Республика Татарстан,Russia,55.7778394,49.1932905,3.7,37,OPERATIONAL,establishment|point_of_interest,ChIJF6lhIY2tXkER3PI3mYTyJEk,оптовая база продуктов питания,check
BAZAR,"ул. Гвардейская, 33, Казань, Респ. Татарстан, 420073",Казань,Казань,Республика Татарстан,Russia,55.78553609999999,49.1716797,4,1,OPERATIONAL,establishment|food|point_of_interest,ChIJVVVlgpytXkERL9QUBzmYwGk,плодоовощная база оптовая,check
Hatay market,"ул. Баумана, 68, Казань, Респ. Татарстан, 420111",Казань,Казань,Республика Татарстан,Russia,55.789405,49.117164,3.7,15,OPERATIONAL,establishment|food|furniture_store|home_goods_store|point_of_interest|store,ChIJo9BIaFWtXkERSzS1URoBWLw,оптовая база продуктов питания,yes
X5 Retail group,"пр-т. Хусаина Ямашева, 93, ТК ""Савиново"", Казань, Респ. Татарстан, 421001",Казань,Казань,Республика Татарстан,Russia,55.8258112,49.1481773,4.6,34,OPERATIONAL,establishment|food|point_of_interest,ChIJ-Z6hGa-yXkERRfyJ7ajiG58,оптовая база продуктов питания,check
Агропромышленный парк Казань,"Агропромышленный парк ""Казань"", Аграрная ул., 2, Казань, Респ. Татарстан, 420061",Казань,Казань,Республика Татарстан,Russia,55.7939703,49.2132898,4.4,602,OPERATIONAL,cafe|establishment|food|lodging|point_of_interest|real_estate_agency|shopping_mall|storage,ChIJU46zFXCyXkERAPmReDnLU1Q,сельскохозяйственный рынок,yes
Айс фреш,"Проточная ул., 8, Казань, Респ. Татарстан, 420034",Казань,Казань,Республика Татарстан,Russia,55.8135117,49.085789,,,OPERATIONAL,establishment|point_of_interest,ChIJUwbPaMtSWUERCi0hilJ0cK8,оптовая база продуктов питания,check
"АО ""Агропромышленный парк ""Казань""","Аграрная ул., 2, Казань, Респ. Татарстан, 420030",Казань,Казань,Республика Татарстан,Russia,55.7939703,49.2132898,4.4,1177,OPERATIONAL,establishment|food|grocery_or_supermarket|point_of_interest|real_estate_agency|shopping_mall|store,ChIJYYtVkqjjW0ERdlyuZht8bhg,сельскохозяйственный рынок,yes
Басмати рис оптом,"ул. Мартына Межлаука, 22, Казань, Респ. Татарстан, 420021",Казань,Казань,Республика Татарстан,Russia,55.7843087,49.1057745,,,OPERATIONAL,establishment|food|point_of_interest,ChIJI5YTUPStXkERxcq34x2Nf4M,оптовая база продуктов питания,yes
Блошиный рынок Книжка,"ул. Карима Тинчурина, 15, Казань, Респ. Татарстан, 420021",Казань,Казань,Республика Татарстан,Russia,55.7752743,49.1073297,4.6,299,OPERATIONAL,establishment|point_of_interest,ChIJCabzrv2sXkERoxV992B5lOw,сельскохозяйственный рынок,yes
Вьетнамский рынок,"улица Журналистов, 100к1 Журналистов 100к2 Журналистов 100к3, ул. Журналистов, 100, Казань, Респ. Татарстан, 420053",Казань,Казань,Республика Татарстан,Russia,55.8278561,49.1959071,4,5401,OPERATIONAL,clothing_store|establishment|point_of_interest|store,ChIJGw9ATeqyXkERY1wqWVWLosE,оптовый продовольственный рынок,yes
Гурман Фреш (Интернет магазин),"ул. Яшь кыч, 6, Казань, Респ. Татарстан, 420108",Казань,Казань,Республика Татарстан,Russia,55.7522473,49.10764,4.7,20,OPERATIONAL,establishment|food|point_of_interest|store,ChIJNYt81kKsXkERwKgeAEtUBRc,оптовая база продуктов питания,check
ДАЛИМО,"ул. Родины, 7, Казань, Респ. Татарстан, 420087",Казань,Казань,Республика Татарстан,Russia,55.77221290000001,49.1950027,3.8,19,OPERATIONAL,establishment|point_of_interest,ChIJl4Ey_eytXkERDyiZKAYpmA4,оптовая база продуктов питания,check
Даурия,"ул. Даурская, 38, 144 павильон, Казань, Респ. Татарстан, 420087",Казань,Казань,Республика Татарстан,Russia,55.7640385,49.1747095,4,242,OPERATIONAL,establishment|point_of_interest,ChIJPVYPMcetXkER8eBpYmf9izk,оптовый продовольственный рынок,check
Казанский Оптово-Продовольственный Склад,"Тихорецкая ул., 11 корпус 1, Казань, Респ. Татарстан, 420054",Казань,Казань,Республика Татарстан,Russia,55.73160439999999,49.1256215,4.2,28,OPERATIONAL,establishment|food|grocery_or_supermarket|point_of_interest|store,ChIJF8uXjhmsXkERqQSRnPUkKvc,оптовый продовольственный рынок,yes
Колхозный Рынок,"ул. Мартына Межлаука, 13, Казань, Респ. Татарстан, 420111",Казань,Казань,Республика Татарстан,Russia,55.7865501,49.1083838,4.1,5914,OPERATIONAL,establishment|point_of_interest,ChIJpSft5ButXkERdf1ICAMt-u4,оптовый продовольственный рынок,yes
Маряна-Регион,"Тихорецкая ул., 41, Казань, Респ. Татарстан, 420054",Казань,Казань,Республика Татарстан,Russia,55.7296437,49.1303163,5,2,OPERATIONAL,establishment|point_of_interest,ChIJa1yxWxmsXkEROHLGvqQovqY,плодоовощная база оптовая,check
Московский Рынок,"ул. Шамиля Усманова, 1, Казань, Респ. Татарстан, 420034",Казань,Казань,Республика Татарстан,Russia,55.8282243,49.0799758,4,4592,OPERATIONAL,cafe|establishment|food|grocery_or_supermarket|point_of_interest|store,ChIJXXoNOblSWUERsHLj0TNZzXo,оптовый продовольственный рынок,yes
Намаскар,"ул. Вишневского, 21, Казань, Респ. Татарстан, 420097",Казань,Казань,Республика Татарстан,Russia,55.789195,49.15266399999999,5,1,OPERATIONAL,establishment|food|point_of_interest,ChIJ93M1QXStXkERT-G5H68GkG8,оптовая база продуктов питания,check
Овощи-фрукты,"ул. Гвардейская, 53Б, Казань, Респ. Татарстан, 420087",Казань,Казань,Республика Татарстан,Russia,55.770809,49.176588,4.3,274,OPERATIONAL,establishment|food|point_of_interest|store,ChIJMzkbK76tXkER87DX0oa7ywA,плодоовощная база оптовая,check
"ООО "" Плодоовощная база""","ул. Адоратского, 65, Казань, Респ. Татарстан, 420132",Казань,Казань,Республика Татарстан,Russia,55.8437831,49.1449341,5,1,OPERATIONAL,establishment|point_of_interest,ChIJozx_YFhNWUERuU8-Fo_3xd4,плодоовощная база оптовая,yes
"ООО ""ЗИЛАНТИЯ""","ул. Клары Цеткин, 19, оф.18, Казань, Респ. Татарстан, 420088",Казань,Казань,Республика Татарстан,Russia,55.7984137,49.0571293,5,1,OPERATIONAL,establishment|food|point_of_interest,ChIJ3Z-MDJSzXkERK8B4AmP_w5s,оптовая база продуктов питания,check
"ООО ""Оптовый рынок ""Анис""","ООО “Оптовый рынок “Анис”, Портовая ул., 17А, Казань, Респ. Татарстан, 420055",Казань,Казань,Республика Татарстан,Russia,55.77042549999999,49.0958973,4.3,183,OPERATIONAL,establishment|point_of_interest|storage,ChIJTegScvqsXkERX6iyigMyp5I,оптовый продовольственный рынок,yes
"ООО ""Юником""","ул. Габдуллы Кариева, 3, корпус 1, 3 этаж, Казань, Респ. Татарстан, 420029",Казань,Казань,Республика Татарстан,Russia,55.7858429,49.18284060000001,5,3,OPERATIONAL,establishment|food|point_of_interest,ChIJq4Y8g5GyXkERRE8j-ks5BuI,оптовая база продуктов питания,check
"Оптово-продовольственный рынок ""Борисково""","Тихорецкая ул., 6 а, Казань, Респ. Татарстан, 420054",Казань,Казань,Республика Татарстан,Russia,55.7321733,49.1237478,4.3,44,OPERATIONAL,establishment|point_of_interest,ChIJo1c5Nh-sXkERUAvWJwVi7pk,оптовый продовольственный рынок,yes
Оптовый рынок № 4,"ул. Тэцевская, 8 а, Казань, Респ. Татарстан, 420036",Казань,Казань,Республика Татарстан,Russia,55.8525352,49.0291137,4.3,464,OPERATIONAL,establishment|point_of_interest,ChIJ66c56TutXkERZaqN-Lhjf0g,оптовый продовольственный рынок,yes
Пекарь Шахин,"ул. Ботаническая, д23/31, Казань, Респ. Татарстан, 420059",Казань,Казань,Республика Татарстан,Russia,55.765044,49.140727,4.5,31,OPERATIONAL,bakery|establishment|food|point_of_interest|store,ChIJI3pOe7KtXkERhLZvz29RtC0,оптовая база продуктов питания,check
Поволжская Торговая компания,"ул. Восстания, д.100, Казань, Респ. Татарстан, 420095",Казань,Казань,Республика Татарстан,Russia,55.8335915,49.0512234,5,1,OPERATIONAL,establishment|point_of_interest,ChIJ_cIGRuxSWUERiMqH3c4vyMQ,плодоовощная база оптовая,check
Привоз,"ул. Адоратского, 65, Казань, Респ. Татарстан, 420132",Казань,Казань,Республика Татарстан,Russia,55.8437831,49.1449341,4.1,1905,OPERATIONAL,establishment|point_of_interest,ChIJxXYxK0pNWUERowYBW5mJmN0,оптовый продовольственный рынок,check
Приволжский Рынок,"пр-т. Победы, 48Б, Казань, Респ. Татарстан, 420138",Казань,Казань,Республика Татарстан,Russia,55.748771,49.20823499999999,4.7,21,OPERATIONAL,establishment|point_of_interest,ChIJB19cRnSuXkERvp-uj0PCjIk,сельскохозяйственный рынок,yes
"Прод-Ресурс,","ул. Лебедева, 1, корпус 6, Казань, Респ. Татарстан, 420087",Казань,Казань,Республика Татарстан,Russia,55.7542724,49.1200065,3.7,3,OPERATIONAL,establishment|food|point_of_interest,ChIJdQjlf-2tXkERbTLDCoPb6iI,оптовая база продуктов питания,check
Продуктовый Рынок,"ул. Мартына Межлаука, 13, Казань, Респ. Татарстан, 420111",Казань,Казань,Республика Татарстан,Russia,55.78643599999999,49.1085051,,,OPERATIONAL,establishment|food|grocery_or_supermarket|point_of_interest|store,ChIJpSft5ButXkER_45M7v0t3MA,сельскохозяйственный рынок,yes
Птичий Рынок,"ул. Мартына Межлаука, 13, Казань, Респ. Татарстан, 420111",Казань,Казань,Республика Татарстан,Russia,55.78643599999999,49.108505,4.2,194,OPERATIONAL,establishment|pet_store|point_of_interest|store,ChIJtf0rP9KtXkERIpqpjM1NtzY,сельскохозяйственный рынок,yes
Рынок На Мавлютова,"ул. Хусаина Мавлютова, Казань, Респ. Татарстан, 420101",Казань,Казань,Республика Татарстан,Russia,55.7547767,49.18868740000001,4,1646,OPERATIONAL,establishment|point_of_interest,ChIJC0VzpNutXkERFMJ6Q55dIws,сельскохозяйственный рынок,yes
"Рынок Продуктов ""Привоз Фермер""","2-я Старо-Аракчинская ул., 11 дом ,2 корпус, Казань, Респ. Татарстан, 420079",Казань,Казань,Республика Татарстан,Russia,55.8007147,48.9677787,,,OPERATIONAL,establishment|food|grocery_or_supermarket|point_of_interest|store,ChIJ1a8TAotTWUERvdjmXAO1oTM,сельскохозяйственный рынок,yes
Сервис-Холод,"ул. Халитова, 4А, Казань, Респ. Татарстан, 420000",Казань,Казань,Республика Татарстан,Russia,55.8191143,49.1867339,4.1,102,OPERATIONAL,establishment|point_of_interest|store,ChIJbZnrDZSyXkERQjLm_c3hkK8,оптовый продовольственный рынок,check
Тайника,"ул. Тэцевская, 1а, Казань, Респ. Татарстан, 420127",Казань,Казань,Республика Татарстан,Russia,55.84804579999999,49.0908178,,,OPERATIONAL,establishment|food|point_of_interest,ChIJQwHs7mdSWUERBEXjU6062QU,оптовая база продуктов питания,check
ТатСпайс,"ул., д, 7А корпус 1, пом. 35, Казань, Респ. Татарстан, 420054",Казань,Казань,Республика Татарстан,Russia,55.72901,49.12109599999999,4.6,9,OPERATIONAL,establishment|point_of_interest,ChIJR2yH5RqsXkERCnmfepTS2sA,оптовый продовольственный рынок,check
ТК Родина,"ул. Родины, 33а, Казань, Респ. Татарстан, 420129",Казань,Казань,Республика Татарстан,Russia,55.760238,49.19572789999999,4,2198,OPERATIONAL,establishment|point_of_interest,ChIJXavFkxquXkERJ8t2Bi369bA,оптовый продовольственный рынок,check
Торговая слобода,"Рынок ""Торговая слобода"", ул. Бурхана Шахиди, 26, Отдел А3, Казань, Респ. Татарстан, 420021",Казань,Казань,Республика Татарстан,Russia,55.7856058,49.1059631,4.2,94,OPERATIONAL,establishment|point_of_interest,ChIJUQqSHBytXkER9QHOr1PiBhs,оптовый продовольственный рынок,check
Хозмаркет,"ул. Журналистов, 101, Казань, Респ. Татарстан, 420088",Казань,Казань,Республика Татарстан,Russia,55.8288282,49.1940342,4.3,97,OPERATIONAL,establishment|home_goods_store|point_of_interest|store,ChIJpyNIAOqyXkERGb7V-exbVgo,оптовый продовольственный рынок,check
Центральный рынок,"ул. Мартына Межлаука, 13, Казань, Респ. Татарстан, 420111",Казань,Казань,Республика Татарстан,Russia,55.7864528,49.1084991,4.3,1282,OPERATIONAL,establishment|point_of_interest,ChIJ3xt1SBmtXkERjfHR8ekoUas,оптовый продовольственный рынок,yes
Чеховский рынок,"ул. Чехова, Казань, Респ. Татарстан, 420012",Казань,Казань,Республика Татарстан,Russia,55.7892865,49.1476145,3.7,798,OPERATIONAL,establishment|point_of_interest,ChIJn7sufXOtXkERxPtfVihSYnw,сельскохозяйственный рынок,yes
Ягодная Слобода Продуктово-вещевой Рынок,"Краснококшайская ул., 140, Казань, Респ. Татарстан, 420032",Казань,Казань,Республика Татарстан,Russia,55.81789029999999,49.0593996,4.3,21,OPERATIONAL,establishment|point_of_interest,ChIJCdvGJ9tSWUERt3NiYeNDyCU,сельскохозяйственный рынок,yes
"""Сладкий Опт"" Кондитерский склад. Опт и розница","Московский пр., 187 к2, Калининград, Калининградская обл., 236006",Калининград,Калининград,Калининградская область,Russia,54.71001339999999,20.5607125,4.9,10,OPERATIONAL,establishment|food|point_of_interest,ChIJo3LwdXEW40YRqddLgD4noNE,оптовый продовольственный рынок,yes
100% хлопок,"ул. Дзержинского, 79, Павильон 8, Калининград, Калининградская обл., 236004",Калининград,Калининград,Калининградская область,Russia,54.6847381,20.534233,4,1665,OPERATIONAL,establishment|point_of_interest|shopping_mall,ChIJH-X-HFoW40YRHcmMO9aq62g,сельскохозяйственный рынок,check
5 Продуктовый мини рынок,"ул. Герцена, 6, Калининград, Калининградская обл., 238324",Калининград,Калининград,Калининградская область,Russia,54.7474494,20.525878,4.2,173,OPERATIONAL,atm|establishment|finance|food|grocery_or_supermarket|point_of_interest|store,ChIJ6V6nlYsV40YRXkz19wrPnrM,сельскохозяйственный рынок,yes
777+,"ул. Суворова, 112, Калининград, Калининградская обл., 236005",Калининград,Калининград,Калининградская область,Russia,54.6846421,20.4574623,4.5,877,OPERATIONAL,establishment|point_of_interest|shopping_mall,ChIJJQzrkWc940YRtIvQCq1WyiM,оптовый продовольственный рынок,check
"Fruit, овощная база","ул. Полоцкая, 1, Калининград, Калининградская обл., 236039",Калининград,Калининград,Калининградская область,Russia,54.7030519,20.4992424,4.1,10,OPERATIONAL,establishment|food|point_of_interest|store,ChIJG-o7xxcW40YRp7wUe5Lt0hQ,оптовый продовольственный рынок,yes
Авторынок Борисово,"ул. Емельянова, 319, Калининград, Калининградская обл., 238325",Калининград,Калининград,Калининградская область,Russia,54.67377399999999,20.6292845,3.6,483,OPERATIONAL,establishment|point_of_interest,ChIJFUlFMzcR40YRMuaRm5EfN_c,сельскохозяйственный рынок,yes
База,"ул. Портовая, 18, Калининград, Калининградская обл., 236039",Калининград,Калининград,Калининградская область,Russia,54.7052154,20.4996967,4.3,145,OPERATIONAL,establishment|food|point_of_interest,ChIJw92bABkW40YRi-Z2Q_SCxXQ,оптовый продовольственный рынок,yes
База Деда Мороза,"ул. Ялтинская, 44, Калининград, Калининградская обл., 236019",Калининград,Калининград,Калининградская область,Russia,54.703713,20.547935,4.1,8,OPERATIONAL,establishment|food|point_of_interest|store,ChIJKzXOomQW40YRbvqJ1Tk5tLA,оптовый продовольственный рынок,yes
Балтийская трапеза,"ул. Нансена, 76, Калининград, Калининградская обл., 236039",Калининград,Калининград,Калининградская область,Russia,54.694559,20.4741341,2.5,8,OPERATIONAL,establishment|point_of_interest,ChIJjQ_h3Ic940YR_0qxamp5JZo,оптовая база продуктов питания,check
Балтийский рынок,"ул. Киевская, 80, Калининград, Калининградская обл., 236005",Калининград,Калининград,Калининградская область,Russia,54.68176649999999,20.4744816,3.7,2034,OPERATIONAL,establishment|point_of_interest,ChIJU1XEmdQX40YRQPtMxXMhmJU,оптовый продовольственный рынок,yes
Белкин склад,"ул. Театральная, д.30, Калининград, Калининградская обл., 236022",Калининград,Калининград,Калининградская область,Russia,54.71841800000001,20.5007704,4.9,9,OPERATIONAL,establishment|food|grocery_or_supermarket|point_of_interest|store,ChIJyx4T0gMW40YRNUw6lTGfr7g,оптовый продовольственный рынок,check
Блошиный рынок,"ул. Профессора Баранова, 2А, Калининград, Калининградская обл., 236029",Калининград,Калининград,Калининградская область,Russia,54.7225227,20.514301,4.5,32,OPERATIONAL,establishment|point_of_interest,ChIJHZO-iwcW40YR0NmmmyG-5wc,сельскохозяйственный рынок,yes
Городская ярмарка,"ул. Портовая, 20а, Калининград, Калининградская обл., 236039",Калининград,Калининград,Калининградская область,Russia,54.705416,20.497512,4.3,469,OPERATIONAL,establishment|point_of_interest,ChIJ628VHRkW40YRHNZ_H_6fRpE,оптовый продовольственный рынок,yes
ЗАПАДПРОДИМПОРТ,"ул. Профессора Баранова, 6, оф. 407, Калининград, Калининградская обл., 236006",Калининград,Калининград,Калининградская область,Russia,54.721632,20.511517,5,1,OPERATIONAL,establishment|food|point_of_interest,ChIJcW96cwcW40YRook-FFjs3dQ,оптовая база продуктов питания,check
Захаровский рынок,"ул. Генерал-лейтенанта Захарова, 2, Калининград, Калининградская обл., 236023",Калининград,Калининград,Калининградская область,Russia,54.7353099,20.4709035,4,955,OPERATIONAL,establishment|food|grocery_or_supermarket|point_of_interest|store,ChIJ1RavUgs-40YRWWIarJaiUeQ,оптовый продовольственный рынок,yes
ИП Мосейчук Р. С.,"ул. Камская, 65 а, Калининград, Калининградская обл., 236005",Калининград,Калининград,Калининградская область,Russia,54.6682358,20.4647858,5,1,OPERATIONAL,establishment|point_of_interest,ChIJr_G8XNkX40YRwWKJhK-IDMs,оптовая база продуктов питания,check
Компания Питер-Кёльн,"ул. Сержанта Колоскова, 2а, литер 1, этаж подвал, 1 этаж, Калининград, Калининградская обл., 236022",Калининград,Калининград,Калининградская область,Russia,54.7190108,20.4843603,5,1,OPERATIONAL,establishment|food|point_of_interest|store,ChIJHa0ktvs940YRIKmgLu_yijQ,оптовая база продуктов питания,check
Маяк,"ул. Театральная, д.21, Калининград, Калининградская обл., 236006",Калининград,Калининград,Калининградская область,Russia,54.716532,20.500209,4.2,3531,OPERATIONAL,establishment|point_of_interest|shopping_mall,ChIJqcXnowMW40YR031H2XSCN6s,сельскохозяйственный рынок,check
Мини-рынок,"ул. Горького, 195, Калининград, Калининградская обл., 236029",Калининград,Калининград,Калининградская область,Russia,54.7394444,20.505,4.3,422,OPERATIONAL,establishment|point_of_interest,ChIJX9klbBw-40YRdqf76-Tdq-o,оптовый продовольственный рынок,yes
Наш двор,"Трамвайный пер., 12, Калининград, Калининградская обл., 236039",Калининград,Калининград,Калининградская область,Russia,54.6906768,20.4974909,3,1,OPERATIONAL,establishment|food|grocery_or_supermarket|point_of_interest|store,ChIJMZ8TACcX40YRSGmEBIUZ1K4,сельскохозяйственный рынок,check
Овощной склад,"ул. Менделеева, 10-а, Калининград, Калининградская обл., 236010",Калининград,Калининград,Калининградская область,Russia,54.7129382,20.4376322,4.8,5,OPERATIONAL,establishment|food|grocery_or_supermarket|point_of_interest|store,ChIJo_lWdLg940YR0RM8STGEOAc,оптовый продовольственный рынок,check
"ООО ""Деса"", минимаркет","ул. Согласия, 14а, Калининград, Калининградская обл., 236001",Калининград,Калининград,Калининградская область,Russia,54.743223,20.493399,4.4,36,OPERATIONAL,bakery|establishment|food|health|point_of_interest|store,ChIJA20uNxc-40YRHfqbjRbAKuU,оптовая база продуктов питания,check
"ООО ""ЛЭАР-Продукт""","Правая набережная, 10, Калининград, Калининградская обл., 236040",Калининград,Калининград,Калининградская область,Russia,54.7073963,20.4865314,3.5,13,OPERATIONAL,establishment|food|point_of_interest|store,ChIJUS21xIw940YRSc9MX59ApyU,оптовая база продуктов питания,check
оптово-розничная торговля мясом и рыбой,"Правая набережная, 2, Калининград, Калининградская обл., 236006",Калининград,Калининград,Калининградская область,Russia,54.705854,20.487135,4.6,42,OPERATIONAL,establishment|food|grocery_or_supermarket|point_of_interest|store,ChIJoUZH95kX40YR1Yph0ZEZZhY,оптовый продовольственный рынок,yes
Оптовый Рынок Центрального Района,"ул. Генерал-лейтенанта Захарова, 2, Калининград, Калининградская обл., 236023",Калининград,Калининград,Калининградская область,Russia,54.7352207,20.4716915,4.2,352,OPERATIONAL,establishment|point_of_interest,ChIJAzESjHQ-40YR9CJ8clydNds,оптовый продовольственный рынок,yes
Оптовый Склад,"ул. Камская, 2-Б, Калининград, Калининградская обл., 236005",Калининград,Калининград,Калининградская область,Russia,54.681087,20.456842,4.2,55,OPERATIONAL,establishment|point_of_interest|storage,ChIJe1PNqn4940YResoKbICcGFI,оптовый продовольственный рынок,yes
Оптовый склад овощей и фруктов,"ул. Старшины Дадаева, 63, Калининград, Калининградская обл., 236038",Калининград,Калининград,Калининградская область,Russia,54.7302757,20.5376733,,,OPERATIONAL,establishment|food|point_of_interest|store,ChIJCbANfugV40YRrY_NuN1NJa0,плодоовощная база оптовая,yes
Полоцкая-1,"ул. Полоцкая, 45, Калининград, Калининградская обл., 236005",Калининград,Калининград,Калининградская область,Russia,54.7032521,20.4988727,4.3,3082,OPERATIONAL,establishment|point_of_interest|shopping_mall,ChIJFwjrbhgW40YR-tg_G5w4xl8,оптовый продовольственный рынок,check
"Продукты питания, комбинат","ул. Дзержинского, 244 а, Калининград, Калининградская обл., 236034",Калининград,Калининград,Калининградская область,Russia,54.65528219999999,20.5371959,3.1,73,OPERATIONAL,establishment|point_of_interest,ChIJ3WTeMRIX40YR8WgY7QTKPFU,оптовая база продуктов питания,check
Продукты по оптовым ценам,"пер. Литовский, 22, Калининград, Калининградская обл., 236028",Калининград,Калининград,Калининградская область,Russia,54.7085416,20.5360719,4.1,7,OPERATIONAL,establishment|food|grocery_or_supermarket|point_of_interest|store,ChIJNSSClHEW40YRF4ybPGhxS-w,оптовая база продуктов питания,yes
Рыбный Рынок,"Калининград, Калининградская обл., 236040",Калининград,Калининград,Калининградская область,Russia,54.7208514,20.508837,4.5,302,OPERATIONAL,establishment|point_of_interest,ChIJlcZ_B10X40YRhtfKOLl6GoE,оптовый продовольственный рынок,yes
РыбФлот-ФОР,"ул. Суворова, 57, Калининград, Калининградская обл., 236039",Калининград,Калининград,Калининградская область,Russia,54.689091,20.4660765,4.3,59,OPERATIONAL,establishment|food|point_of_interest,ChIJxTfSr3g940YRQBEHyL-8dKU,оптовая база продуктов питания,check
Рынок,"ул. Зелёная, 70, Калининград, Калининградская обл., 236029",Калининград,Калининград,Калининградская область,Russia,54.73915090000001,20.5025493,5,1,OPERATIONAL,establishment|point_of_interest,ChIJYYrXgBs-40YR8lFM0O9rr60,сельскохозяйственный рынок,yes
Светлогорский Рынок,"ул. Карла Маркса, 9, Калининград, Калининградская обл., 236022",Калининград,Калининград,Калининградская область,Russia,54.72761329999999,20.4798261,,,OPERATIONAL,establishment|point_of_interest,ChIJQZMyiOI940YRb82cL-SW-CA,сельскохозяйственный рынок,yes
Стрела,"Советский пр., 47, Калининград, Калининградская обл., 236022",Калининград,Калининград,Калининградская область,Russia,54.7300438,20.4903029,4.3,202,OPERATIONAL,establishment|food|grocery_or_supermarket|point_of_interest|store,ChIJQUZDVgY-40YRFcQNsVE2GfE,сельскохозяйственный рынок,check
"Торговый Дом ""Алина""","ул. Арсенальная, 77, Калининград, Калининградская обл., 236019",Калининград,Калининград,Калининградская область,Russia,54.752921,20.545431,4.5,31,OPERATIONAL,establishment|food|point_of_interest,ChIJ2eRBWg0W40YRhfzFcL_Wwhk,оптовый продовольственный рынок,check
"Три Брата, Торговая компания","ул. Дзержинского, 19А, Калининград, Калининградская обл., 236004",Калининград,Калининград,Калининградская область,Russia,54.69696099999999,20.522225,5,13,OPERATIONAL,establishment|point_of_interest,ChIJjSREz0EW40YRp-CxVnRtt2o,оптовая база продуктов питания,check
Три Перца,"ул. Нарвская, 49Е, Калининград, Калининградская обл., 236022",Калининград,Калининград,Калининградская область,Russia,54.734023,20.4964703,5,3,OPERATIONAL,establishment|food|point_of_interest,ChIJw7_FZgQ-40YRDkUGPETZ1oA,оптовая база продуктов питания,check
Управляющая Рынком Компания,"ТЦ КОЛОС, ул. Черняховского, 15, оф. 16, Калининград, Калининградская обл., 236040",Калининград,Калининград,Калининградская область,Russia,54.7204688,20.5106086,4,3163,OPERATIONAL,establishment|point_of_interest|real_estate_agency,ChIJw2oitwcW40YRM--UGMqNYBw,сельскохозяйственный рынок,check
Центральный рынок,"ул. Черняховского, 15, Калининград, Калининградская обл., 236021",Калининград,Калининград,Калининградская область,Russia,54.720427,20.510475,4.2,3600,OPERATIONAL,establishment|point_of_interest,ChIJ955dNGAX40YRK8_4aLQbUvg,оптовый продовольственный рынок,yes
Южный,"ул. Интернациональная, 30В, Калининград, Калининградская обл., 236044",Калининград,Калининград,Калининградская область,Russia,54.66887329999999,20.5014074,4.1,1717,OPERATIONAL,establishment|point_of_interest|shopping_mall,ChIJAQAAAMA940YRBn1Ah-UD2wo,сельскохозяйственный рынок,check
Юринат,"ул. Ялтинская, 44, Калининград, Калининградская обл., 236000",Калининград,Калининград,Калининградская область,Russia,54.705515,20.549962,2.5,8,OPERATIONAL,establishment|point_of_interest,ChIJAQAAABDp40YRsJ8jyDteEKw,оптовый продовольственный рынок,check
"""Никольские пряники""","ул. Кирова, 1, Калуга, Калужская обл., 248000",Калуга,Калуга,Калужская область,Russia,54.51609269999999,36.2467847,5,22,OPERATIONAL,establishment|food|point_of_interest,ChIJqTt517C5NEERSPLO0m4ICjg,оптовая база продуктов питания,check
"KAMEOL, оптовый склад","ул. Болдина, 22, Калуга, Калужская обл., 248003",Калуга,Калуга,Калужская область,Russia,54.5050604,36.2955878,5,4,OPERATIONAL,establishment|point_of_interest,ChIJ_zuVh-a7NEERi8PP0mYD2SQ,оптовая база продуктов питания,yes
АЙС ПЛЮС,"Грабцевское ш., 109, Калуга, Калужская обл., 248025",Калуга,Калуга,Калужская область,Russia,54.5550995,36.3508323,5,1,OPERATIONAL,establishment|food|point_of_interest|storage,ChIJBZkCiOa4NEERInJ4KOQlOf0,оптовая база продуктов питания,check
"Айсберг, ИП Шитикова В. Г., Бондарев А. В.","ул. Тарутинская, Калуга, Калужская обл., 248000",Калуга,Калуга,Калужская область,Russia,54.567418,36.305528,,,OPERATIONAL,establishment|food|point_of_interest,ChIJocedWKO5NEER1ox4iX3aSRc,оптовая база продуктов питания,check
Атлас,"Московская ул., 293, Калуга, Калужская обл., 248017",Калуга,Калуга,Калужская область,Russia,54.5666015,36.25908829999999,4,1,OPERATIONAL,establishment|food|point_of_interest,ChIJVVU53M-5NEERu4M49EuvekE,оптовая база продуктов питания,check
Булгарконсерв,"Центральная ул., 1, пос. Шопино, Калуга, 248921",Калуга,Калуга,Калужская область,Russia,54.6005585,36.2657766,5,1,OPERATIONAL,establishment|point_of_interest,ChIJL2uEy_K3NEERusO6-u6h2M8,оптовая база продуктов питания,check
Галантус - Садовый Центр,"ул. Энергетиков, 11, Калуга, Калужская обл., 248033",Калуга,Калуга,Калужская область,Russia,54.4798555,36.2247957,4.5,96,OPERATIONAL,establishment|florist|furniture_store|general_contractor|home_goods_store|point_of_interest|store,ChIJDwtyFg-7NEER2HmG6C49vOI,оптовый продовольственный рынок,check
Городской рынок,"Грабцевское ш., 4б, Калуга, Калужская обл., 248018",Калуга,Калуга,Калужская область,Russia,54.52103040000001,36.2852096,4.2,72,OPERATIONAL,establishment|point_of_interest,ChIJreUtIn25NEER-pe-p43n2H4,оптовый продовольственный рынок,yes
Дона,"ул. Учхоз, 17, Калуга, Калужская обл., 248012",Калуга,Калуга,Калужская область,Russia,54.5778423,36.2559852,5,1,OPERATIONAL,establishment|food|point_of_interest|store,ChIJocedWKO5NEERbmRfrMY3ipY,оптовая база продуктов питания,check
"Молочные Продукты, Оптово-розничный Склад","ул. Тарутинская, 184А, Калуга, Калужская обл., 248008",Калуга,Калуга,Калужская область,Russia,54.567418,36.305528,5,1,OPERATIONAL,establishment|food|point_of_interest,ChIJvZzz4E24NEER1uT3IvE1YOY,оптовый продовольственный рынок,yes
"МЯСКО, сеть магазинов мясной продукции и полуфабрикатов","ул. Льва Толстого, 55, Калуга, Калужская обл., 248032",Калуга,Калуга,Калужская область,Russia,54.5133661,36.3465113,4.2,5,OPERATIONAL,establishment|food|point_of_interest|store,ChIJQcSxzEy5NEERnWllV9rSA7I,оптовая база продуктов питания,check
ООО Торговый Дом Оптина,"пр. Тарутинский 2-й, дом 9, Калуга, Калужская обл., 248008",Калуга,Калуга,Калужская область,Russia,54.5669538,36.2958586,,,OPERATIONAL,establishment|point_of_interest,ChIJYdgwsvG5NEERHrSMChUqniQ,оптовая база продуктов питания,yes
Оптовая база,"ул. Маршала Жукова, 21, Калуга, Калужская обл., 248000",Калуга,Калуга,Калужская область,Russia,54.51467299999999,36.283124,3.8,5,OPERATIONAL,establishment|point_of_interest,ChIJdZQfG9m7NEERYDrpHi031AY,оптовый продовольственный рынок,yes
Оптовая база,"ул. Глаголева, 21, Калуга, Калужская обл., 248000",Калуга,Калуга,Калужская область,Russia,54.5384225,36.2775686,,,OPERATIONAL,establishment|point_of_interest,ChIJiSflEJy5NEEROUxVcDQMjZA,оптовый продовольственный рынок,yes
Оптово-розничный склад Продукты питания,"Промышленная ул., 56, Калуга, Калужская обл., 248025",Калуга,Калуга,Калужская область,Russia,54.5590738,36.3018752,,,OPERATIONAL,establishment|point_of_interest|storage,ChIJsbdnO6y5NEERyhmwUbpMegc,оптовая база продуктов питания,yes
Пекарня Дорофея,"ул. 65 лет Победы, 43, Калуга, Калужская обл., 248033",Калуга,Калуга,Калужская область,Russia,54.483931,36.193284,4.4,43,OPERATIONAL,cafe|establishment|food|point_of_interest,ChIJtTICbuO6NEEREnKweZtFdhY,оптовая база продуктов питания,check
ПИЛОТ,"Промышленная ул., 36-а, Калуга, Калужская обл., 248025",Калуга,Калуга,Калужская область,Russia,54.557404,36.301123,3.5,2,OPERATIONAL,establishment|point_of_interest,ChIJsbdnO6y5NEERozbiMMOj9FY,оптовая база продуктов питания,check
Правобережье,"ул. Генерала Попова, 1Б, Калуга, Калужская обл., 248033",Калуга,Калуга,Калужская область,Russia,54.49215599999999,36.22259409999999,4.4,336,OPERATIONAL,establishment|point_of_interest|shopping_mall,ChIJ6bWgq6u7NEERrlToLp5H6O8,оптовый продовольственный рынок,check
Рынок КАЛУГА,"Грабцевское ш., 4Б, Калуга, Калужская обл., 248000",Калуга,Калуга,Калужская область,Russia,54.52084139999999,36.2859024,4,1177,OPERATIONAL,establishment|point_of_interest|shopping_mall,ChIJ3zBvs3y5NEERUY2zZ0X2-Ts,оптовый продовольственный рынок,yes
Сапфир - сладкие новогодние подарки для детей,"Новослободский пр-д, 14с1, Проходная ""Деловой квартал, Калуга, Калужская обл., 248025",Калуга,Калуга,Калужская область,Russia,54.5603244,36.3042591,5,14,OPERATIONAL,establishment|food|point_of_interest|store,ChIJ-fvjUHy7NEER13p0hv-QvEw,оптовая база продуктов питания,check
Сахалинская рыба,"ул. Тульская, 51, Калуга, Калужская обл., 248023",Калуга,Калуга,Калужская область,Russia,54.51039249999999,36.2734663,3.8,5,OPERATIONAL,establishment|food|point_of_interest,ChIJVReO3Nq7NEERmwHGt8rhDwk,оптовая база продуктов питания,check
Снеки40. Доставка закусок к пиву.,"ул. Гурьянова, 34Б, Калуга, Калужская обл., 248029",Калуга,Калуга,Калужская область,Russia,54.5702128,36.2172585,5,8,OPERATIONAL,establishment|food|point_of_interest,ChIJv4pctfq7NEERLCOS9QsrNhY,оптовая база продуктов питания,check
Холодильник,"ул. Тарутинская, д. 184А, Калуга, Калужская обл., 248008",Калуга,Калуга,Калужская область,Russia,54.56783979999999,36.3066073,4.1,262,OPERATIONAL,establishment|point_of_interest,ChIJocedWKO5NEERuy7JQFlXx-c,оптовый продовольственный рынок,check
"Эксперт-продукт, Мясоперерабатывающая Компания","ул. В. Никитиной, 35, Калуга, Калужская обл., 248025",Калуга,Калуга,Калужская область,Russia,54.5511053,36.2942553,3,1,OPERATIONAL,establishment|food|point_of_interest|store,ChIJk7fV5qW5NEERJxMeFp40FOc,оптовая база продуктов питания,check
Ярмарка,"ул. Никитина, 70, Калуга, Калужская обл., 248003",Калуга,Калуга,Калужская область,Russia,54.508301,36.2870779,4.3,276,OPERATIONAL,establishment|food|grocery_or_supermarket|point_of_interest|store,ChIJZywumN27NEERsJxcZWF1i6k,оптовый продовольственный рынок,yes
Сельскохозяйственный рынок,"Кооперативная ул., 41, Канаш, Чувашская Респ., 429334",Канаш,Магас,Республика Ингушетия,Russia,55.5148169,47.4660399,4.2,364,OPERATIONAL,establishment|point_of_interest|store,ChIJ9TD3r4F1W0ERjmelBuH1wWE,сельскохозяйственный рынок,yes
"ТРЦ ""Коллаж""","Красносельское ш., 1, Караваево, Костромская обл., 156530",Караваево,Кострома,Костромская область,Russia,57.744266,41.013179,4.5,4750,OPERATIONAL,establishment|point_of_interest|shopping_mall,ChIJk3SNWw5QrUYRPHvWu0j10nI,оптовый продовольственный рынок,check
Оптовый Рынок,"ул. Байрамова, 5/1, Каспийск, Респ. Дагестан, 368300",Каспийск,Махачкала,Республика Дагестан,Russia,42.8855572,47.6297058,3.1,7,OPERATIONAL,establishment|point_of_interest,ChIJ_-w4q46oTkARQ0MTlOgHQok,оптовый продовольственный рынок,yes
"Vansdorf, частная пивоварня","ул. Тухачевского, 27А, Кемерово, Кемеровская обл., 650070",Кемерово,Кемерово,Кемеровская область,Russia,55.33305,86.129093,4.8,97,OPERATIONAL,establishment|food|liquor_store|point_of_interest|store,ChIJVY7WKM8O2EIR9Nt9Q1xqU6A,оптовая база продуктов питания,check
Аркуда,"ул. Ворошилова, 25а, Кемерово, Кемеровская обл., 650056",Кемерово,Кемерово,Кемеровская область,Russia,55.327426,86.171477,,,OPERATIONAL,establishment|food|point_of_interest|store,ChIJJ4eoi8YP2EIRxeWWc94Lvco,оптовый продовольственный рынок,check
Астронотус,"Ульяны Громовой ул., 16, Кемерово, Кемеровская обл., 650024",Кемерово,Кемерово,Кемеровская область,Russia,55.320204,86.080569,3.3,15,OPERATIONAL,establishment|food|pet_store|point_of_interest|store,ChIJHeb6JdQO2EIRQgANA9CTzMg,оптовый продовольственный рынок,check
"ГРАУ, Сибирская Оптовая Компания","ул. Тайшетская, 2, Кемерово, Кемеровская обл., 650021",Кемерово,Кемерово,Кемеровская область,Russia,55.344893,86.00640399999999,4.7,3,OPERATIONAL,establishment|home_goods_store|point_of_interest|store,ChIJYUPoiAwM2EIRI4RFmcbI6vc,оптовый продовольственный рынок,yes
Группа компаний ПРОDИС42,"Камышинская ул., 2А К2, Кемерово, Кемеровская обл., 650051",Кемерово,Кемерово,Кемеровская область,Russia,55.3229206,86.0628875,5,1,OPERATIONAL,establishment|point_of_interest,ChIJMecsYGsM2EIR1hV234AX3ZA,оптовая база продуктов питания,check
Губернский сельский рынок,"пер. Щетинкина, 16, Кемерово, Кемеровская обл., 650000",Кемерово,Кемерово,Кемеровская область,Russia,55.359762,86.057851,4.2,1156,OPERATIONAL,establishment|point_of_interest,ChIJYUPoiAwM2EIRtNDFprsI_ZI,оптовый продовольственный рынок,yes
Деловая колбаса,"ул. Рутгерса, 41/3, Кемерово, Кемеровская обл., 650044",Кемерово,Кемерово,Кемеровская область,Russia,55.38554,86.0828933,4.4,13,OPERATIONAL,establishment|food|point_of_interest,ChIJF0nEN4AJ2EIRR9Fj42tPCe4,оптовая база продуктов питания,check
Деревенский молочный завод,"ул. Тухачевского, 60, офис 307, Кемерово, Кемеровская обл., 650070",Кемерово,Кемерово,Кемеровская область,Russia,55.3080288,86.1402304,5,3,OPERATIONAL,establishment|food|point_of_interest|store,ChIJ34elUuUO2EIRcOEqHqupTYw,оптовая база продуктов питания,check
"Дружба, рынок","ул. Тухачевского, 58-а/1, Кемерово, Кемеровская обл., 650070",Кемерово,Кемерово,Кемеровская область,Russia,55.311249,86.14511499999999,3.9,2337,OPERATIONAL,establishment|point_of_interest,ChIJI3x_JMIO2EIRsMIh3by8-LM,оптовый продовольственный рынок,yes
ИП Трясунов А.Б.,"Терешковой ул., 64Б, Кемерово, Кемеровская обл., 650036",Кемерово,Кемерово,Кемеровская область,Russia,55.3177986,86.16509239999999,4.8,30,OPERATIONAL,establishment|food|point_of_interest|store,ChIJK9L8hRcP2EIRORymFxjn59w,оптовый продовольственный рынок,check
"Компания, ООО","16, БЦ ""Берн"", ул. Карболитовская, г. Кемерово, Кемеровская обл., Россия 650000, Кемерово, Кемеровская обл., 650000",Кемерово,Кемерово,Кемеровская область,Russia,55.35891299999999,86.060651,,,OPERATIONAL,establishment|food|point_of_interest|store,ChIJYUPoiAwM2EIRBJVcbVz60Oc,оптовая база продуктов питания,check
Кузнецкая торговая база ООО,"просп. Кузнецкий, 41, Кемерово, Кемеровская обл., 650992",Кемерово,Кемерово,Кемеровская область,Russia,55.35159299999999,86.062663,5,1,OPERATIONAL,establishment|food|grocery_or_supermarket|point_of_interest|store,ChIJucZhXe0L2EIR95z2cbd5SCs,оптовый продовольственный рынок,yes
Магазин оптовых цен,"ул. Центральная, Кемерово, Кемеровская обл., 650905",Кемерово,Кемерово,Кемеровская область,Russia,55.2955214,85.99495069999999,4.3,17,OPERATIONAL,establishment|food|grocery_or_supermarket|point_of_interest|store,ChIJRcfiodcM2EIRO9_mO35j5os,оптовый продовольственный рынок,yes
Маяк,"Кемерово, Кемеровская обл., 650055",Кемерово,Кемерово,Кемеровская область,Russia,55.3276954,86.0665107,5,1,OPERATIONAL,establishment|point_of_interest,ChIJCT9kWD0N2EIRXwEcAcSe_ys,оптовая база продуктов питания,check
"Мир овощей, ООО оптовая компания","просп. Кузнецкий, 85/2, Кемерово, Кемеровская обл., 650055",Кемерово,Кемерово,Кемеровская область,Russia,55.337958,86.060902,4,1,OPERATIONAL,establishment|food|point_of_interest,ChIJd7NDW3UM2EIRdh0KbTsQ6N4,плодоовощная база оптовая,yes
Мясо Трейд (Аркад),"ул. Тухачевского, 50д, Кемерово, Кемеровская обл., 650070",Кемерово,Кемерово,Кемеровская область,Russia,55.31797419999999,86.13848370000001,,,OPERATIONAL,establishment|point_of_interest,ChIJYQUJ2-cO2EIR9HML58Cf2Ss,оптовая база продуктов питания,check
Натси-Кемерово,"ул. Тухачевского, 42, Кемерово, Кемеровская обл., 650070",Кемерово,Кемерово,Кемеровская область,Russia,55.3235335,86.1343584,3,1,OPERATIONAL,establishment|food|point_of_interest,ChIJISK5CsMO2EIRWN9fNc8cgA4,оптовая база продуктов питания,check
Новый,"просп. Кузнецкий, 36, Кемерово, Кемеровская обл., 650000",Кемерово,Кемерово,Кемеровская область,Russia,55.3566702,86.0706472,4,193,OPERATIONAL,establishment|point_of_interest,ChIJzzxNKekL2EIRPFM2nfD_zHs,сельскохозяйственный рынок,check
Пивная планета,"1-й Игарский пер., 14, Кемерово, Кемеровская обл., 650044",Кемерово,Кемерово,Кемеровская область,Russia,55.393831,86.091557,4.4,28,OPERATIONAL,establishment|point_of_interest,ChIJYUPoiAwM2EIRfobf7AsyVBc,оптовая база продуктов питания,check
ПродСиб,"ул. Маяковского, 13, Кемерово, Кемеровская обл., 650070",Кемерово,Кемерово,Кемеровская область,Russia,55.342082,86.054749,5,3,OPERATIONAL,establishment|food|point_of_interest,ChIJByhIH-QO2EIRD12Tw1U1jcs,оптовая база продуктов питания,check
Променад,"пр. Ленина, 90/1, Кемерово, Кемеровская обл., 650000",Кемерово,Кемерово,Кемеровская область,Russia,55.3453998,86.1277846,4.2,2684,OPERATIONAL,establishment|point_of_interest|shopping_mall,ChIJYUPoiAwM2EIRAFZGHnn_O40,оптовый продовольственный рынок,check
ПчелоЦентр,"б-р Строителей, 22, Кемерово, Кемеровская обл., 650060",Кемерово,Кемерово,Кемеровская область,Russia,55.34762,86.1648079,5,1,OPERATIONAL,establishment|food|grocery_or_supermarket|health|point_of_interest|store,ChIJA3sgxc0I2EIRP3jqdZTQjFE,оптовый продовольственный рынок,check
"Розничная фирма по продаже ягод, грибов, меда и орехов","ул. Коломейцева, 10, Кемерово, Кемеровская обл., 650000",Кемерово,Кемерово,Кемеровская область,Russia,55.351158,86.087448,3.7,7,OPERATIONAL,establishment|food|grocery_or_supermarket|point_of_interest|store,ChIJy8Dax-IL2EIRwezgEXlyxks,сельскохозяйственный рынок,check
"Рынок ""Колос""","ул. Марковцева, 26, Кемерово, Кемеровская обл., 650003",Кемерово,Кемерово,Кемеровская область,Russia,55.3369216,86.1966247,3.8,188,OPERATIONAL,establishment|point_of_interest,ChIJxbh8zlEP2EIR_OfDbC0ld_I,оптовый продовольственный рынок,yes
Сельский центр фермерской торговли,"просп. Шахтёров, 111, Кемерово, Кемеровская обл., 650002",Кемерово,Кемерово,Кемеровская область,Russia,55.40854599999999,86.1239908,4.2,1507,OPERATIONAL,establishment|point_of_interest,ChIJYUPoiAwM2EIRB79chlrCkZc,оптовый продовольственный рынок,check
СИБМИР ГРУПП,"ул. Спартака, 11, Кемерово, Кемеровская обл., 650068",Кемерово,Кемерово,Кемеровская область,Russia,55.40633099999999,86.040756,4.6,5,OPERATIONAL,establishment|food|point_of_interest,ChIJHSsUOmgK2EIRamP8nEN1MsQ,оптовая база продуктов питания,check
Скоморошка,"просп. Кузнецкий, 99, Кемерово, Кемеровская обл., 650055",Кемерово,Кемерово,Кемеровская область,Russia,55.33536,86.061683,2.7,36,OPERATIONAL,establishment|food|point_of_interest,ChIJd7KwvXQM2EIRUtSSyeyJbo4,оптовая база продуктов питания,check
Сладкий аромат,"проспект Кузнецкий 33/1, ТЦ Облака, Щегловский базар, Кемерово, Кемеровская обл., 650000",Кемерово,Кемерово,Кемеровская область,Russia,55.35885099999999,86.067373,5,2,OPERATIONAL,establishment|point_of_interest,ChIJ-yE9uB8L2EIRkwYp1X4V5Tw,сельскохозяйственный рынок,check
Сотка,"Промышленный пр-д, 100, Кемерово, Кемеровская обл., 650000",Кемерово,Кемерово,Кемеровская область,Russia,55.31819909999999,86.14134969999999,4.3,238,OPERATIONAL,establishment|point_of_interest,ChIJfaPdDecO2EIRtR4ivlbZAlY,оптовый продовольственный рынок,check
Торговый комплекс Социальный,"ТК ""Социальный"", ул. Сибиряков-Гвардейцев, 277к1, Кемерово, Кемеровская обл., 650036",Кемерово,Кемерово,Кемеровская область,Russia,55.33690619999999,86.14557549999999,4.1,856,OPERATIONAL,bar|car_wash|establishment|food|grocery_or_supermarket|home_goods_store|point_of_interest|store,ChIJLxmh1NUO2EIR-FVn1anRVuk,сельскохозяйственный рынок,check
"Торговый парк ""Сотка""","ул. Тухачевского, 50/4, Кемерово, Кемеровская обл., 650070",Кемерово,Кемерово,Кемеровская область,Russia,55.317974,86.13848399999999,4.2,185,OPERATIONAL,establishment|point_of_interest|real_estate_agency|shopping_mall,ChIJX_FH9ugO2EIR1SqxkWu2MDg,оптовый продовольственный рынок,check
Универсальный крытый рынок,"ул. Коломейцева, 10, Кемерово, Кемеровская обл., 650000",Кемерово,Кемерово,Кемеровская область,Russia,55.3510101,86.0873355,4,204,OPERATIONAL,establishment|point_of_interest,ChIJxzAMNP0L2EIRQCAtQSAg-T0,оптовый продовольственный рынок,yes
Флорин,"ул. Рутгерса, 41/6 к.3, Кемерово, Кемеровская обл., 650044",Кемерово,Кемерово,Кемеровская область,Russia,55.3857815,86.0843021,5,6,OPERATIONAL,establishment|food|point_of_interest,ChIJF0nEN4AJ2EIRe4sDFDU2dPg,оптовая база продуктов питания,check
Щегловский базар,"просп. Кузнецкий, 33/1, Кемерово, Кемеровская обл., 650000",Кемерово,Кемерово,Кемеровская область,Russia,55.3581361,86.0646207,4.6,2233,OPERATIONAL,establishment|point_of_interest|shopping_mall,ChIJw3vMu-sL2EIRz3QB0GgEr5E,оптовый продовольственный рынок,yes
Щегловский пивовар,"62-й пр-д, 4а, Кемерово, Кемеровская обл., 650070",Кемерово,Кемерово,Кемеровская область,Russia,55.307785,86.1512527,3,4,OPERATIONAL,establishment|point_of_interest,ChIJUSdHFrsP2EIRjJHtOrfN8NM,оптовая база продуктов питания,check
Южный квартал,"Автозаводская ул., 6, Кемерово, Кемеровская обл., 650055",Кемерово,Кемерово,Кемеровская область,Russia,55.3265861,86.07103289999999,4.5,90,OPERATIONAL,establishment|point_of_interest|shopping_mall,ChIJWSla33AN2EIRcLdTazzbBHM,оптовый продовольственный рынок,check
АгроМир,"пр. Транспортный, 4, Киров, Кировская обл., 610033",Киров,Киров,Кировская область,Russia,58.60559,49.640923,4.6,23,OPERATIONAL,establishment|food|point_of_interest|store,ChIJqZCZp9D1_EMRxnPMwpLUo2A,оптовый продовольственный рынок,yes
Ажур-аи,"ул. Розы Люксембург, 30, Киров, Кировская обл., 610004",Киров,Киров,Кировская область,Russia,58.6116385,49.6788171,,,OPERATIONAL,establishment|food|point_of_interest,ChIJwyziNLT1_EMRHlAPf2vG_ow,оптовая база продуктов питания,check
Бакалея оптом,"Прудная ул., 51, Киров, Кировская обл., 610030",Киров,Киров,Кировская область,Russia,58.6260588,49.7438628,4.3,15,OPERATIONAL,establishment|food|point_of_interest,ChIJ45QCTnn2_EMRy-_KFNr_UWo,оптовый продовольственный рынок,yes
"Вавилон, торговый город","ул. Щорса, 95/2, Киров, Кировская обл., 610014",Киров,Киров,Кировская область,Russia,58.5793232,49.6005943,,,OPERATIONAL,establishment|point_of_interest,ChIJAV8AJl_2_EMR-gSo92gpTfU,оптовый продовольственный рынок,check
Вятская продовольственная компания,"ул. Пугачева, 1А, оф 302, Киров, Кировская обл., 610035",Киров,Киров,Кировская область,Russia,58.584561,49.623596,,,OPERATIONAL,establishment|point_of_interest,ChIJb0gm3In2_EMRoS8CvOASFmQ,оптовая база продуктов питания,yes
Кировснабсервис,"пр. Транспортный, 12, Киров, Кировская обл., 610046",Киров,Киров,Кировская область,Russia,58.6085259,49.64198589999999,4,16,OPERATIONAL,establishment|point_of_interest|store,ChIJZX9G-tr1_EMRQQjJs-Aabx0,оптовый продовольственный рынок,check
Коневский Рынок,"Екатерины Кочкиной ул., 3, Киров, Кировская обл., 610021",Киров,Киров,Кировская область,Russia,58.5960607,49.6013031,4.4,275,OPERATIONAL,establishment|point_of_interest,ChIJLYGn9W72_EMRAj3sfXIsij0,оптовый продовольственный рынок,yes
Красногорский,"пр. Транспортный, 10, Киров, Кировская обл., 610046",Киров,Киров,Кировская область,Russia,58.606753,49.641778,4.3,8,OPERATIONAL,establishment|point_of_interest,ChIJM7rtHVD4_EMRseagt5O3Lpw,оптовая база продуктов питания,check
Магазин разливной продукции ОАО «Вятич»,"ул. Блюхера, 63, Киров, Кировская обл., 610027",Киров,Киров,Кировская область,Russia,58.5831037,49.670913,4.5,38,OPERATIONAL,establishment|food|grocery_or_supermarket|point_of_interest|store,ChIJ9bndSCf0_EMRHlP8RIy1rPk,оптовый продовольственный рынок,check
Объединенная продовольственная база,"Комсомольская ул., 12, Киров, Кировская обл., 610001",Киров,Киров,Кировская область,Russia,58.5836796,49.6666474,5,1,OPERATIONAL,establishment|point_of_interest,ChIJLZT0byf0_EMRQa1hHxU-5C4,оптовый продовольственный рынок,yes
Объединенная продовольственная база,"Октябрьский пр., 1А, к.218, Киров, Кировская обл., 610047",Киров,Киров,Кировская область,Russia,58.63652609999999,49.6111519,1,1,OPERATIONAL,establishment|point_of_interest,ChIJHahAUF9f_EMRWDBNYjXEy2Q,оптовый продовольственный рынок,yes
Овоще База,"Киров, Кировская обл., 610045",Киров,Киров,Кировская область,Russia,58.58329739999999,49.66897609999999,4,1,OPERATIONAL,establishment|food|point_of_interest,ChIJd0uRaSf0_EMRtkBmphxNEGM,плодоовощная база оптовая,yes
Овощная База,"ул. Романа Ердякова, 42А, Киров, Кировская обл., 610000",Киров,Киров,Кировская область,Russia,58.6157371,49.6379809,4,3,OPERATIONAL,establishment|point_of_interest,ChIJWVQHgf_1_EMRqU93giNqyPc,оптовый продовольственный рынок,yes
Океан,"Ленина ул., 190, Киров, Кировская обл., 610000",Киров,Киров,Кировская область,Russia,58.5714628,49.6860595,4.2,110,OPERATIONAL,establishment|food|grocery_or_supermarket|point_of_interest|store,ChIJk4Bdbqf2_EMR41DSBEuzL0o,оптовый продовольственный рынок,check
Октябрьский рынок,"Октябрьский рынок, ул. Розы Люксембург, 86, Киров, Кировская обл., 610005",Киров,Киров,Кировская область,Russia,58.61074780000001,49.65893459999999,3.8,391,OPERATIONAL,establishment|food|grocery_or_supermarket|point_of_interest|store,ChIJsdVaucj1_EMRBLEYdPbNav8,оптовый продовольственный рынок,yes
"ООО ""Пингвин""","Московская ул., 98А, Киров, Кировская обл., 610046",Киров,Киров,Кировская область,Russia,58.6023071,49.63624069999999,4.1,49,OPERATIONAL,establishment|food|point_of_interest,ChIJKYUFmtf1_EMRgrKOO9EHHMA,оптовый продовольственный рынок,check
"ООО""Фрут-Микс""","ул. Щорса, 105, Киров, Кировская обл., 610035",Киров,Киров,Кировская область,Russia,58.578139,49.595143,3,2,OPERATIONAL,establishment|food|point_of_interest|store,ChIJmULMBln2_EMR-PYJSooWah8,оптовая база продуктов питания,check
Оптовая база цветов,"Мельничная ул., 1а, Киров, Кировская обл., 610025",Киров,Киров,Кировская область,Russia,58.5771392,49.6625306,,,OPERATIONAL,establishment|point_of_interest,ChIJ81ApM7D3_EMRzdcq2Jn_5tI,оптовый продовольственный рынок,yes
Продукты Родного Края,"ул. Базовая, 4, Киров, Кировская обл., 610035",Киров,Киров,Кировская область,Russia,58.5712893,49.6049606,,,OPERATIONAL,establishment|point_of_interest,ChIJx0bYOPf2_EMRIKMUx3lvmmE,оптовая база продуктов питания,check
Русская Продовольственная Компания,"ул. Воровского, 111а, Киров, Кировская обл., 610035",Киров,Киров,Кировская область,Russia,58.5967881,49.6313092,2,1,OPERATIONAL,establishment|point_of_interest,ChIJz-vLGXn2_EMRNUXTfdQynP4,оптовая база продуктов питания,yes
Рыба,"ул. Щорса, 19А, Киров, Кировская обл., 610014",Киров,Киров,Кировская область,Russia,58.57799749999999,49.6362968,4.5,426,OPERATIONAL,establishment|food|point_of_interest,ChIJaX0jQY72_EMRcmb7ZTIihYk,оптовый продовольственный рынок,check
СКОРУС,"ул. Красной звезды, 17, Киров, Кировская обл., 610004",Киров,Киров,Кировская область,Russia,58.62199330000001,49.6940324,4.6,61,OPERATIONAL,establishment|point_of_interest,ChIJh6WCjNP1_EMROsiB4-aT5bc,оптовый продовольственный рынок,check
Торговый Дом Аватар,"Милицейская ул., 14, Киров, Кировская обл., 610002",Киров,Киров,Кировская область,Russia,58.58732,49.684242,5,6,OPERATIONAL,establishment|point_of_interest,ChIJs8T-FtT1_EMR3GoRkEhLtas,оптовый продовольственный рынок,check
Универсальная база,"Комсомольская ул., 12, Киров, Кировская обл., 610000",Киров,Киров,Кировская область,Russia,58.583828,49.66721399999999,4,1,OPERATIONAL,establishment|point_of_interest,ChIJLZT0byf0_EMRvMbHCSRiVEI,оптовый продовольственный рынок,yes
ФАН ЭНД ФУД,"610020, Профсоюзная ул., 1, оф. 1306, Киров, Кировская обл., 610004",Киров,Киров,Кировская область,Russia,58.61579750000001,49.68384160000001,5,1,OPERATIONAL,establishment|food|point_of_interest,ChIJczI1FUv0_EMRKT6usu0shL0,оптовая база продуктов питания,check
Фермерский островок,"ул. Блюхера, 29, Киров, Кировская обл., 610002",Киров,Киров,Кировская область,Russia,58.5846074,49.6799727,2.6,5,OPERATIONAL,establishment|point_of_interest,ChIJNyAGBW_1_EMRb7gqWa78xZg,сельскохозяйственный рынок,check
Фермерский Рынок,"Екатерины Кочкиной ул., д. 3Б, Киров, Кировская обл., 610021",Киров,Киров,Кировская область,Russia,58.59615280000001,49.6020368,4.2,337,OPERATIONAL,establishment|food|grocery_or_supermarket|point_of_interest|shopping_mall|store,ChIJldyDjW72_EMRShsAWIbuX7Q,оптовый продовольственный рынок,yes
Хозсити,"ул. Щорса, д. 75б, Киров, Кировская обл., 610035",Киров,Киров,Кировская область,Russia,58.5775655,49.6062075,5,1,OPERATIONAL,establishment|point_of_interest,ChIJVVWl9fX2_EMRrALggiag25c,оптовая база продуктов питания,check
Центральный рынок,"Милицейская ул., 31, Киров, Кировская обл., 610002",Киров,Киров,Кировская область,Russia,58.5875873,49.6758742,3.8,1662,OPERATIONAL,establishment|food|grocery_or_supermarket|point_of_interest|store,ChIJp-0zMiT0_EMRzr9SVHdnjtA,оптовый продовольственный рынок,yes
Эко Ярмарка,"ул. Щорса, 79, Киров, Кировская обл., 610035",Киров,Киров,Кировская область,Russia,58.57830060000001,49.6054827,4.2,2340,OPERATIONAL,establishment|point_of_interest|shopping_mall,ChIJ8bh4jPX2_EMRt3MgN8ni2sw,оптовый продовольственный рынок,yes
Экономная семья,"ул. Олега Кошевого, 1, Киров, Кировская обл., 610047",Киров,Киров,Кировская область,Russia,58.641852,49.6146703,4,1,OPERATIONAL,establishment|point_of_interest,ChIJDbFsmWBf_EMRdYnOX_9uIX0,оптовая база продуктов питания,check
Кисловодская ярмарка,"пр. Мира, 16, Кисловодск, Ставропольский край, 357700",Кисловодск,Ставрополь,Ставропольский край,Russia,43.8952736,42.714748,4.4,96,OPERATIONAL,establishment|point_of_interest,ChIJLfCGEjErWEARw2Or9c9Vq3Q,сельскохозяйственный рынок,yes
Центральный Рынок,"ул. Горького, 24, Кисловодск, Ставропольский край, 357700",Кисловодск,Ставрополь,Ставропольский край,Russia,43.9092403,42.7096263,4.3,4727,OPERATIONAL,establishment|food|grocery_or_supermarket|point_of_interest|store,ChIJ5apMFqcrWEAREvh744ETy8g,сельскохозяйственный рынок,yes
Оптовая Овощебаза,"Коляново, Ивановская обл., 153009",Коляново,Иваново,Ивановская область,Russia,56.9455264,40.9654525,4.4,64,OPERATIONAL,establishment|food|point_of_interest,ChIJBZWWDDERTUERLDmJNIiB6aQ,оптовый продовольственный рынок,yes
РЭХН,"ул. Огородная, 14, Константиновка, Саратовская обл., 410504",Константиновка,Саратов,Саратовская область,Russia,51.5140782,45.9713053,4.5,22,OPERATIONAL,establishment|food|point_of_interest,ChIJ6xuoChrHFEERy7kekuGxf7I,плодоовощная база оптовая,check
Фермерский Рынок,"Копейск, Челябинская обл., 456609",Копейск,Челябинск,Челябинская область,Russia,55.089076,61.6323415,4.6,39,OPERATIONAL,establishment|point_of_interest,ChIJgSwvrxD0xUMRZt810OnNHNo,сельскохозяйственный рынок,yes
"Horecatrade, торгово-сервисная компания","Галичская ул., 100 стр.6, Кострома, Костромская обл., 156008",Кострома,Кострома,Костромская область,Russia,57.7777942,40.9633636,3.7,3,OPERATIONAL,establishment|food|point_of_interest,ChIJJcaaI-tPrUYRW9u-nk9C7so,оптовая база продуктов питания,check
Альянс-трейд.и.п. Вечканова.Е.В,"ул. 2-я Волжская, 8, Кострома, Костромская обл., 156026",Кострома,Кострома,Костромская область,Russia,57.7451887,40.975573,5,2,OPERATIONAL,establishment|point_of_interest,ChIJi7k3ktVRrUYRWfzVoo5Mnas,оптовая база продуктов питания,check
БакалеяЦентрКострома,"Галичская ул., 124А, ангар 1, Кострома, Костромская обл., 156013",Кострома,Кострома,Костромская область,Russia,57.7800109,40.9893137,,,OPERATIONAL,establishment|food|point_of_interest|store,ChIJhwOngLtPrUYR5bHpbmAB-CQ,оптовый продовольственный рынок,check
Все для бара,"Индустриальная ул., 2А, Кострома, Костромская обл., 156016",Кострома,Кострома,Костромская область,Russia,57.7376137,40.9994463,4.2,6,OPERATIONAL,establishment|food|point_of_interest|store,ChIJlzbBZ99RrUYR_xNkDQCsrDw,оптовый продовольственный рынок,check
Даная,"ул. Юбилейная, 24, Кострома, Костромская обл., 156009",Кострома,Кострома,Костромская область,Russia,57.7362561,40.9761433,,,OPERATIONAL,establishment|point_of_interest,ChIJu2bmZNBRrUYRGjyNa0mKFJM,оптовая база продуктов питания,check
Калиновский рынок,"Калиновская ул., 42, Кострома, Костромская обл., 156013",Кострома,Кострома,Костромская область,Russia,57.7748458,40.944158,4.1,2148,OPERATIONAL,establishment|point_of_interest|shopping_mall,ChIJzRzCcO9PrUYRsKON_3jSN3Y,оптовый продовольственный рынок,yes
Космол,"ул. Советская, 144A, Кострома, Костромская обл., 156029",Кострома,Кострома,Костромская область,Russia,57.7537933,40.9750486,3.9,19,OPERATIONAL,establishment|food|point_of_interest,ChIJd0ayldNPrUYR28xY8DosaUA,оптовая база продуктов питания,check
Костромские продукты,"Кинешемское ш., 50А/1, Кострома, Костромская обл., 156019",Кострома,Кострома,Костромская область,Russia,57.7490105,41.0020957,,,OPERATIONAL,establishment|food|grocery_or_supermarket|point_of_interest|store,ChIJzU1mmy9OrUYRsMI70TviT3o,оптовый продовольственный рынок,check
Костромской Комбикормовый Завод,"ул. Юбилейная, 24/6, Кострома, Костромская обл., 156009",Кострома,Кострома,Костромская область,Russia,57.73629,40.9759733,4.1,14,OPERATIONAL,establishment|food|point_of_interest,ChIJjzhBb9BRrUYRnlEG0gLm0Uw,оптовая база продуктов питания,check
Красные ряды,"ул. Красные Ряды, 1, Кострома, Костромская обл., 156000",Кострома,Кострома,Костромская область,Russia,57.7663027,40.9262698,4.6,1636,OPERATIONAL,establishment|point_of_interest|tourist_attraction,ChIJsR1keR1QrUYRgxOv4lNHcdE,оптовый продовольственный рынок,check
Кристал,"ул. 2-я Волжская, 1В, Кострома, Костромская обл., 156019",Кострома,Кострома,Костромская область,Russia,57.7542765,40.9817746,4.6,10,OPERATIONAL,establishment|food|point_of_interest,ChIJEwaNOdNPrUYR2OK2akU4it0,оптовая база продуктов питания,check
Мясной Мир,"Деминская ул., 4/4, Кострома, Костромская обл., 156019",Кострома,Кострома,Костромская область,Russia,57.7664899,40.9916802,4.4,41,OPERATIONAL,establishment|food|point_of_interest|store,ChIJw-g5j8lPrUYRB7or9xe_At8,оптовая база продуктов питания,check
"МЯСНОЙ МИР, оптово-розничная торговая компания","Галичская ул., 118, Кострома, Костромская обл., 156013",Кострома,Кострома,Костромская область,Russia,57.7796227,40.9765259,4.6,172,OPERATIONAL,establishment|point_of_interest|store,ChIJT4knTu9PrUYRq-ZP6RinazU,оптовая база продуктов питания,yes
Овощи Фрукты,"ул. 2-я Волжская, 19/6, Кострома, Костромская обл., 156019",Кострома,Кострома,Костромская область,Russia,57.752649,40.980515,5,1,OPERATIONAL,establishment|food|point_of_interest|store,ChIJMWmeqtRPrUYR2tWNg-sy2c0,оптовый продовольственный рынок,check
"ООО ""Рыбозавод Костромской""","Мясницкая ул., 8А, Кострома, Костромская обл., 156000",Кострома,Кострома,Костромская область,Russia,57.76762899999999,40.941574,5,2,OPERATIONAL,establishment|food|point_of_interest,ChIJEzBRzOZPrUYRlNFw0BiE4YE,оптовая база продуктов питания,check
"ООО ""Снегурочка"", Оптовый Склад","ул. 2-я Волжская, 25, Кострома, Костромская обл., 156009",Кострома,Кострома,Костромская область,Russia,57.743961,40.981546,,,OPERATIONAL,establishment|food|grocery_or_supermarket|point_of_interest|store,ChIJXXJzFtZRrUYRha3jMfxYWGw,оптовый продовольственный рынок,yes
Оптовая Компания,"Льняная ул., 2, Кострома, Костромская обл., 156009",Кострома,Кострома,Костромская область,Russia,57.7507332,40.9838042,5,1,OPERATIONAL,establishment|food|point_of_interest|store,ChIJyd2peStOrUYRj3YVQgmFTxw,оптовый продовольственный рынок,yes
"Оптово-розничная компания, ИП Лунгу Е.К.","Галичская ул., 124А, Кострома, Костромская обл., 156008",Кострома,Кострома,Костромская область,Russia,57.779673,40.989482,5,1,OPERATIONAL,establishment|food|point_of_interest,ChIJnyN8jrxPrUYR82wZKmIG9wM,оптовая база продуктов питания,yes
Оптовый Склад,"Льняная ул., 3-а, Кострома, Костромская обл., 156009",Кострома,Кострома,Костромская область,Russia,57.749341,40.9836348,5,1,OPERATIONAL,establishment|point_of_interest|storage,ChIJwYNJoytOrUYRRi6OWBII78g,оптовый продовольственный рынок,yes
Оптовый Склад,"Галичская ул., 124-а, Кострома, Костромская обл., 156013",Кострома,Кострома,Костромская область,Russia,57.7796658,40.9894817,,,OPERATIONAL,establishment|point_of_interest,ChIJw2q2hrtPrUYRaf-9H7TE6gQ,оптовый продовольственный рынок,yes
Продукты,"Галичская ул., 124, Кострома, Костромская обл., 156013",Кострома,Кострома,Костромская область,Russia,57.7785244,40.9876449,,,OPERATIONAL,establishment|point_of_interest,ChIJrW4k8btPrUYR2H9XzvFoyok,оптовая база продуктов питания,check
Сахаропт,"ул. Юрия Смирнова, 2, Кострома, Костромская обл., 156008",Кострома,Кострома,Костромская область,Russia,57.7712832,40.9815259,,,OPERATIONAL,establishment|point_of_interest,ChIJhwQ82INPrUYR4wGT-1chhjM,оптовый продовольственный рынок,yes
"СОЛНЕЧНЫЙ, торгово-вещевой рынок","Кинешемское ш., 76, Кострома, Костромская обл., 156016",Кострома,Кострома,Костромская область,Russia,57.73984729999999,41.0167083,4.2,2640,OPERATIONAL,establishment|point_of_interest|shopping_mall,ChIJr0x7ZCJOrUYR-pS11BadfDE,сельскохозяйственный рынок,yes
ТД Эльбрус,"ул. 2-я Волжская, 1А, Кострома, Костромская обл., 156019",Кострома,Кострома,Костромская область,Russia,57.7524992,40.9811107,3.8,13,OPERATIONAL,establishment|food|point_of_interest,ChIJBcJuqixOrUYRyA4YwO-i4QE,оптовая база продуктов питания,check
Тепличный комбинат Высоковский,"Индустриальная ул., 40А, Кострома, Костромская обл., 156025",Кострома,Кострома,Костромская область,Russia,57.75532519999999,41.018374,3.7,3,OPERATIONAL,establishment|point_of_interest,ChIJ9U1ZS_dPrUYRESj-cXRJyNY,оптовый продовольственный рынок,check
ТЦ Паново,"мкр. Паново, 15, Кострома, Костромская обл., 156010",Кострома,Кострома,Костромская область,Russia,57.7363815,40.9094124,4,2067,OPERATIONAL,establishment|point_of_interest|shopping_mall,ChIJM2sFYERQrUYRAPKbmU0rsAo,плодоовощная база оптовая,check
Упаковка 44 торгово-производственная компания,"Зеленая ул., 3А, Кострома, Костромская обл., 156019",Кострома,Кострома,Костромская область,Russia,57.771961,40.9969469,4,1,OPERATIONAL,establishment|food|point_of_interest|store,ChIJ-8q4LsNPrUYRr3J1_k2LyY8,оптовый продовольственный рынок,check
Центральный рынок,"ул. Мучные Ряды, 1, Кострома, Костромская обл., 156000",Кострома,Кострома,Костромская область,Russia,57.7679807,40.9236552,4.1,1739,OPERATIONAL,establishment|point_of_interest,ChIJzx3dqOJPrUYRNOj7IgaPHDE,оптовый продовольственный рынок,yes
Шувалово,"ул. Никитская, 142, Кострома, Костромская обл., 156029",Кострома,Кострома,Костромская область,Russia,57.759084,40.977231,4.3,3,OPERATIONAL,establishment|food|point_of_interest|store,ChIJnYbOjNFPrUYRh8uSfOfqKKY,оптовая база продуктов питания,check
АО Тепличное,"ул. Хитрова, 1, Красненькая, Тамбовская обл., 392519",Красненькая,Тамбов,Тамбовская область,Russia,52.76984179999999,41.4578476,4.5,39,OPERATIONAL,establishment|food|point_of_interest,ChIJS7058MgWOUER0JbaWHeMXUQ,оптовая база продуктов питания,check
Аппетитор,"ул. Восточно-Кругликовская, 30/1, Краснодар, Краснодарский край, 350912",Краснодар,Краснодар,Краснодарский край,Russia,45.0491289,39.0304816,3.5,4,OPERATIONAL,establishment|food|point_of_interest|storage,ChIJy7f7_8JF8EARDlZOnK5KRdc,оптовая база продуктов питания,check
Вишняковский Рынок,"ул. Новороссийская, 2А, Краснодар, Краснодарский край, 350001",Краснодар,Краснодар,Краснодарский край,Russia,45.0217182,39.00126789999999,4.1,8752,OPERATIONAL,establishment|point_of_interest,ChIJk0J8T91P8EARNoVmpT6gi0o,оптовый продовольственный рынок,yes
Гарант,"ул. Уральская, 116 Э, Краснодар, Краснодарский край, 350080",Краснодар,Краснодар,Краснодарский край,Russia,45.034918,39.0592853,4.3,2623,OPERATIONAL,establishment|point_of_interest,ChIJr3dGcuha8EARCJA4_bDIbK4,оптовый продовольственный рынок,check
ГАРАНТ-ТОРГ ПРОДУКТ,"ул. Уральская, 116, Краснодар, Краснодарский край, 350018",Краснодар,Краснодар,Краснодарский край,Russia,45.0340654,39.0597111,,,OPERATIONAL,establishment|point_of_interest,ChIJJ1EK3Elb8EARdkcClVALnNU,оптовая база продуктов питания,check
греческие истории,"Красная 176""ТЦ Центр Города, Краснодар, Краснодарский край, 350901",Краснодар,Краснодар,Краснодарский край,Russia,45.04549069999999,38.9798999,4.6,10,OPERATIONAL,establishment|point_of_interest,ChIJEwntUQ5Q8EARs-51rLiFYAc,оптовая база продуктов питания,check
Группа Джей Эф Си,"ул. Красных Партизан, 2/1, Краснодар, Краснодарский край, 350012",Краснодар,Краснодар,Краснодарский край,Russia,45.0702265,38.9051274,5,2,OPERATIONAL,establishment|food|point_of_interest,ChIJc0NFUoNP8EARlt4W7SfLcS8,плодоовощная база оптовая,check
Интегрита-Краснодар,"офис 201, ул. Ростовское ш., 14, Краснодар, Краснодарский край, 350072",Краснодар,Краснодар,Краснодарский край,Russia,45.0718906,38.9895772,3.5,11,OPERATIONAL,establishment|food|point_of_interest,ChIJB9VS471F8EARnLDdLyRbwKM,оптовая база продуктов питания,check
ИП Карташев В.В.,"ул. Новороссийская, 216/2, Краснодар, Краснодарский край, 350059",Краснодар,Краснодар,Краснодарский край,Russia,45.0361857,39.0447984,3.7,3,OPERATIONAL,establishment|point_of_interest,ChIJCXn7Oa1a8EARTLgg7ugvnWU,плодоовощная база оптовая,check
Калинина-Каляевский рынок,"пр-д Каляева, 21, Краснодар, Краснодарский край, 350004",Краснодар,Краснодар,Краснодарский край,Russia,45.0424182,38.93614669999999,3.9,470,OPERATIONAL,establishment|food|grocery_or_supermarket|point_of_interest|store|supermarket,ChIJM70T9RZP8EAR9WjQI-6SIvo,оптовый продовольственный рынок,yes
Кооперативный рынок,"Карасунская ул., 86, Краснодар, Краснодарский край, 350000",Краснодар,Краснодар,Краснодарский край,Russia,45.027286,38.9745043,4.1,4364,OPERATIONAL,establishment|point_of_interest,ChIJF9qCk7tP8EARPVduzaeLyEI,оптовый продовольственный рынок,yes
Котляровская Ярмарка,"ул. Зиповская, 34Б, Краснодар, Краснодарский край, 350016",Краснодар,Краснодар,Краснодарский край,Russia,45.0629316,39.0110263,4.4,458,OPERATIONAL,establishment|point_of_interest,ChIJ9324InVF8EARkxLanwyZyJM,оптовый продовольственный рынок,yes
"Крок-лтд, Казачий Рынок","ул. Бородинская, 156/3, Краснодар, Краснодарский край, 350080",Краснодар,Краснодар,Краснодарский край,Russia,45.0101356,39.1002426,4.1,433,OPERATIONAL,establishment|point_of_interest,ChIJc0NFUoNP8EARVM80LgfpeEA,оптовый продовольственный рынок,yes
"Кубань, рынок","ул. Уральская, 196, Краснодар, Краснодарский край, 350088",Краснодар,Краснодар,Краснодарский край,Russia,45.04285429999999,39.1098633,4.2,689,OPERATIONAL,establishment|point_of_interest,ChIJleuEV-Ja8EARHYxN-0NkyVQ,оптовый продовольственный рынок,yes
Море Продуктов,"ул. 3-я Трудовая, 102, Краснодар, Краснодарский край, 350900",Краснодар,Краснодар,Краснодарский край,Russia,45.1263778,39.0019561,3.8,8,OPERATIONAL,establishment|food|point_of_interest,ChIJc0NFUoNP8EARRFIg58nqNPU,оптовая база продуктов питания,check
овощи оптом краснодар,"ул. Уральская, 144, Краснодар, Краснодарский край, 350080",Краснодар,Краснодар,Краснодарский край,Russia,45.0370772,39.0828197,,,OPERATIONAL,establishment|point_of_interest,ChIJrVkWucFa8EARBtb5UxJ3PDM,плодоовощная база оптовая,yes
Овощи Фрукты Оптом - ТэМэТэРоН,"ул. Демуса, 6, Краснодар, Краснодарский край, 350080",Краснодар,Краснодар,Краснодарский край,Russia,45.0411934,39.0617112,,,OPERATIONAL,establishment|food|grocery_or_supermarket|point_of_interest|store,ChIJ-dKQUfNb8EARu9pYajTXDgw,плодоовощная база оптовая,yes
"ООО ""Краснодарская межрайбаза""","ул. Одесская, 41, Краснодар, Краснодарский край, 350020",Краснодар,Краснодар,Краснодарский край,Russia,45.049201,38.985466,5,1,OPERATIONAL,establishment|point_of_interest,ChIJnSfaOIBP8EARCBzlBLWOLbM,плодоовощная база оптовая,yes
Оптовая База,"ул. Обрезная, Краснодарский край, 350037",Краснодар,Краснодар,Краснодарский край,Russia,45.02990459999999,39.2126952,4.3,312,OPERATIONAL,establishment|point_of_interest|shopping_mall,ChIJ9SDXgVxZ8EARWnqBa77o35A,плодоовощная база оптовая,yes
Оптово-розничная база Фолиант,"ул. Базовская, 5а, Краснодар, Краснодарский край, 350000",Краснодар,Краснодар,Краснодарский край,Russia,45.0228812,38.9829453,5,1,OPERATIONAL,establishment|point_of_interest,ChIJBdalacdP8EARzy8pYC3xnfs,плодоовощная база оптовая,yes
Оптово-розничный магазин ИП Пушкарный В.Т.,"Ярмарка ""Гарант"", Лизы, ул. Лизы Чайкиной, Краснодар, Краснодарский край, 350075",Краснодар,Краснодар,Краснодарский край,Russia,45.0303769,39.0592948,4.5,105,OPERATIONAL,establishment|food|point_of_interest|store,ChIJXyaUa6Va8EAR-zG3w5oPPjg,плодоовощная база оптовая,yes
Оптовые Базы,"ул. Просторная, 11/1, Краснодар, Краснодарский край, 350080",Краснодар,Краснодар,Краснодарский край,Russia,45.0354964,39.0845177,,,OPERATIONAL,establishment|point_of_interest,ChIJ71utYupa8EARBG_ivxnPGXs,плодоовощная база оптовая,yes
Оптовый Рынок,"ул. Красная, 145/1, Краснодар, Краснодарский край, 350020",Краснодар,Краснодар,Краснодарский край,Russia,45.0480155,38.9772491,4.8,4,OPERATIONAL,establishment|point_of_interest,ChIJ0f0Tv3hP8EARORYAm-5BF_g,оптовый продовольственный рынок,yes
ОРЕХПРОМ,"ул. Красных Партизан, 2/4А, Краснодар, Краснодарский край, 350012",Краснодар,Краснодар,Краснодарский край,Russia,45.0651981,38.8980191,4.7,21,OPERATIONAL,establishment|food|point_of_interest|store,ChIJc0NFUoNP8EAR3f0z4drz0S8,оптовая база продуктов питания,check
Первый Колбасный из Беларуси,"ул. Уральская, 116К, Краснодар, Краснодарский край, 350059",Краснодар,Краснодар,Краснодарский край,Russia,45.0321751,39.0596638,4.8,30,OPERATIONAL,establishment|food|grocery_or_supermarket|point_of_interest|store,ChIJia4NTqVa8EARSujBFxZsJQg,оптовая база продуктов питания,check
Русь,"ул. Восточный обход, 21, Краснодар, Краснодарский край, 350059",Краснодар,Краснодар,Краснодарский край,Russia,45.0401902,39.1267712,4.3,834,OPERATIONAL,establishment|point_of_interest,ChIJte3P2u1a8EAR04bgWUEz9OM,оптовый продовольственный рынок,check
Рынок,"ул. Трудовой Славы, 9, Краснодар, Краснодарский край, 350065",Краснодар,Краснодар,Краснодарский край,Russia,45.0060571,39.0705395,4.3,1187,OPERATIONAL,establishment|food|grocery_or_supermarket|point_of_interest|store,ChIJXRW_1nxQ8EARP4EI2SscAKk,оптовый продовольственный рынок,yes
Рынок Краснодар,"к, ул. Озерная, 15 корпус 1, Краснодар, Краснодарский край, 350001",Краснодар,Краснодар,Краснодарский край,Russia,45.0234649,39.004601,4.6,23,OPERATIONAL,establishment|point_of_interest|shopping_mall,ChIJebiCt-dP8EARgNtr8RNPn1g,оптовый продовольственный рынок,yes
Рынок Фрукты Овощи,"пр. Чекистов, 17, Краснодар, Краснодарский край, 350089",Краснодар,Краснодар,Краснодарский край,Russia,45.0311369,38.9120212,4.1,101,OPERATIONAL,establishment|point_of_interest,ChIJ4VVS_N1O8EAR-Le4yk336GE,оптовый продовольственный рынок,yes
Сельскохозяйственный Рынок,"ул. Московская, 50, Краснодар, Краснодарский край, 350072",Краснодар,Краснодар,Краснодарский край,Russia,45.0611296,39.0025662,,,OPERATIONAL,establishment|point_of_interest,ChIJQR3U-XVF8EARH5EaIkMkwjU,сельскохозяйственный рынок,yes
Сенной рынок,"ул. Рашпилевская, 137, Краснодар, Краснодарский край, 350000",Краснодар,Краснодар,Краснодарский край,Russia,45.0358334,38.9714034,4.1,7093,OPERATIONAL,establishment|point_of_interest,ChIJVR9_sphP8EAR3_euRcl7phg,оптовый продовольственный рынок,yes
СМП-СКЛАД,"ул. Вишняковой, 3/5, Краснодар, Краснодарский край, 350001",Краснодар,Краснодар,Краснодарский край,Russia,45.0110292,38.9948253,4.6,73,OPERATIONAL,establishment|food|home_goods_store|point_of_interest|store,ChIJmfgcfeZP8EARmQO3zaQEP68,оптовая база продуктов питания,check
Тюляевский рынок,"к, ул. Уральская, 164 корпус 2, Краснодар, Краснодарский край, 350080",Краснодар,Краснодар,Краснодарский край,Russia,45.03941409999999,39.0966393,4.4,1954,OPERATIONAL,establishment|point_of_interest,ChIJk0hWI-Za8EAR859kfWhe0-c,оптовый продовольственный рынок,yes
"Универсальный рынок ООО ""Русь""","ул. Тюляева, 20, Краснодар, Краснодарский край, 350080",Краснодар,Краснодар,Краснодарский край,Russia,45.038564,39.097231,4.3,543,OPERATIONAL,establishment|point_of_interest,ChIJgTywAuZa8EARebJydkSIfws,оптовый продовольственный рынок,yes
ФАКЕЛ,"ул. Круговая, 40, Краснодар, Краснодарский край, 350012",Краснодар,Краснодар,Краснодарский край,Russia,45.0711526,38.9146063,5,7,OPERATIONAL,establishment|food|point_of_interest,ChIJifHyb6VI8EARf91GiMKf594,оптовая база продуктов питания,check
Фруктодар,"ул. Российская, 74, Краснодар, Краснодарский край, 350901",Краснодар,Краснодар,Краснодарский край,Russia,45.0545719,39.0185088,4.6,10,OPERATIONAL,establishment|food|point_of_interest|store,ChIJIQfKkLa540ARSGUABMmnfSs,плодоовощная база оптовая,check
Фрукты и овощи,"ул. Уральская, 216/2, Краснодар, Краснодарский край, 350912",Краснодар,Краснодар,Краснодарский край,Russia,45.0410449,39.12692699999999,4.2,81,OPERATIONAL,establishment|point_of_interest,ChIJz0JnGgFb8EARzpYO14FEogw,оптовый продовольственный рынок,check
Цветочный рынок,"Краснодар, Краснодарский край, 350016",Краснодар,Краснодар,Краснодарский край,Russia,45.0622672,39.0022876,4.3,349,OPERATIONAL,establishment|point_of_interest,ChIJy6AMPJ5F8EARzA0RdXn8bkY,оптовый продовольственный рынок,yes
Цветочный Рынок,"ул. имени героя Владислава Посадского, Краснодар, Краснодарский край, 350901",Краснодар,Краснодар,Краснодарский край,Russia,45.0576024,39.0395566,4.5,967,OPERATIONAL,establishment|point_of_interest|shopping_mall,ChIJZ9mqWdFF8EARPssZglTLZXM,оптовый продовольственный рынок,yes
Центр сухофруктов,"Текстильная ул., 25, Краснодар, Краснодарский край, 350059",Краснодар,Краснодар,Краснодарский край,Russia,45.034099,39.0630429,4.3,279,OPERATIONAL,establishment|food|grocery_or_supermarket|point_of_interest|store,ChIJ8Xf9DLpa8EARDU15IPASTdM,оптовая база продуктов питания,check
"Энка, Рынок","ул. Кореновская, 12, Краснодар, Краснодарский край, 350005",Краснодар,Краснодар,Краснодарский край,Russia,45.09732380000001,38.9768658,3.9,1012,OPERATIONAL,establishment|point_of_interest,ChIJc0NFUoNP8EAROA-Xj4uHGx8,оптовый продовольственный рынок,yes
Югопт,"4, ул. Тихорецкая, 5/2, Краснодар, Краснодарский край, 350038",Краснодар,Краснодар,Краснодарский край,Russia,45.037768,39.0355859,4.1,19,OPERATIONAL,establishment|food|grocery_or_supermarket|point_of_interest|store,ChIJOVDhCdJb8EARrSCml9Lowsc,плодоовощная база оптовая,yes
Югоптторг-23,"ул. Симферопольская, 62, Краснодар, Краснодарский край, 350080",Краснодар,Краснодар,Краснодарский край,Russia,45.0403706,39.0870027,3,7,OPERATIONAL,establishment|point_of_interest,ChIJc0NFUoNP8EAR_GrhR6c_NqA,плодоовощная база оптовая,yes
Югптицеторг-Н,"ул. Атарбекова, 1, Краснодар, Краснодарский край, 350062",Краснодар,Краснодар,Краснодарский край,Russia,45.0591078,38.9515393,5,1,OPERATIONAL,establishment|point_of_interest,ChIJh329J1xP8EARnCyoM8AbwAQ,оптовая база продуктов питания,check
"ЮМК, ОАО ""Южная многоотраслевая корпорация""","ул. Новороссийская, 55, Краснодар, Краснодарский край, 350080",Краснодар,Краснодар,Краснодарский край,Russia,45.0465388,39.0863539,3.8,31,OPERATIONAL,establishment|food|point_of_interest,ChIJB6jMs9ta8EARa4P9CwHW7nw,оптовая база продуктов питания,check
Краснообский рынок,"ул. пос. раснообск, 61, Краснообск, Новосибирская обл., 630501",Краснообск,Новосибирск,Новосибирская область,Russia,54.9216051,82.9840359,4.2,388,OPERATIONAL,establishment|point_of_interest,ChIJZf7oVUnd30IRuAQJxXDO23Y,оптовый продовольственный рынок,yes
ИП Алибеков,"Unnamed Road, Чеченская Респ., Краснопартизанский, Чеченская Респ., 366005",Краснопартизанский,Грозный,Чеченская Республика,Russia,43.2447398,45.545073,4.8,21,OPERATIONAL,establishment|food|point_of_interest,ChIJ1XAlmmwsUEARGtZaW8bHFRU,оптовая база продуктов питания,check
Агроресурс-К,"ул. Шахтёров, 49ж, Красноярск, Красноярский край, 660020",Красноярск,Красноярск,Красноярский край,Russia,56.0411796,92.88433839999999,4.7,43,OPERATIONAL,establishment|food|grocery_or_supermarket|point_of_interest|store,ChIJIY58Hv-u11wRNe2FV7KAu6M,оптовый продовольственный рынок,yes
Аксютец - продукты питания оптом и в розницу,"ш. Северное, 5Г, Красноярск, Красноярский край, 660118",Красноярск,Красноярск,Красноярский край,Russia,56.078467,92.94194499999999,5,5,OPERATIONAL,establishment|food|point_of_interest|store,ChIJC7cz5i2u11wRHlK_YspAp6c,оптовый продовольственный рынок,yes
БМПП Катюша,"ул. Маерчака, 49А, Красноярск, Красноярский край, 660048",Красноярск,Красноярск,Красноярский край,Russia,56.0293722,92.82529269999999,5,1,OPERATIONAL,establishment|point_of_interest,ChIJRVxeA9Gt11wRS3fVoia-vQI,оптовая база продуктов питания,check
"Богатства Сибири,","ул. Алексеева, 93, Красноярск, Красноярский край, 660077",Красноярск,Красноярск,Красноярский край,Russia,56.0449208,92.90250089999999,5,2,OPERATIONAL,establishment|food|point_of_interest|store,ChIJA0RJFQOv11wR1Ef6ovNUbhs,оптовый продовольственный рынок,check
Городской,"просп. имени газеты Красноярский Рабочий, 8, 2 этаж, Красноярск, Красноярский край, 660004",Красноярск,Красноярск,Красноярский край,Russia,56.0261764,93.0213546,4.2,217,OPERATIONAL,car_repair|establishment|point_of_interest|shopping_mall|store,ChIJjSrqzvuk11wRvSfFyxL8lvY,сельскохозяйственный рынок,check
Дасмар,"ул. Электриков, 152, Красноярск, Красноярский край, 660079",Красноярск,Красноярск,Красноярский край,Russia,55.9729733,92.8809149,5,1,OPERATIONAL,establishment|food|point_of_interest,ChIJz8CkEsmx11wR7ZtlFht6UUA,оптовая база продуктов питания,check
Енисейский привоз,"ул. Шахтёров, 35, Красноярск, Красноярский край, 660020",Красноярск,Красноярск,Красноярский край,Russia,56.03659409999999,92.8917321,4.4,1990,OPERATIONAL,establishment|point_of_interest,ChIJf222ozCv11wRqj1-NRKY87o,оптовый продовольственный рынок,check
Зеленый Рынок,"Красноярск, Красноярский край, 660004",Красноярск,Красноярск,Красноярский край,Russia,56.02567519999999,93.0206537,4.4,34,OPERATIONAL,establishment|food|grocery_or_supermarket|point_of_interest|store|supermarket,ChIJK8MNufuk11wRfAQB8PtWee8,оптовый продовольственный рынок,yes
"Ивановский, Рынок","ул. Мирошниченко, 1А, Красноярск, Красноярский край, 660130",Красноярск,Красноярск,Красноярский край,Russia,56.028763,92.754519,4.2,1106,OPERATIONAL,establishment|point_of_interest,ChIJPUM74Bmt11wRHbg15pUv_IM,оптовый продовольственный рынок,yes
Интрас-Красноярск,"ш. Северное, 31Д, Красноярск, Красноярский край, 660020",Красноярск,Красноярск,Красноярский край,Russia,56.0672508,92.9027361,4.4,54,OPERATIONAL,establishment|food|point_of_interest|restaurant,ChIJuxX1Yiev11wRjO2fyMqnaNc,оптовый продовольственный рынок,check
ИП Мавлонов А.Х,"ул. Шахтёров, 351с1, Красноярск, Красноярский край, 660020",Красноярск,Красноярск,Красноярский край,Russia,56.0370005,92.89077189999999,5,1,OPERATIONAL,establishment|food|point_of_interest,ChIJT2mzs0Sv11wRRI2az6y6pmk,оптовая база продуктов питания,check
КОНТИНЕНТ,"ул. Лесопильщиков, 160, Красноярск, Красноярский край, 660019",Красноярск,Красноярск,Красноярский край,Russia,55.968155,92.9072987,4.3,62,OPERATIONAL,establishment|food|point_of_interest,ChIJ94AyfUew11wRB3N_fGaqfrw,оптовая база продуктов питания,check
Корейская Бабушка,"ул. Красной Армии, 28, Красноярск, Красноярский край, 660021",Красноярск,Красноярск,Красноярский край,Russia,56.0134281,92.8471845,5,1,OPERATIONAL,establishment|food|grocery_or_supermarket|point_of_interest|store,ChIJMX5i_kav11wReXhx0Tps1Qs,сельскохозяйственный рынок,check
КрасТЭЦ,"просп. имени газеты Красноярский Рабочий, 16, Красноярск, Красноярский край, 660004",Красноярск,Красноярск,Красноярский край,Russia,56.02422559999999,93.0194922,4.1,2522,OPERATIONAL,establishment|point_of_interest|shopping_mall,ChIJu2uDnfuk11wR5gLl1Uv4SWs,оптовый продовольственный рынок,check
Магазин северной рыбы и оленины – Дары Севера,"Енисейский тракт, 10 км, 2 корпус 4, Красноярск, Красноярский край, 660119",Красноярск,Красноярск,Красноярский край,Russia,56.1120595,92.9394464,4.5,226,OPERATIONAL,establishment|food|point_of_interest|store,ChIJA53Oo8yo11wRLvlW8LuLTRQ,оптовый продовольственный рынок,check
"Мясопотам, ООО","ул. Парашютная, 14а, Красноярск, Красноярский край, 660078",Красноярск,Красноярск,Красноярский край,Russia,55.9734697,92.8561797,4.4,15,OPERATIONAL,establishment|food|point_of_interest,ChIJQY9vs-ux11wRe3Vb9PE9vU0,оптовая база продуктов питания,check
Новогодняя компания ИП Ярошенко С.А.,"ул. Семафорная, 443, корп. 12, Красноярск, Красноярский край, 660059",Красноярск,Красноярск,Красноярский край,Russia,56.000528,92.95609300000001,4.9,24,OPERATIONAL,establishment|food|point_of_interest|store,ChIJ5aM4WVel11wRE03LvuZWhOg,оптовая база продуктов питания,check
О! Буузы,"Дудинская ул., 2Д, Красноярск, Красноярский край, 660020",Красноярск,Красноярск,Красноярский край,Russia,56.02635249999999,92.89651320000002,5,7,OPERATIONAL,establishment|food|point_of_interest|store,ChIJlXYATDmJ_qAR_SJvz2yShsU,оптовая база продуктов питания,check
ООО «АХВ»,"ш. Северное, 31Г, Красноярск, Красноярский край, 660118",Красноярск,Красноярск,Красноярский край,Russia,56.0657829,92.89740289999999,4.4,31,OPERATIONAL,establishment|point_of_interest,ChIJs24rBrSv11wRWZGUJVNNMDY,оптовый продовольственный рынок,check
Оптовая База,"ул. Шахтёров, 35/2с14, Красноярск, Красноярский край, 660020",Красноярск,Красноярск,Красноярский край,Russia,56.039604,92.8897609,4.6,34,OPERATIONAL,establishment|point_of_interest|storage,ChIJpYuVUf-u11wRdGzChJMRYrM,оптовый продовольственный рынок,yes
Поляна,"ул. 60 лет Октября, 2Г, Красноярск, Красноярский край, 660042",Красноярск,Красноярск,Красноярский край,Russia,55.97735369999999,92.8373759,3.9,180,OPERATIONAL,establishment|food|grocery_or_supermarket|point_of_interest|store,ChIJ04BOnfax11wR2-POmHoY0as,сельскохозяйственный рынок,check
Продукты питания оптом в Красноярске,"Дудинская ул., 6, Красноярск, Красноярский край, 660020",Красноярск,Красноярск,Красноярский край,Russia,56.02698059999999,92.89457709999999,,,OPERATIONAL,establishment|food|point_of_interest,ChIJKxaQ01Ku11wRqTb5AGNmFtc,оптовая база продуктов питания,yes
Радиорынок,"ул. Вавилова, 2-а, Красноярск, Красноярский край, 660010",Красноярск,Красноярск,Красноярский край,Russia,55.9930439,92.90742209999999,3.6,1901,OPERATIONAL,establishment|point_of_interest,ChIJQeT9Sdiv11wR7SVmRj6ueEk,оптовый продовольственный рынок,yes
Регион Трейд Бакалея,"строение 12, ул. Семафорная, 439, Красноярск, Красноярский край, 660059",Красноярск,Красноярск,Красноярский край,Russia,56.0017874,92.95167909999999,4.6,9,OPERATIONAL,establishment|point_of_interest,ChIJ906gFlil11wRfipbN3GzMvk,оптовая база продуктов питания,check
"РОРЦ ""Агротерминал""","660131, Красноярский край, Красноярск г, Ястынская ул, дом № 47, строение 5, Красноярск, Красноярский край, 660131",Красноярск,Красноярск,Красноярский край,Russia,56.0760199,92.9614886,4.1,250,OPERATIONAL,establishment|food|grocery_or_supermarket|point_of_interest|store,ChIJQcMRjIal11wRYNPPrY8Fg8o,сельскохозяйственный рынок,yes
РУССКИЙ ПРОДУКТ,"660048, г. Красноярск, улица 2-я Брянская, 4 663020, Красноярский край, пгт Емельяново, улица Декабристов, 72К 630005, г Новосибирск, ул. Фрунзе, 88 620020, г Новосибирск, ул. Игарская, д. 58, Красноярск, Красноярский край, 660048",Красноярск,Красноярск,Красноярский край,Russia,56.038137,92.8391539,5,1,OPERATIONAL,establishment|food|point_of_interest|store,ChIJowDSCISu11wRKiaClXJbVDY,оптовая база продуктов питания,check
Рынок,"ул. Ястынская, Красноярск, Красноярский край, 660055",Красноярск,Красноярск,Красноярский край,Russia,56.0731458,92.9731611,5,1,OPERATIONAL,establishment|point_of_interest,ChIJq7o7VOOl11wR8ZzQ4KJ4qgw,сельскохозяйственный рынок,yes
"Рынок ""Новая Взлетка""","Октябрьская ул., 2а, Красноярск, Красноярский край, 660135",Красноярск,Красноярск,Красноярский край,Russia,56.034907,92.92139,4.1,395,OPERATIONAL,establishment|point_of_interest|shopping_mall,ChIJ0VlVfqCv11wR1K0c-4kYcY8,оптовый продовольственный рынок,yes
Рынок Южный,"Караульная ул., 19, Красноярск, Красноярский край, 660056",Красноярск,Красноярск,Красноярский край,Russia,56.042918,92.8646057,4.1,536,OPERATIONAL,establishment|food|grocery_or_supermarket|point_of_interest|store,ChIJn6atjYyu11wRRFvmGzrHQUE,оптовый продовольственный рынок,yes
Северная Оптово-торговая База,"ул. Спандаряна, 8, Красноярск, Красноярский край, 660020",Красноярск,Красноярск,Красноярский край,Russia,56.0288097,92.8954279,3,1,OPERATIONAL,establishment|point_of_interest,ChIJC7cz5i2u11wRyaR4LHGcpHE,оптовая база продуктов питания,yes
Содружество-рынок,"Красноярск, Красноярский край, 660004",Красноярск,Красноярск,Красноярский край,Russia,56.0224287,93.016311,4.3,168,OPERATIONAL,establishment|point_of_interest,ChIJK-3IgQOl11wRrX8oE1nuIOk,оптовый продовольственный рынок,yes
"Содружество, Торговый Комплекс","просп. имени газеты Красноярский Рабочий, 15-а, Красноярск, Красноярский край, 660037",Красноярск,Красноярск,Красноярский край,Russia,56.0245639,93.02081199999999,4.2,519,OPERATIONAL,establishment|point_of_interest,ChIJ35_Sqfuk11wRAO07wO2wd9M,оптовый продовольственный рынок,check
"Торгово-складской комплекс ""ТОТЕМ""","ул. Коммунальная, 2г, Красноярск, Красноярский край, 660059",Красноярск,Красноярск,Красноярский край,Russia,56.0090103,92.9479599,4.1,1051,OPERATIONAL,establishment|food|grocery_or_supermarket|point_of_interest|shopping_mall|store,ChIJX9BQqfWv11wRRPQC8gEGOWM,сельскохозяйственный рынок,check
Фермерский рынок,"ул. 9-го Мая, 12а, Красноярск, Красноярский край",Красноярск,Красноярск,Красноярский край,Russia,56.06584520000001,92.9265774,4.3,118,OPERATIONAL,establishment|food|grocery_or_supermarket|point_of_interest|store,ChIJIUesYDiv11wRFYcUI0-QmS8,оптовый продовольственный рынок,yes
Форт Нокс,"ул. Кишиневская, 17, Красноярск, Красноярский край, 660013",Красноярск,Красноярск,Красноярский край,Russia,56.0029294,93.015306,4.3,31,OPERATIONAL,establishment|food|point_of_interest|store,ChIJAycdZdmk11wRjR2WAAEuSYk,оптовая база продуктов питания,check
Центральный Рынок,"ул. Качинская, 64, Красноярск, Красноярский край, 660060",Красноярск,Красноярск,Красноярский край,Russia,56.01718,92.85773549999999,3.9,1381,OPERATIONAL,establishment|point_of_interest,ChIJP2RgUkmu11wR6cTurZjF4xo,оптовый продовольственный рынок,yes
Южный рынок.,"ул. Шахтёров, 59/1, Красноярск, Красноярский край, 660020",Красноярск,Красноярск,Красноярский край,Russia,56.0426882,92.8912792,4.5,13,OPERATIONAL,establishment|point_of_interest,ChIJqbfDnq6v11wRsHkfN1p7QYc,оптовый продовольственный рынок,yes
Ярмарка Горбушка,"Высотная ул., 4, Красноярск, Красноярский край, 660062",Красноярск,Красноярск,Красноярский край,Russia,56.0275404,92.77973279999999,3.6,5,OPERATIONAL,establishment|point_of_interest,ChIJ5W4CBqit11wRyxVmBnB0XUs,оптовый продовольственный рынок,yes
Овощная База,"Кременкуль, Челябинская обл., 456501",Кременкуль,Челябинск,Челябинская область,Russia,55.1853752,61.1350364,4.4,32,OPERATIONAL,establishment|food|grocery_or_supermarket|point_of_interest|store,ChIJjxjj2MSWxUMR74tddG7rDNw,плодоовощная база оптовая,yes
"Кугеси-Холод, оптовая торговля продуктами питания","ул. Шоршелская, 8, Кугеси, Чувашская Респ., 429500",Кугеси,Чебоксары,Чувашская Республика,Russia,56.0339959,47.3117727,5,1,OPERATIONAL,establishment|point_of_interest,ChIJL76z-BVKWkERh_GkiJ2AgCA,оптовая база продуктов питания,yes
Сельскохозяйственный рынок,"Азовская ул., 32, Кулешовка, Ростовская обл., 346744",Кулешовка,Ростов-на-Дону,Ростовская область,Russia,47.08006959999999,39.5828181,3.9,34,OPERATIONAL,establishment|point_of_interest,ChIJNWfX5OCX40ARUQ4xEJM6LKc,сельскохозяйственный рынок,yes
Caramel group,"ул. Перова, 22А, Курган, Курганская обл., 640014",Курган,Курган,Курганская область,Russia,55.4987518,65.3203109,5,2,OPERATIONAL,establishment|food|point_of_interest,ChIJTUtQk9OXt0MRPNaEJAfHWdc,оптовая база продуктов питания,check
Oвощи фрукты,"ул. Омская, 101к15, Курган, Курганская обл., 640007",Курган,Курган,Курганская область,Russia,55.452315,65.3488069,4.4,5,OPERATIONAL,establishment|food|point_of_interest|store,ChIJMdGGYau9t0MRHbZiqv6xeRs,оптовый продовольственный рынок,check
Альфаторг ООО,"ул. Омская, 76, офис1, Курган, Курганская обл., 640027",Курган,Курган,Курганская область,Russia,55.4599759,65.365826,,,OPERATIONAL,establishment|food|grocery_or_supermarket|point_of_interest|store,ChIJLw0AgQO9t0MRGqVmzEMLdUA,оптовый продовольственный рынок,check
"АО ""Курганский центральный рынок""","ул. Куйбышева, 74, Центральный рынок, Курган, Курганская обл., 640000",Курган,Курган,Курганская область,Russia,55.43776099999999,65.3588958,4,1896,OPERATIONAL,establishment|point_of_interest,ChIJPXNqslu8t0MR3thNYas9yv8,оптовый продовольственный рынок,yes
Ао Курганский Центральный Рынок,"ул. Климова, 60, Курган, Курганская обл., 640000",Курган,Курган,Курганская область,Russia,55.4332933,65.350824,,,OPERATIONAL,establishment|point_of_interest,ChIJAQBwh0O8t0MRkGGruoMAuXw,сельскохозяйственный рынок,yes
"Велес, мясокомбинат","ул. Омская, 82 е, Курган, Курганская обл., 640027",Курган,Курган,Курганская область,Russia,55.4637962,65.3702466,4.2,28,OPERATIONAL,establishment|food|point_of_interest,ChIJ1ySu6xq9t0MRKHM1SmfH8lU,оптовый продовольственный рынок,check
Вещевой рынок,"Агропромышленная ярмарка ""ЗауралГлавТорг"", ул. Омская, 173, Павильон 9, Курган, Курганская обл., 640007",Курган,Курган,Курганская область,Russia,55.4811782,65.3643728,3.5,6,OPERATIONAL,establishment|point_of_interest,ChIJo_9epWu9t0MR3tQDbhAxkf8,сельскохозяйственный рынок,yes
"ГОНЕЦ, цех мясных полуфабрикатов","Садовая ул., 2-а/1, Курган, Курганская обл., 640004",Курган,Курган,Курганская область,Russia,55.44500859999999,65.3066303,3.5,15,OPERATIONAL,establishment|food|point_of_interest,ChIJn0phmc29t0MRWymdvWq2Ahk,оптовая база продуктов питания,check
Зауральская мясная компания,"ул. Советская, 27, офис 7, Курган, Курганская обл., 640002",Курган,Курган,Курганская область,Russia,55.4303131,65.33487459999999,5,1,OPERATIONAL,establishment|food|point_of_interest|store,ChIJ9Q8dQ269t0MRzf5z_YTarfg,оптовая база продуктов питания,check
"Изюминка, продуктовый магазин","ул. Луначарского, 107, Курган, Курганская обл., 640004",Курган,Курган,Курганская область,Russia,55.46109269999999,65.299564,3.6,22,OPERATIONAL,establishment|food|grocery_or_supermarket|point_of_interest|store,ChIJyePbC7O9t0MR_Ku6559IccE,оптовый продовольственный рынок,check
ИП Закирьянов Ф.р.,"ул. Омская, 72, Курган, Курганская обл., 640008",Курган,Курган,Курганская область,Russia,55.452013,65.35145299999999,4,22,OPERATIONAL,establishment|food|point_of_interest|store,ChIJDznPIou-t0MRIgBf3Q3uYKI,оптовый продовольственный рынок,check
ИП Осипова Л.М.,"ул. Ломоносова, 15-а, Курган, Курганская обл., 640011",Курган,Курган,Курганская область,Russia,55.4506544,65.3914104,3.3,9,OPERATIONAL,establishment|food|point_of_interest,ChIJv6JLfOa8t0MRUpmXJ7qBDIU,оптовая база продуктов питания,check
КУРГАНСЕМЕНА,"ул. Омская, 99, корп. 1, Курган, Курганская обл., 640007",Курган,Курган,Курганская область,Russia,55.4461257,65.3255064,4.4,8,OPERATIONAL,establishment|food|point_of_interest,ChIJtXD7TrW9t0MRW0ivRTbdYUk,оптовая база продуктов питания,check
"Курганский мясокомбинат ""Стандарт""","ул. Некрасова, 1, Курган, Курганская обл., 640007",Курган,Курган,Курганская область,Russia,55.4555316,65.3519135,3.6,94,OPERATIONAL,establishment|food|point_of_interest|store,ChIJiVsMFLO9t0MRNaZI3-4mEfY,оптовый продовольственный рынок,check
Лето,"Рабоче-Крестьянская ул., 8, Курган, Курганская обл., 640007",Курган,Курган,Курганская область,Russia,55.452261,65.330399,3.7,3,OPERATIONAL,establishment|food|point_of_interest|store,ChIJr9S74LO9t0MR6x7ND4qGjvg,плодоовощная база оптовая,check
Магазин фрукты овощи,"ул. Гоголя, 114, Курган, Курганская обл., 640022",Курган,Курган,Курганская область,Russia,55.4510117,65.36433459999999,1,1,OPERATIONAL,establishment|point_of_interest|store,ChIJk0M_qv-8t0MRyohPb2mNI-Q,плодоовощная база оптовая,check
Метрополис Компания,"101, Курган, Курганская обл., 640000",Курган,Курган,Курганская область,Russia,55.451138,65.343628,5,1,OPERATIONAL,establishment|point_of_interest,ChIJyePbC7O9t0MR1h2D91YRUEA,оптовый продовольственный рынок,check
Молоко зауралья,"Химмашевская ул., 3, Курган, Курганская обл., 640007",Курган,Курган,Курганская область,Russia,55.4618139,65.33932229999999,4.4,14,OPERATIONAL,establishment|food|point_of_interest|store,ChIJyePbC7O9t0MRGVpBozKDlTw,оптовый продовольственный рынок,check
"Мясной Центр ""Рога И Копыта""","6-й мкр., 15к1, Курган, Курганская обл., 640023",Курган,Курган,Курганская область,Russia,55.46875060000001,65.2830762,4.3,15,OPERATIONAL,establishment|food|point_of_interest|store,ChIJRa_Une-9t0MR0Jl_-G1YHl4,плодоовощная база оптовая,check
Некрасовский Рынок,"ул. Некрасова, 7/2, Курган, Курганская обл., 640007",Курган,Курган,Курганская область,Russia,55.4524419,65.3406363,3.9,594,OPERATIONAL,establishment|point_of_interest,ChIJP22Uoq29t0MRFtAFDn2uBBY,оптовый продовольственный рынок,yes
Овощная База,"ул. Омская, 101, корп. 14, Курган, Курганская обл., 640004",Курган,Курган,Курганская область,Russia,55.443504,65.3172311,,,OPERATIONAL,establishment|point_of_interest,ChIJs3KAxz29t0MRhAmi79ztGIU,плодоовощная база оптовая,yes
"ООО ""САФ-НЕВА""","ул. Куйбышева, 122, Курган, Курганская обл., 640006",Курган,Курган,Курганская область,Russia,55.4451006,65.37577089999999,4.8,15,OPERATIONAL,bakery|establishment|food|point_of_interest|store,ChIJ0Zt3Avq8t0MRRRvpLWAoJ_Y,оптовая база продуктов питания,check
"Оптовая компания, ИП Мамедов Ш.Ф.","ул. Омская, 101, стр. 16, Курган, Курганская обл., 640007",Курган,Курган,Курганская область,Russia,55.45157390000001,65.34837759999999,,,OPERATIONAL,establishment|food|point_of_interest,ChIJPXNRXqu9t0MRZaODa7kTQbM,оптовая база продуктов питания,yes
Продукты оптом и в розницу,"ул. Омская, 151, Склад 14А, Курган, Курганская обл., 640007",Курган,Курган,Курганская область,Russia,55.4633669,65.3625915,,,OPERATIONAL,establishment|food|point_of_interest|storage,ChIJk8YIpwW9t0MRZGsMI2DfYcA,оптовая база продуктов питания,yes
Промтовары,"Агропромышленная ярмарка ""ЗауралГлавТорг"", ул. Омская, 173, Курган, Курганская обл., 641000",Курган,Курган,Курганская область,Russia,55.4809736,65.3681266,5,1,OPERATIONAL,establishment|food|grocery_or_supermarket|point_of_interest|store,ChIJmVyB9Gq9t0MRFclJEtFI3aQ,сельскохозяйственный рынок,check
Регион-Торг,"ул. Омская, 181, Курган, Курганская обл., 640007",Курган,Курган,Курганская область,Russia,55.4904638,65.3832446,,,OPERATIONAL,establishment|food|point_of_interest|store,ChIJyePbC7O9t0MRaTprOoCxDic,оптовый продовольственный рынок,check
Рыбная База ИП Иванов Олег Николаевич,"ул. Дзержинского, 57-а, Курган, Курганская обл., 640007",Курган,Курган,Курганская область,Russia,55.462838,65.358261,4.7,61,OPERATIONAL,establishment|food|point_of_interest|store,ChIJcYLI1QW9t0MRhPuFEZb5kMI,оптовый продовольственный рынок,yes
Сахарно-крупяная компания,"ул. Омская, 101В, Курган, Курганская обл., 640007",Курган,Курган,Курганская область,Russia,55.4506005,65.34365980000001,3.7,3,OPERATIONAL,establishment|food|point_of_interest|store,ChIJxQPPOq29t0MRGrExyG3X3H0,оптовый продовольственный рынок,check
Слакон,"ул. Авиамоторная, 50, стр. 2, Курган, Курганская обл., 640006",Курган,Курган,Курганская область,Russia,55.444582,65.385155,,,OPERATIONAL,establishment|food|point_of_interest|store,ChIJGbnZJPC8t0MR-HOR0O-UNv8,оптовый продовольственный рынок,check
Стройрынок,"1 а, шоссе Тюнина, г. Курган, пос. Увал, Курганская обл., Россия 640000, Курган, Курганская обл., 640011",Курган,Курган,Курганская область,Russia,55.4169886,65.37580489999999,4,57,OPERATIONAL,establishment|point_of_interest,ChIJyePbC7O9t0MRlgrnx7Pj9BI,оптовый продовольственный рынок,yes
Уневерсальная оптово-торговая база,"ул. Омская, 151, Курган, Курганская обл., 640007",Курган,Курган,Курганская область,Russia,55.4639556,65.3651627,4,1,OPERATIONAL,establishment|point_of_interest,ChIJyePbC7O9t0MRDCFFvPUT8NU,оптовый продовольственный рынок,yes
Эверест 5,"ул. Омская, 171А, Курган, Курганская обл., 640007",Курган,Курган,Курганская область,Russia,55.473306,65.372624,5,5,OPERATIONAL,establishment|food|point_of_interest|store,ChIJyePbC7O9t0MRyIew97YfK_g,оптовый продовольственный рынок,check
Юргамышские колбасы,"ул. Коли Мяготина, 131А, Курган, Курганская обл., 640002",Курган,Курган,Курганская область,Russia,55.4417815,65.33659920000001,4.5,25,OPERATIONAL,establishment|food|point_of_interest|store,ChIJo67KXkm8t0MR-NI9sYibPD4,оптовый продовольственный рынок,check
"Юргамышские Колбасы, Сеть Фирменных Магазинов","ул. Ленина, 21, вход с ул. Карла Маркса, Курган, Курганская обл., 640000",Курган,Курган,Курганская область,Russia,55.4393202,65.34684519999999,,,OPERATIONAL,establishment|food|point_of_interest|store,ChIJWaMsl0-8t0MRbwRPpVd-5Xw,оптовый продовольственный рынок,check
"Юргамышские Колбасы, Сеть Фирменных Магазинов","6-й м/р-н, 19, Курган, Курганская обл., 640023",Курган,Курган,Курганская область,Russia,55.46680300000001,65.279937,5,5,OPERATIONAL,establishment|food|point_of_interest,ChIJJfOowOW9t0MRSURYkICJvMM,оптовая база продуктов питания,check
Shoping center Европа,"ул 305004, ул. Карла Маркса, 10, Курск, Курская обл., 305004",Курск,Курск,Курская область,Russia,51.75115,36.190952,4.5,2480,OPERATIONAL,establishment|point_of_interest|shopping_mall,ChIJEaYU2cgDL0ERBUauysDDfxU,оптовый продовольственный рынок,check
"Бакалейщик, Оптовый Склад","ул. Александра Невского, 8, Курск, Курская обл., 305001",Курск,Курск,Курская область,Russia,51.7245375,36.18777559999999,,,OPERATIONAL,establishment|point_of_interest,ChIJ_7JxZ54DL0ERXpHQjGN77lM,оптовая база продуктов питания,yes
"Грейнрус Агро, сельскохозяйственная компания","ул. Магистральная, 2, Курск, Курская обл., 305025",Курск,Курск,Курская область,Russia,51.651429,36.1313699,4.1,14,OPERATIONAL,establishment|food|point_of_interest,ChIJtawjMm0DL0ERkt_yBc1V44c,оптовая база продуктов питания,yes
Дружининская,"Дружининская ул., 85, Курск, Курская обл., 305023",Курск,Курск,Курская область,Russia,51.7155123,36.1855403,5,1,OPERATIONAL,establishment|point_of_interest,ChIJS6w_knADL0ERLT3mTMYMJKA,оптовый продовольственный рынок,check
"Завадский, ИП Завадский Н.В., Оптовая торговая компания","50 лет Октября, 130, Курск, Курская обл., 305041",Курск,Курск,Курская область,Russia,51.7595683,36.122095,3,2,OPERATIONAL,bakery|establishment|food|point_of_interest|storage|store,ChIJIz4nfAADL0ERQ1TXagyfsmg,оптовый продовольственный рынок,yes
Империя фруктов,"ул. Станционная, 42, Курск, Курская обл., 305044",Курск,Курск,Курская область,Russia,51.7423704,36.2336759,3,1,OPERATIONAL,establishment|food|point_of_interest|store,ChIJtYz9hvoDL0ERMkOWV0sPmCY,оптовый продовольственный рынок,check
Империя Фруктов,"ул. Орловская, 23, Курск, Курская обл., 305008",Курск,Курск,Курская область,Russia,51.741754,36.120742,3.7,151,OPERATIONAL,establishment|food|point_of_interest|store,ChIJjRxt5vUCL0ER5PpD8M_dB9M,оптовый продовольственный рынок,check
ИП Бычков,"ул. Станционная, 42, Курск, Курская обл., 305044",Курск,Курск,Курская область,Russia,51.741402,36.238503,,,OPERATIONAL,establishment|food|point_of_interest|store,ChIJpwPL__kDL0ER7_eXdcAatnY,оптовая база продуктов питания,check
ИП Иванова Валентина Владимировна,"Республиканская ул., 8, Курск, Курская обл., 305044",Курск,Курск,Курская область,Russia,51.742844,36.2376188,4.2,38,OPERATIONAL,establishment|point_of_interest,ChIJa9q7FPoDL0ER-KmnqAl6YGo,оптовая база продуктов питания,check
ИП Качко Е. В.,"Строительная ул., 7, Курск, Курская обл., 305025",Курск,Курск,Курская область,Russia,51.64494089999999,36.1217796,4.9,12,OPERATIONAL,establishment|food|point_of_interest,ChIJZ0q_k4EbL0ERHdbVJWxbDag,оптовая база продуктов питания,check
"Колбасы, деликатесы","ул. Юности, 47Д, Курск, Курская обл., 305045",Курск,Курск,Курская область,Russia,51.67019089999999,36.073146,,,OPERATIONAL,establishment|food|point_of_interest|store,ChIJXYQn0PkcL0ERFgZzzTLne7c,оптовая база продуктов питания,check
Компания Поставка,"3-я Агрегатная ул, 23-з, Курск, Курская обл., 305022",Курск,Курск,Курская область,Russia,51.729099,36.271539,5,1,OPERATIONAL,establishment|food|point_of_interest|store,ChIJ8czU4RAEL0ER0vt4NMlQ-5o,оптовый продовольственный рынок,check
Курское молоко,"ул. Ухтомского, 32, Курск, Курская обл., 305044",Курск,Курск,Курская область,Russia,51.7394577,36.2356766,4.4,13,OPERATIONAL,establishment|food|point_of_interest,ChIJYSVWvPYDL0ER2aEgPsWjG_8,оптовая база продуктов питания,check
"МУП ""Курское городское торгово-производственное объединение""","ул. Верхняя Луговая, 13, Курск, Курская обл., 305001",Курск,Курск,Курская область,Russia,51.728524,36.18434,4.1,646,OPERATIONAL,establishment|point_of_interest,ChIJm4-y36EDL0ERs5i_hpRIex4,оптовый продовольственный рынок,check
"ОАО ""Курскмакаронпром""","ул. Гайдара, 25, Курск, Курская обл., 305001",Курск,Курск,Курская область,Russia,51.7213973,36.1858291,4.5,25,OPERATIONAL,establishment|point_of_interest,ChIJ7-OC6J8DL0ER9chOtY7M45g,оптовая база продуктов питания,check
"Оптово-продуктовая база, ИП Хорунжий С.В","Пушкарный пер., 33, Курск, Курская обл., 305029",Курск,Курск,Курская область,Russia,51.754904,36.171019,,,OPERATIONAL,establishment|point_of_interest,ChIJg_j2vjUCL0ERA95clUIPFqk,плодоовощная база оптовая,yes
Оптово-розничный Склад,"ул. Литовская, 2, Курск, Курская обл., 305023",Курск,Курск,Курская область,Russia,51.7061084,36.18106780000001,,,OPERATIONAL,establishment|point_of_interest,ChIJJQh7gHoDL0ERyFgmwk8LD2g,плодоовощная база оптовая,yes
Оптовый склад,"ул. Станционная, 44, вход с торца, Курск, Курская обл., 305044",Курск,Курск,Курская область,Russia,51.74034589999999,36.232368,,,OPERATIONAL,establishment|point_of_interest,ChIJs_-s3vADL0ERL32FthHU428,оптовый продовольственный рынок,yes
Оптовый Склад,"ул. Малых, 6, Курск, Курская обл., 305019",Курск,Курск,Курская область,Russia,51.7212846,36.191629,,,OPERATIONAL,establishment|point_of_interest,ChIJdedne50DL0ERVUa4w5Ulp2w,оптовый продовольственный рынок,yes
Продторгсервис,"ул. Еремина, 9, Курск, Курская обл., 305007",Курск,Курск,Курская область,Russia,51.71291799999999,36.150752,,,OPERATIONAL,establishment|point_of_interest,ChIJWe8G5BUDL0ERw1TngE6Et0I,плодоовощная база оптовая,check
Продукты питания,"ул. Станционная, 42, Курск, Курская обл., 305044",Курск,Курск,Курская область,Russia,51.7413549,36.23821520000001,,,OPERATIONAL,establishment|point_of_interest,ChIJizxEVfcDL0ERlL7fUSztuks,оптовая база продуктов питания,check
"Русский холод, ОАО ТД, Курский филиал","ул. Первомайская, д. 139, Курск, Курская обл., 305000",Курск,Курск,Курская область,Russia,51.763381,36.213499,,,OPERATIONAL,establishment|point_of_interest,ChIJYSVWvPYDL0ERFPa5y6h9UVU,плодоовощная база оптовая,check
Рынок,"ул. Литовская, 2К, Курск, Курская обл., 305023",Курск,Курск,Курская область,Russia,51.7079079,36.1813749,4.1,146,OPERATIONAL,establishment|food|grocery_or_supermarket|point_of_interest|store,ChIJW9fVzWUDL0ER8GfK7iXtv68,оптовый продовольственный рынок,yes
"Рынок ""Волокно""","ул. Юности, 47, Курск, Курская обл., 305045",Курск,Курск,Курская область,Russia,51.67046269999999,36.0737643,4,316,OPERATIONAL,establishment|food|grocery_or_supermarket|point_of_interest|store,ChIJOQuI4fkcL0ER_EKSR1DCKuM,оптовый продовольственный рынок,yes
Рынок на Дериглазова,"просп. Анатолия Дериглазова, 1б, Курск, Курская обл., 305006",Курск,Курск,Курская область,Russia,51.8072783,36.1779061,4,120,OPERATIONAL,establishment|point_of_interest,ChIJkT-mVd4BL0ERkY8bStNyck8,оптовый продовольственный рынок,yes
Рынок Строитель,"ул. Литовская, 2Д, Курск, Курская обл., 305023",Курск,Курск,Курская область,Russia,51.7069073,36.1801643,4.2,40,OPERATIONAL,establishment|point_of_interest,ChIJnYJOfGYDL0ERohox9bPAHxY,оптовый продовольственный рынок,yes
Сахпроект,"ул. Карла Маркса, 59, Курск, Курская обл., 305029",Курск,Курск,Курская область,Russia,51.75873139999999,36.1876751,4.5,2,OPERATIONAL,establishment|point_of_interest,ChIJ25wLCc0DL0ERPC0yrpwzjxY,оптовая база продуктов питания,check
Светофор,"ул. Косухина, Курск, Курская обл., 305038",Курск,Курск,Курская область,Russia,51.728475,36.1222912,4.2,347,OPERATIONAL,establishment|point_of_interest|shopping_mall,ChIJ8c_xH_sCL0ER88xCorQrrHU,оптовый продовольственный рынок,check
Сельскохозяйственный рынок,"пр. Хрущева, 21, Курск, Курская обл., 305038",Курск,Курск,Курская область,Russia,51.7299669,36.1424293,3.8,96,OPERATIONAL,establishment|point_of_interest|shopping_mall,ChIJo-DEiP0CL0ER_SynItyJXUE,оптовый продовольственный рынок,yes
Сельскохозяйственный рынок,"пр. Хрущева, 36а, Курск, Курская обл., 305040",Курск,Курск,Курская область,Russia,51.7297212,36.1440566,4.3,192,OPERATIONAL,atm|establishment|finance|food|grocery_or_supermarket|point_of_interest|store,ChIJbawBXgIDL0ERTe-w9lBFegU,оптовый продовольственный рынок,yes
"Синтез, ВООИ","ул. 2-я Рабочая, 15, Курск, Курская обл., 305022",Курск,Курск,Курская область,Russia,51.74169699999999,36.2451677,5,1,OPERATIONAL,establishment|food|point_of_interest|store,ChIJe4i1JfkDL0ERY3VFD_jrBkw,оптовая база продуктов питания,check
"ТК ""Центральный""","ул. Верхняя Луговая, 13в, Курск, Курская обл., 305001",Курск,Курск,Курская область,Russia,51.7291591,36.1831956,4.2,519,OPERATIONAL,establishment|point_of_interest|shopping_mall,ChIJMTOG6qEDL0ERG_biSxGNsfU,оптовый продовольственный рынок,check
"Торговый центр ""Северный""","ул. Карла Маркса, 8, Курск, Курская обл., 305004",Курск,Курск,Курская область,Russia,51.7500446,36.1910788,4.3,892,OPERATIONAL,establishment|point_of_interest|shopping_mall,ChIJ62677cgDL0ERP_8MbIdupU8,оптовый продовольственный рынок,check
"Урожайный, Рынок","ул. Литовская, 2-д, Курск, Курская обл., 305023",Курск,Курск,Курская область,Russia,51.7071609,36.1797676,4.1,436,OPERATIONAL,establishment|point_of_interest,ChIJ330mfnoDL0ERswrBWMXNu9o,оптовый продовольственный рынок,yes
4life тыва,"ул. Кочетова, 143, Кызыл, Респу́блика Тыва́, 667005",Кызыл,Кызыл,Республика Тыва,Russia,51.7167299,94.41932349999999,,,OPERATIONAL,establishment|food|point_of_interest,ChIJ__9PVN2WO10RQBxoULlB-34,оптовая база продуктов питания,check
Saizerol Market (Traditional Tuvan Food),"ул. Мира, 15б, Кызыл, Респу́блика Тыва́, 667007",Кызыл,Кызыл,Республика Тыва,Russia,51.70572379999999,94.4360354,3.7,324,OPERATIONAL,establishment|point_of_interest,ChIJ6VJq-8mWO10RiEzA90dt-_I,оптовый продовольственный рынок,yes
База,"Загородный пер., 19, Кызыл, Респу́блика Тыва́, 667007",Кызыл,Кызыл,Республика Тыва,Russia,51.7063965,94.44449089999999,3.7,517,OPERATIONAL,establishment|point_of_interest,ChIJB_xzIzWRO10Rd5RXlJ3gqSo,плодоовощная база оптовая,yes
База Рпс,"Кызыл, Респу́блика Тыва́, 667007",Кызыл,Кызыл,Республика Тыва,Russia,51.7049895,94.44295450000001,3.7,649,OPERATIONAL,establishment|food|grocery_or_supermarket|point_of_interest|store|supermarket,ChIJLRuQjsqWO10R1ed-j0A-lMg,оптовый продовольственный рынок,yes
Вещевой Рынок,"Кызыл, Респу́блика Тыва́, 667000",Кызыл,Кызыл,Республика Тыва,Russia,51.7170244,94.4425289,3.7,171,OPERATIONAL,establishment|food|grocery_or_supermarket|point_of_interest|store|supermarket,ChIJ3Vpb7dKWO10R5Y42I7xSL_M,сельскохозяйственный рынок,yes
Калинина 25 склад АЯН,"Кызыл, Респу́блика Тыва́, 667010",Кызыл,Кызыл,Республика Тыва,Russia,51.6951503,94.3815728,,,OPERATIONAL,establishment|point_of_interest,ChIJmcptFHuWO10RUrJr8ILXoqU,оптовый продовольственный рынок,check
Кулинаръ,"ул. Ангарский б-р, д.1, Кызыл, Респу́блика Тыва́, 667007",Кызыл,Кызыл,Республика Тыва,Russia,51.6970754,94.4177235,,,OPERATIONAL,establishment|food|point_of_interest,ChIJW1PhRs-XO10RgJzsXiHx-l0,оптовая база продуктов питания,check
Магазин №45,"ул. Калинина, 3А, Кызыл, Респу́блика Тыва́, 667010",Кызыл,Кызыл,Республика Тыва,Russia,51.7014834,94.41345059999999,3.7,738,OPERATIONAL,establishment|point_of_interest|store,ChIJy7VoLZSWO10RFmitLKsD3fk,оптовая база продуктов питания,check
"Сайзырал, Рынок","ул. Мира, 15Б, Кызыл, Респу́блика Тыва́, 667007",Кызыл,Кызыл,Республика Тыва,Russia,51.70571750000001,94.4362257,3.4,68,OPERATIONAL,establishment|point_of_interest,ChIJo0Lh-8mWO10R3VjRmRib_Wo,оптовый продовольственный рынок,yes
"Сельскохозяйственный Потребительский Кооператив Сельскохозяйственный Рынок ""Сайзырал""","ул. Кочетова, д.1, Кызыл, Респу́блика Тыва́, 667000",Кызыл,Кызыл,Республика Тыва,Russia,51.7202097,94.45390479999999,,,OPERATIONAL,establishment|parking|point_of_interest,ChIJP5sFzC6RO10RcnFmfeJndL0,сельскохозяйственный рынок,yes
Тывамолоко,"Заводская ул., 36, Кызыл, Респу́блика Тыва́, 667010",Кызыл,Кызыл,Республика Тыва,Russia,51.7026123,94.3979221,3.5,4,OPERATIONAL,establishment|food|point_of_interest,ChIJq6qqqjaRO10RsyJnqaY3gJE,оптовая база продуктов питания,check
Фасоль,"ул. Кочетова, 62, Кызыл, Респу́блика Тыва́, 667000",Кызыл,Кызыл,Республика Тыва,Russia,51.71896899999999,94.43374999999999,5,2,OPERATIONAL,establishment|food|grocery_or_supermarket|point_of_interest|store,ChIJ_9gud4SXO10RnwZgyCZwzuQ,оптовая база продуктов питания,check
Центральный Рынок,"Красноармейская улица 135 Кызыл Тыва Републиц, Кызыл, Респу́блика Тыва́, 667961",Кызыл,Кызыл,Республика Тыва,Russia,51.716022,94.44221809999999,3.6,749,OPERATIONAL,establishment|point_of_interest,ChIJ32VZg9KWO10RlGd_4Oi1hd8,оптовый продовольственный рынок,yes
Южный,"Московская ул., 98, Кызыл, Респу́блика Тыва́, 667010",Кызыл,Кызыл,Республика Тыва,Russia,51.6984593,94.4077375,4,635,OPERATIONAL,establishment|food|grocery_or_supermarket|point_of_interest|store,ChIJj_L-4ZCWO10R2a97CJoJkGM,оптовый продовольственный рынок,check
Сельскохозяйственная ярмарка,"к, ул. Обрезная, 70 корпус 1, Ленина, Краснодарский край, 350037",Ленина,Краснодар,Краснодарский край,Russia,45.0302461,39.2118828,4.3,368,OPERATIONAL,establishment|food|point_of_interest,ChIJrxZ_eFxZ8EARbVhkDfREn5A,плодоовощная база оптовая,yes
#Seafood48,"Рынок ""Европейский 12 отдел, Свежая рыба, ул. Свиридова, 9, Липецк, Липецкая обл., 398036",Липецк,Липецк,Липецкая область,Russia,52.57826550000001,39.5101147,4.5,23,OPERATIONAL,establishment|food|grocery_or_supermarket|point_of_interest|store,ChIJRa-kWElrOkERuaYbDQ4BksA,оптовый продовольственный рынок,check
АО Лимак,"ул. Пушкина, 13А, Липецк, Липецкая обл., 398059",Липецк,Липецк,Липецкая область,Russia,52.603143,39.5798351,,,OPERATIONAL,establishment|food|point_of_interest,ChIJ1dNB_McVOkER0FLvpvzVZsY,оптовый продовольственный рынок,check
Вещевой Рынок,"6-й Гвардейской Дивизии ул., 12, Липецк, Липецкая обл., 398006",Липецк,Липецк,Липецкая область,Russia,52.542192,39.5750331,4.1,36,OPERATIONAL,establishment|point_of_interest,ChIJw6n0tfJqOkER63B9JpZ4vCs,сельскохозяйственный рынок,yes
Вьетнамский рынок,"Поперечный пр-д, 2, Липецк, Липецкая обл., 398032",Липецк,Липецк,Липецкая область,Russia,52.6166137,39.5405728,,,OPERATIONAL,establishment|point_of_interest,ChIJgTz36_cTOkERTVI8ROeOnBo,сельскохозяйственный рынок,yes
ГК ТРИО,"ул. Металлургов, 1, Липецк, Липецкая обл., 398017",Липецк,Липецк,Липецкая область,Russia,52.5784689,39.607511,4.6,24,OPERATIONAL,establishment|food|point_of_interest,ChIJwQNZqy8VOkER45tHJ6xRM4o,оптовая база продуктов питания,check
Данон Россия,"ул. Катукова, 1, Липецк, Липецкая обл., 398004",Липецк,Липецк,Липецкая область,Russia,52.5923205,39.5106047,3.9,51,OPERATIONAL,establishment|food|point_of_interest,ChIJ0chbmqdsOkERgeYFBsoOn4k,оптовая база продуктов питания,check
Европейский рынок,"ул. Свиридова, 9, Липецк, Липецкая обл., 398004",Липецк,Липецк,Липецкая область,Russia,52.57848329999999,39.5101982,4.4,376,OPERATIONAL,establishment|point_of_interest|shopping_mall,ChIJX0mdLMxrOkERR6Dpuhx737I,оптовый продовольственный рынок,yes
Липецкая МаслоСырБаза,"К, Осенний пр-д, 1, Липецк, Липецкая обл., 398005",Липецк,Липецк,Липецкая область,Russia,52.59013179999999,39.6267804,5,1,OPERATIONAL,establishment|food|point_of_interest,ChIJ5Y0HqhkVOkERA8aMZ9wCq-s,оптовая база продуктов питания,yes
Липецкий комбинат пищевых ингредиентов,"ул. Клары Цеткин, 14, Липецк, Липецкая обл., 398007",Липецк,Липецк,Липецкая область,Russia,52.6303638,39.6256686,5,4,OPERATIONAL,establishment|food|point_of_interest,ChIJDdV6l4xqOkER0Jbyordn32g,оптовый продовольственный рынок,check
Мокко,"ул. Терешковой, 6, Липецк, Липецкая обл., 398043",Липецк,Липецк,Липецкая область,Russia,52.6207022,39.567826,4.8,22,OPERATIONAL,cafe|establishment|food|point_of_interest|store,ChIJ80BW45wUOkERWDYPue_fcoc,оптовый продовольственный рынок,check
Муравейник,"Универсальный пр-д, 2с8, 2, стр. 10, Липецк, Липецкая обл., 398032",Липецк,Липецк,Липецкая область,Russia,52.6187765,39.5419203,4.3,840,OPERATIONAL,establishment|point_of_interest|shopping_mall,ChIJbbmk4F0TOkER-6JFMFDLz_w,оптовый продовольственный рынок,check
Мясные ряды,"просп. 60 лет СССР, 20б, Липецк, Липецкая обл., 398027",Липецк,Липецк,Липецкая область,Russia,52.5877877,39.5350695,3.5,2,OPERATIONAL,establishment|food|grocery_or_supermarket|point_of_interest|store,ChIJq62zrk9rOkERXXCX_uIyPy4,сельскохозяйственный рынок,check
ОАО ЛИПЕЦКСОРТСЕМОВОЩ | торговая сеть,"Боевой пр-д, 19, Липецк, Липецкая обл., 398016",Липецк,Липецк,Липецкая область,Russia,52.6283724,39.5552696,5,1,OPERATIONAL,establishment|food|point_of_interest,ChIJxfEJC24TOkERo9AJaN0bOBM,оптовая база продуктов питания,check
Октябрьский Рынок,"ул. Петра Смородина, 15, Липецк, Липецкая обл., 398046",Липецк,Липецк,Липецкая область,Russia,52.5884364,39.5344757,3.3,4,OPERATIONAL,establishment|point_of_interest,ChIJIfO3tE9rOkERu4rFIiLP_HY,оптовый продовольственный рынок,yes
"ООО ""Урожай""","Универсальный пр-д, 2с8, Липецк, Липецкая обл., 398032",Липецк,Липецк,Липецкая область,Russia,52.6181608,39.5439363,1,1,OPERATIONAL,establishment|food|point_of_interest|store,ChIJW9a2yF0TOkEROKxGI13caoE,оптовый продовольственный рынок,check
ООО ТК Маяк,"Осенний пр-д, 1к, Липецк, Липецкая обл., 398000",Липецк,Липецк,Липецкая область,Russia,52.590464,39.619087,,,OPERATIONAL,establishment|food|point_of_interest,ChIJqTEHqhkVOkERbjxbmsfC-PQ,оптовый продовольственный рынок,check
Оптовая Продуктовая База,"Осенний пр-д, 1а, Липецк, Липецкая обл., 398005",Липецк,Липецк,Липецкая область,Russia,52.58996,39.6222171,,,OPERATIONAL,establishment|point_of_interest,ChIJraSHuBgVOkERPB35g3ZMjIA,оптовый продовольственный рынок,yes
Оптово-розничный склад,"Союзная ул., 6, Липецк, Липецкая обл., 398000",Липецк,Липецк,Липецкая область,Russia,52.60514999999999,39.561908,3,4,OPERATIONAL,establishment|florist|point_of_interest|store,ChIJpZTrRLsUOkER4-OOnKMjy94,плодоовощная база оптовая,yes
Оптовый магазин,"пр-т. Победы, 104А, Липецк, Липецкая обл., 398024",Липецк,Липецк,Липецкая область,Russia,52.5892145,39.5542801,,,OPERATIONAL,establishment|point_of_interest,ChIJjbG3uUprOkERQfO66gRi1Ms,оптовый продовольственный рынок,yes
Оптовый склад,"Звездная ул., 9, Липецк, Липецкая обл., 398035",Липецк,Липецк,Липецкая область,Russia,52.6023511,39.5479126,5,2,OPERATIONAL,establishment|point_of_interest|storage,ChIJD0uvAa8UOkER0YRKnTUkhfU,оптовый продовольственный рынок,yes
Основы Вкуса,"Универсальный пр-д, 14, Липецк, Липецкая обл., 398032",Липецк,Липецк,Липецкая область,Russia,52.61413830000001,39.5302357,5,1,OPERATIONAL,establishment|point_of_interest,ChIJ36UCyEQTOkERx8_njUMlh0E,оптовый продовольственный рынок,check
Петровский рынок,"ул. 50 лет НЛМК, 2, Липецк, Липецкая обл., 398059",Липецк,Липецк,Липецкая область,Russia,52.5940415,39.5976627,3.9,1954,OPERATIONAL,establishment|point_of_interest,ChIJY2Ifp9MUOkERPrXDPbDQI_E,оптовый продовольственный рынок,yes
Правильная корзинка,"ул. Плеханова, 59, Липецк, Липецкая обл., 398050",Липецк,Липецк,Липецкая область,Russia,52.615636,39.6039431,4.6,7,OPERATIONAL,establishment|food|grocery_or_supermarket|point_of_interest|store,ChIJSavOu_QUOkERI6B-4KjSEsA,сельскохозяйственный рынок,check
Рыбоедов,"ул. Плеханова, 59, Липецк, Липецкая обл., 398050",Липецк,Липецк,Липецкая область,Russia,52.61563400000001,39.603963,,,OPERATIONAL,establishment|food|grocery_or_supermarket|point_of_interest|store,ChIJ_wUhNMEVOkERFr6min0-l-c,сельскохозяйственный рынок,check
Рынок 9 микрорайона,"ул. Космонавтов, 96, Липецк, Липецкая обл., 398035",Липецк,Липецк,Липецкая область,Russia,52.60888199999999,39.546614,4.3,751,OPERATIONAL,establishment|point_of_interest,ChIJcSNJqqcUOkER0JhoLc5BggE,оптовый продовольственный рынок,yes
Синтез,"Осенний пр-д, 1В, Липецк, Липецкая обл., 398005",Липецк,Липецк,Липецкая область,Russia,52.5915729,39.625005,4.5,2,OPERATIONAL,establishment|food|point_of_interest,ChIJaeq8PhkVOkERCHR9FtqRLvc,оптовая база продуктов питания,check
"Сокольский, продуктовый рынок","Заводская пл., 3-а, Липецк, Липецкая обл., 398007",Липецк,Липецк,Липецкая область,Russia,52.634843,39.6636112,4.1,69,OPERATIONAL,establishment|point_of_interest,ChIJfx8IIzAUOkERzZMw5teEtWM,сельскохозяйственный рынок,yes
Солод Плюс,"ул. Интернациональная, 42, Липецк, Липецкая обл., 398020",Липецк,Липецк,Липецкая область,Russia,52.61518090000001,39.6078453,4.9,47,OPERATIONAL,establishment|food|point_of_interest,ChIJo3zEXvQUOkER_CVWkzC91eY,оптовая база продуктов питания,check
Торговый дом HoReCa,"Трубный проезд д. 1, вл. 1, Липецк, Липецкая обл., 398037",Липецк,Липецк,Липецкая область,Russia,52.625799,39.534968,5,1,OPERATIONAL,establishment|food|point_of_interest,ChIJkxaIZ-oUOkERJ0dhfXNgJFY,оптовая база продуктов питания,check
Торгсервис,"Лебедянское ш., 3, Липецк, Липецкая обл., 398037",Липецк,Липецк,Липецкая область,Russia,52.625831,39.53867,,,OPERATIONAL,establishment|point_of_interest,ChIJL3s9_GgTOkERpmSOIkdNrMM,оптовая база продуктов питания,check
Универсальный рынок,"просп. 60 лет СССР, 20Б, Липецк, Липецкая обл., 398046",Липецк,Липецк,Липецкая область,Russia,52.587928,39.5346538,4.1,1886,OPERATIONAL,establishment|food|grocery_or_supermarket|point_of_interest|shopping_mall|store,ChIJv5WIsk9rOkER-2D16F8L4p8,оптовый продовольственный рынок,yes
Фрукты-овощи,"Поперечный пр-д, 2, Липецк, Липецкая обл., 398032",Липецк,Липецк,Липецкая область,Russia,52.6166974,39.5408649,,,OPERATIONAL,establishment|point_of_interest,ChIJewy3JVwTOkERFC77qzVTIoo,оптовая база продуктов питания,check
Центральный рынок,"пл. Победы, 6, Липецк, Липецкая обл., 398059",Липецк,Липецк,Липецкая область,Russia,52.60443650000001,39.5725075,4,4061,OPERATIONAL,establishment|food|grocery_or_supermarket|point_of_interest|store,ChIJ2ShYhb4UOkER-bgG9jsGGRA,оптовый продовольственный рынок,yes
Чеснок,"ул. Белана, 10а, Липецк, Липецкая обл., 398902",Липецк,Липецк,Липецкая область,Russia,52.5814792,39.5121708,4.5,242,OPERATIONAL,establishment|food|grocery_or_supermarket|point_of_interest|store,ChIJa7VlxuBrOkER-c97ua7P-Xk,сельскохозяйственный рынок,check
Шефпродукт,"Поперечный пр-д, 12/2, Липецк, Липецкая обл., 398032",Липецк,Липецк,Липецкая область,Russia,52.6188507,39.5396614,5,3,OPERATIONAL,establishment|point_of_interest,ChIJDxsSLXITOkERyh40kCNT9NI,оптовый продовольственный рынок,check
Рынок Люберцы,"ул. Инициативная, 5, Люберцы, Московская обл., 140009",Люберцы,Балашиха,Московская область,Russia,55.6822738,37.9000587,4.4,2481,OPERATIONAL,establishment|food|grocery_or_supermarket|point_of_interest|store,ChIJDcku-CS2SkER1qZwSCqF4Eg,оптовый продовольственный рынок,yes
Энергосервис Коммерческая Группа Рынок,"Шоссейная ул., 2, Люберцы, Московская обл., 140011",Люберцы,Балашиха,Московская область,Russia,55.6756405,37.8758461,3.8,167,OPERATIONAL,establishment|food|grocery_or_supermarket|point_of_interest|store,ChIJL7iLnkC2SkERPxam_xFclZw,оптовый продовольственный рынок,yes
Meg Delivery онлайн доставка продуктов,"Кольцевая ул., 3, Магадан, Магаданская обл., 685000",Магадан,Магадан,Магаданская область,Russia,59.5518983,150.8311318,1,1,OPERATIONAL,establishment|food|grocery_or_supermarket|point_of_interest|store,ChIJ6TDiwJmJaVkRfcgt8hT_4wA,оптовая база продуктов питания,check
База ОРПС,"Первомайская ул., Магадан, Магаданская обл., 685030",Магадан,Магадан,Магаданская область,Russia,59.5376409,150.8862761,4.6,7,OPERATIONAL,establishment|point_of_interest,ChIJpR9QpgooalkRAnhL4SBSyjk,оптовый продовольственный рынок,yes
Восточный полюс,"переулок Марчеканский 36, стр. 5 оф. 1 - 4, Магадан, Магаданская обл., 685000",Магадан,Магадан,Магаданская область,Russia,59.5399273,150.8041757,,,OPERATIONAL,establishment|point_of_interest,ChIJbS2FguonalkRMGszXlsGg8M,оптовый продовольственный рынок,check
Глобус,"ул. Портовая, 38, Магадан, Магаданская обл., 685000",Магадан,Магадан,Магаданская область,Russia,59.5639183,150.7726225,4.8,5,OPERATIONAL,establishment|point_of_interest,ChIJaZMp1UeIaVkRp1eNmDjoWys,оптовая база продуктов питания,check
Гормолзавод,"ул. Пролетарская, 96, Магадан, Магаданская обл., 685000",Магадан,Магадан,Магаданская область,Russia,59.550487,150.8346157,4.2,21,OPERATIONAL,establishment|food|point_of_interest,ChIJH2tbriWIaVkRSJxD3BZ6yZ8,оптовая база продуктов питания,check
Дальрыбфлотпродукт,"Рынок Урожай, ул. Дзержинского, 27, Магадан, Магаданская обл., 685000",Магадан,Магадан,Магаданская область,Russia,59.5656558,150.7956251,3,4,OPERATIONAL,establishment|food|point_of_interest|store,ChIJyy8IKg6JaVkR21nEx_QRlmk,сельскохозяйственный рынок,check
Зелёный рынок,"ул. Гагарина, 5, Магадан, Магаданская обл., 685024",Магадан,Магадан,Магаданская область,Russia,59.5578889,150.8035544,3.9,428,OPERATIONAL,establishment|point_of_interest,ChIJ72VIqz2IaVkR9bgDcNixoW0,оптовый продовольственный рынок,yes
ИП Савина,"Остановка скорая помощь, Колымское ш. ул., Магадан, Магаданская обл., 685007",Магадан,Магадан,Магаданская область,Russia,59.583507,150.8304918,5,1,OPERATIONAL,establishment|food|point_of_interest|store,ChIJD4hlU02HaVkRWSaUi6tGb-s,оптовый продовольственный рынок,check
Китай-город,"ул. Пушкина, 19А, Магадан, Магаданская обл., 685000",Магадан,Магадан,Магаданская область,Russia,59.5698328,150.7983392,3.8,1765,OPERATIONAL,establishment|point_of_interest|shopping_mall,ChIJe4oMW2qIaVkR4dV-40lkz1Y,сельскохозяйственный рынок,check
Маг-си,"ул. Портовая, 1, Магадан, Магаданская обл., 685000",Магадан,Магадан,Магаданская область,Russia,59.5627574,150.8011854,5,5,OPERATIONAL,establishment|food|point_of_interest,ChIJH2tbriWIaVkRhbV3oNOB6sE,оптовая база продуктов питания,check
Магаданрыба,"11, ул. Пролетарская, г. Магадан, Магаданская обл., Россия 685000, Магадан, Магаданская обл., 685000",Магадан,Магадан,Магаданская область,Russia,59.5677125,150.8104176,5,1,OPERATIONAL,establishment|food|point_of_interest,ChIJH2tbriWIaVkREdKS2TNmXMQ,оптовая база продуктов питания,check
"Магазин фермерского хозяйства ""Комарова""","просп. Карла Маркса, 49, Магадан, Магаданская обл., 685000",Магадан,Магадан,Магаданская область,Russia,59.56035540000001,150.8118626,5,5,OPERATIONAL,establishment|food|point_of_interest|store,ChIJEWcJR4WJaVkRCO3rgkcYeBI,сельскохозяйственный рынок,check
"Магазин фермерского хозяйства ""Комарова""","ул. набережная реки Магаданки, 71, Магадан, Магаданская обл., 685000",Магадан,Магадан,Магаданская область,Russia,59.5559811,150.8376006,,,OPERATIONAL,establishment|food|point_of_interest|store,ChIJK7KCuCaJaVkRQ7vC2bLPE_0,сельскохозяйственный рынок,check
Магазин фермерского хозяйства Комарова,"ул. Портовая, 29, Магадан, Магаданская обл., 685000",Магадан,Магадан,Магаданская область,Russia,59.5636731,150.779843,5,1,OPERATIONAL,establishment|food|grocery_or_supermarket|point_of_interest|store,ChIJhSW_SoKJaVkRiMacG-yYD38,оптовый продовольственный рынок,check
Магазин фермерского хозяйства Комарова,"ул. Парковая, 1, Магадан, Магаданская обл., 685000",Магадан,Магадан,Магаданская область,Russia,59.56363899999999,150.8147228,4.4,40,OPERATIONAL,establishment|food|grocery_or_supermarket|point_of_interest|store,ChIJn0ZBVRGIaVkRt4GP9jzdJgI,сельскохозяйственный рынок,check
Магазин фермерского хозяйства Комарова,"ул. Гагарина, д. 15, Магадан, Магаданская обл., 685000",Магадан,Магадан,Магаданская область,Russia,59.55578689999999,150.8073331,4.2,9,OPERATIONAL,establishment|food|point_of_interest|store,ChIJz6egLT2IaVkRD1K_LY5GR0s,сельскохозяйственный рынок,check
Магазин фермерского хозяйства Комарова,"Нагаевская ул., 55, Магадан, Магаданская обл., 685000",Магадан,Магадан,Магаданская область,Russia,59.5595377,150.7955233,4.5,30,OPERATIONAL,establishment|food|grocery_or_supermarket|point_of_interest|store,ChIJ1WKPBXyJaVkRUG7w_3yWAlY,сельскохозяйственный рынок,check
Магазин фермерского хозяйства Комарова,"ул. Берзина, 3в, Магадан, Магаданская обл., 685007",Магадан,Магадан,Магаданская область,Russia,59.5772785,150.81569,4.5,17,OPERATIONAL,establishment|food|point_of_interest|store,ChIJHU9yCHKJaVkRFHHkEgZ44Qg,сельскохозяйственный рынок,check
"Мелкооптовая база ""Зеленый крокодил""","Ул. Подгорня, 7, Магадан, Магаданская обл., 685030",Магадан,Магадан,Магаданская область,Russia,59.5419692,150.8807525,5,2,OPERATIONAL,establishment|point_of_interest,ChIJs7WeBAooalkRqpeH7Ux-Xkg,оптовый продовольственный рынок,yes
Ной,"просп. Карла Маркса, 12, Магадан, Магаданская обл., 685017",Магадан,Магадан,Магаданская область,Russia,59.5692387,150.7946712,4.3,23,OPERATIONAL,establishment|food|grocery_or_supermarket|point_of_interest|store,ChIJVwvK3kGIaVkRFEIzJISzgCI,оптовая база продуктов питания,check
Прозапас,"Первомайская ул., Магадан, Магаданская обл., 685030",Магадан,Магадан,Магаданская область,Russia,59.537864,150.8861844,2.3,4,OPERATIONAL,establishment|point_of_interest|store,ChIJk9dj5DApalkR-xXRCayMkGs,оптовый продовольственный рынок,check
"Рынок ""Ладья""","Магадан, Магаданская обл., 685030",Магадан,Магадан,Магаданская область,Russia,59.5520021,150.8126628,4.1,470,OPERATIONAL,establishment|point_of_interest,ChIJ1ZRFOCKIaVkReoRfA9J0n78,сельскохозяйственный рынок,yes
"Рынок ""Центральный ""","ул. Дзержинского, 19, Магадан, Магаданская обл., 685000",Магадан,Магадан,Магаданская область,Russia,59.5652443,150.7972395,4.2,744,OPERATIONAL,establishment|point_of_interest|shopping_mall,ChIJQx1x7T-IaVkRhFpukll-LXI,оптовый продовольственный рынок,yes
Северное Сияние,"просп. Карла Маркса, 63, Магадан, Магаданская обл., 685000",Магадан,Магадан,Магаданская область,Russia,59.55689040000001,150.8187441,4,1389,OPERATIONAL,establishment|point_of_interest|shopping_mall,ChIJH2tbriWIaVkR6csuHpjbTOE,сельскохозяйственный рынок,check
Северные деликатесы,"Марчеканский пер., 10 Корп 1, Магадан, Магаданская обл., 685000",Магадан,Магадан,Магаданская область,Russia,59.5515079,150.8025713,5,2,OPERATIONAL,establishment|food|point_of_interest,ChIJ5RmRXsaJaVkR2-9mETASxSI,оптовая база продуктов питания,check
Склад #5.,"Магадан, Магаданская обл., 685021",Магадан,Магадан,Магаданская область,Russia,59.6181907,150.7930755,,,OPERATIONAL,establishment|point_of_interest,ChIJIUr3Xh6GaVkRWuObG3N1BMo,оптовый продовольственный рынок,check
"Склад ООО ""Акиба""","ул. Зайцева, 8, Магадан, Магаданская обл., 685000",Магадан,Магадан,Магаданская область,Russia,59.6253584,150.7698915,,,OPERATIONAL,establishment|point_of_interest,ChIJ3e0dYXuHaVkRje3Xj1Fkt2Q,оптовый продовольственный рынок,check
Славянский продукт,"ул. Зайцева, 1г, склад 7000, Магадан, Магаданская обл., 685004",Магадан,Магадан,Магаданская область,Russia,59.6223789,150.7815965,4.5,2,OPERATIONAL,establishment|point_of_interest,ChIJf1NtA-uJaVkReTWJOU9ZBL8,оптовый продовольственный рынок,check
СУХПАЕК 49,"Кольцевая ул., 9, 1й вход с улицы, Магадан, Магаданская обл., 685030",Магадан,Магадан,Магаданская область,Russia,59.550569,150.8236139,,,OPERATIONAL,establishment|food|point_of_interest,ChIJazGNBR-IaVkR9MX5c0Md_VI,оптовая база продуктов питания,check
Торговая компания Визит,"Ул.Брусничная, д.4, склад 14А, Магадан, Магаданская обл., 685000",Магадан,Магадан,Магаданская область,Russia,59.617424,150.7887573,4.7,7,OPERATIONAL,establishment|food|point_of_interest,ChIJUdfBv6yHaVkRspx4Gq9u9jw,оптовый продовольственный рынок,check
Урожай,"ул. Дзержинского, 28, Магадан, Магаданская обл., 685000",Магадан,Магадан,Магаданская область,Russia,59.56537679999999,150.7952694,4.2,1870,OPERATIONAL,establishment|point_of_interest,ChIJQY0eeECIaVkRjxxKykRgnJY,оптовый продовольственный рынок,check
Фреш,"ул. Пролетарская, 43, Магадан, Магаданская обл., 685000",Магадан,Магадан,Магаданская область,Russia,59.560743,150.8206711,4.2,1342,OPERATIONAL,establishment|point_of_interest,ChIJ10tWohCIaVkRD96AguCuf2A,сельскохозяйственный рынок,check
Фреш,"Ямская ул., 8, Магадан, Магаданская обл., 685007",Магадан,Магадан,Магаданская область,Russia,59.5790981,150.8129565,4.2,82,OPERATIONAL,establishment|food|grocery_or_supermarket|point_of_interest|store,ChIJD7wxq3GIaVkRjuUH65PmtWA,оптовая база продуктов питания,check
Центральный,"пл. Горького, 4, Магадан, Магаданская обл., 685000",Магадан,Магадан,Магаданская область,Russia,59.5654352,150.8069226,3.9,209,OPERATIONAL,establishment|point_of_interest|shopping_mall,ChIJH2tbriWIaVkRz89lzUfexac,сельскохозяйственный рынок,check
Баракат,"Назырбаева, 16а, Магас, Респ. Ингушетия, 386006",Магас,Магас,Республика Ингушетия,Russia,43.1776136,44.8086151,,,OPERATIONAL,establishment|food|grocery_or_supermarket|point_of_interest|store,ChIJRxLxXDVtUEARd_B2mHlvhzg,сельскохозяйственный рынок,check
Интернет-магазин продуктов Магасмаркет,"ул. Саида Чахкиева, 45, Магас, Респ. Ингушетия, 386001",Магас,Магас,Республика Ингушетия,Russia,43.1645303,44.8104993,,,OPERATIONAL,establishment|point_of_interest|store,ChIJV-tHU21tUEARFT0d1QARg7Q,оптовый продовольственный рынок,check
Минимаркет,"ул. К Кулиева, 7, Магас, Респ. Ингушетия, 386001",Магас,Магас,Республика Ингушетия,Russia,43.163784,44.8075359,4,131,OPERATIONAL,electronics_store|establishment|food|grocery_or_supermarket|home_goods_store|point_of_interest|store,ChIJDVUemHJtUEARRyku84rO_Qs,сельскохозяйственный рынок,check
Оптовик,"ул. Саида Чахкиева, 43, Магас, Респ. Ингушетия, 386001",Магас,Магас,Республика Ингушетия,Russia,43.1610819,44.8124969,5,7,OPERATIONAL,establishment|point_of_interest|store,ChIJoY-giGxtUEARAksgneWFng8,оптовая база продуктов питания,yes
"Продуктовый магазин ""Беркут""","Магас, Респ. Ингушетия, 386001",Магас,Магас,Республика Ингушетия,Russia,43.1631647,44.8048805,4.3,50,OPERATIONAL,establishment|food|grocery_or_supermarket|point_of_interest|store,ChIJezRRE3JtUEARyXAF2nL9Vfc,сельскохозяйственный рынок,check
Халяль Маркет,"Магас, Респ. Ингушетия, 386001",Магас,Магас,Республика Ингушетия,Russia,43.1693592,44.8137055,4.6,79,OPERATIONAL,establishment|food|grocery_or_supermarket|point_of_interest|store,ChIJcWg66pttUEARR1tDZLvrPN0,оптовый продовольственный рынок,check
Экодом,"просп. И. Зязикова, 5,б, Магас, Респ. Ингушетия, 386001",Магас,Магас,Республика Ингушетия,Russia,43.1758526,44.8020503,5,2,OPERATIONAL,establishment|food|grocery_or_supermarket|point_of_interest|store,ChIJZSNd1ZNtUEARInk2ycbj4TU,сельскохозяйственный рынок,check
Cheeseberry,"ул. Вокзальная, 2/1, Офис 102, Магнитогорск, Челябинская обл., 455000",Магнитогорск,Магнитогорск,Челябинская область,Russia,53.43346289999999,58.944891,,,OPERATIONAL,establishment|point_of_interest,ChIJeZRbydoo0UMRd8ktj7ZouBs,оптовая база продуктов питания,check
Агротрейд,"ул. Вокзальная, 2/1, Магнитогорск, Челябинская обл., 455017",Магнитогорск,Магнитогорск,Челябинская область,Russia,53.4335615,58.9454273,,,OPERATIONAL,establishment|point_of_interest,ChIJ7d9cydoo0UMRttgryxGKx08,плодоовощная база оптовая,yes
Айсберг,"ул. Вокзальная, 2/3, Магнитогорск, Челябинская обл., 455017",Магнитогорск,Магнитогорск,Челябинская область,Russia,53.433433,58.94595109999999,5,2,OPERATIONAL,establishment|point_of_interest,ChIJ1-zINcUo0UMRd_defCBSn6g,оптовая база продуктов питания,check
Бакалея,"ул. Советская, 183, Магнитогорск, Челябинская обл., 455000",Магнитогорск,Магнитогорск,Челябинская область,Russia,53.37094099999999,58.9623728,5,1,OPERATIONAL,establishment|food|point_of_interest|store,ChIJrwCU410u0UMR8K553rf-Rlk,оптовый продовольственный рынок,check
Восточные сладости,"ТК ""Гостиный двор"", пр-т. К.Маркса, 153, Магнитогорск, Челябинская обл., 455038",Магнитогорск,Магнитогорск,Челябинская область,Russia,53.37826159999999,58.9814264,5,1,OPERATIONAL,establishment|food|point_of_interest|store,ChIJFzSqkFYu0UMRpnIaM7nyFJk,оптовая база продуктов питания,check
Горторг АО,"Индустриальная ул., 32, Магнитогорск, Челябинская обл., 455025",Магнитогорск,Магнитогорск,Челябинская область,Russia,53.4093732,58.95981029999999,2,8,OPERATIONAL,establishment|point_of_interest,ChIJlTDw1S8v0UMRpxNaD-4KIiM,плодоовощная база оптовая,check
"Дом и сад, оптово-розничный склад","ул. Автомобилистов, 6/3, Магнитогорск, Челябинская обл., 455000",Магнитогорск,Магнитогорск,Челябинская область,Russia,53.43764590000001,58.94719480000001,4.6,29,OPERATIONAL,establishment|furniture_store|home_goods_store|point_of_interest|store,ChIJuUKzesQo0UMRtSvK19ureGA,плодоовощная база оптовая,yes
Зелёная база,"ул. Вокзальная, 17/1, Магнитогорск, Челябинская обл., 455017",Магнитогорск,Магнитогорск,Челябинская область,Russia,53.435584,58.959213,4.1,287,OPERATIONAL,establishment|point_of_interest,ChIJlTDw1S8v0UMRkKlxVLLwEGI,оптовый продовольственный рынок,yes
Ип Кильговатова,"ул. Вокзальная, 1, Магнитогорск, Челябинская обл., 455017",Магнитогорск,Магнитогорск,Челябинская область,Russia,53.4345365,58.94262759999999,1,1,OPERATIONAL,establishment|point_of_interest,ChIJ99ShJdso0UMRRtqtr0agWew,оптовая база продуктов питания,check
"Маркер Игрушка , ОПТОВЫЕ ПРОДАЖИ","пр. Ленина, 85, оф.318, Магнитогорск, Челябинская обл., 455001",Магнитогорск,Магнитогорск,Челябинская область,Russia,53.4367507,58.98350720000001,4.5,520,OPERATIONAL,establishment|point_of_interest,ChIJcSAokcgo0UMRE2Ok3aJnFE4,оптовый продовольственный рынок,yes
Мост-2,"ул. Завенягина, 10Ак1, Магнитогорск, Челябинская обл., 455038",Магнитогорск,Магнитогорск,Челябинская область,Russia,53.3804902,58.9789934,4.1,676,OPERATIONAL,establishment|point_of_interest|shopping_mall,ChIJKUIzDFYu0UMR_FD0ACCzR8E,оптовый продовольственный рынок,check
Овощи Фрукты,"Сиреневый пр-д, 20Б, Магнитогорск, Челябинская обл., 455000",Магнитогорск,Магнитогорск,Челябинская область,Russia,53.361133,58.9993561,1,1,OPERATIONAL,establishment|food|point_of_interest|store,ChIJSYFsrDcu0UMRxvc_QThlgW4,оптовый продовольственный рынок,check
Овощи Фрукты,"пр-т. К.Маркса, 161А, Магнитогорск, Челябинская обл., 455000",Магнитогорск,Магнитогорск,Челябинская область,Russia,53.3745525,58.97877159999999,4,1,OPERATIONAL,establishment|food|point_of_interest|store,ChIJScbvvFAu0UMRd8ciwY-7R50,плодоовощная база оптовая,check
Овощи Фрукты,"ул. Автомобилистов, 14Б, Магнитогорск, Челябинская обл., 455000",Магнитогорск,Магнитогорск,Челябинская область,Russia,53.436994,58.95402199999999,5,1,OPERATIONAL,establishment|food|point_of_interest,ChIJG1P0XcYo0UMRZ0mHTZXKf54,оптовая база продуктов питания,check
Овощи Фрукты Сухофрукты,"ул. Правды, 13, Магнитогорск, Челябинская обл., 455000",Магнитогорск,Магнитогорск,Челябинская область,Russia,53.4060123,58.97967339999999,1,1,OPERATIONAL,establishment|food|point_of_interest|store,ChIJs4WvqiIv0UMR_9fEeiDdoBk,оптовый продовольственный рынок,check
Овощи Фрукты Сухофрукты,"Комсомольская ул., 25, Магнитогорск, Челябинская обл., 455000",Магнитогорск,Магнитогорск,Челябинская область,Russia,53.4259084,58.98516859999999,,,OPERATIONAL,establishment|food|point_of_interest|store,ChIJ95Yn5ksv0UMRgcTvwaEX6MQ,оптовый продовольственный рынок,check
"Оптовые цены, продуктовый магазин","ул. Советская, 174, Магнитогорск, Челябинская обл., 455034",Магнитогорск,Магнитогорск,Челябинская область,Russia,53.3570574,58.96029730000001,1,1,OPERATIONAL,establishment|food|grocery_or_supermarket|point_of_interest|store,ChIJUyEZM2wu0UMRKGlOtVuAj5c,оптовый продовольственный рынок,yes
Оптовый склад,"ул. Автомобилистов, 14/1, Магнитогорск, Челябинская обл., 455000",Магнитогорск,Магнитогорск,Челябинская область,Russia,53.43775429999999,58.9541218,,,OPERATIONAL,establishment|point_of_interest|store,ChIJ9yOTjMYo0UMROVFMjYnNVwA,плодоовощная база оптовая,yes
Пакупак,"ул. Вокзальная, 2/1, Магнитогорск, Челябинская обл., 455000",Магнитогорск,Магнитогорск,Челябинская область,Russia,53.43372189999999,58.94444599999999,4.3,3,OPERATIONAL,clothing_store|establishment|food|home_goods_store|point_of_interest|store,ChIJUccuztoo0UMRZQwwItiuKjQ,оптовая база продуктов питания,check
"Первый вкус, сеть фирменных магазинов","ул. Вокзальная, 25, Магнитогорск, Челябинская обл., 455000",Магнитогорск,Магнитогорск,Челябинская область,Russia,53.43660999999999,58.9670946,3,4,OPERATIONAL,establishment|food|point_of_interest,ChIJuab1l7co0UMRXs_aYFUGzfk,оптовая база продуктов питания,check
"Презент, рынок","ул. Вокзальная, 21, Магнитогорск, Челябинская обл., 455000",Магнитогорск,Магнитогорск,Челябинская область,Russia,53.43518599999999,58.96078999999999,4.6,7,OPERATIONAL,establishment|point_of_interest,ChIJPxdgb8go0UMRyh-TO5TzI4Y,оптовый продовольственный рынок,yes
Продукты оптом,"Заготовительная ул., 85, Магнитогорск, Челябинская обл., 455005",Магнитогорск,Магнитогорск,Челябинская область,Russia,53.4765689,59.0868797,5,2,OPERATIONAL,establishment|point_of_interest,ChIJpTr9k70m0UMRUhyKbGSjR_I,оптовый продовольственный рынок,yes
Регион-Бизнес,"ул. Вокзальная, 2/1, Магнитогорск, Челябинская обл., 455017",Магнитогорск,Магнитогорск,Челябинская область,Russia,53.4335535,58.94542709999999,,,OPERATIONAL,establishment|point_of_interest,ChIJc_y_xNoo0UMR0dZKjGKfe90,оптовый продовольственный рынок,check
"Рыбное место, склад-магазин","ул. Автомобилистов, 10-а, Магнитогорск, Челябинская обл., 455000",Магнитогорск,Магнитогорск,Челябинская область,Russia,53.4368541,58.95082430000001,5,1,OPERATIONAL,establishment|food|point_of_interest,ChIJmTbfJ8Qo0UMRVnsBvW0K1oM,оптовая база продуктов питания,check
"Рынок ""Чкаловский""","ул. Чкалова, 55, Магнитогорск, Челябинская обл., 455016",Магнитогорск,Магнитогорск,Челябинская область,Russia,53.3864994,59.08448809999999,4.1,90,OPERATIONAL,establishment|food|grocery_or_supermarket|point_of_interest|store,ChIJSSsyoF0l0UMRP5nmnWmmcPE,сельскохозяйственный рынок,yes
Светофор,"Проселочная ул., 35, Магнитогорск, Челябинская обл., 455005",Магнитогорск,Магнитогорск,Челябинская область,Russia,53.4749221,59.0828794,4,258,OPERATIONAL,establishment|food|grocery_or_supermarket|point_of_interest|shopping_mall|store,ChIJR3s7UJYm0UMRgXQpZFQS8-w,оптовый продовольственный рынок,check
Светофор,"ул. Магнитная, 4, Магнитогорск, Челябинская обл., 455019",Магнитогорск,Магнитогорск,Челябинская область,Russia,53.396145,59.0509999,3.6,5,OPERATIONAL,establishment|point_of_interest,ChIJrWXxEQwv0UMRtuw2ZHMsjfs,оптовая база продуктов питания,check
Сезонный фермерский овощной рынок,"Комсомольская ул., 16, Магнитогорск, Челябинская обл., 455000",Магнитогорск,Магнитогорск,Челябинская область,Russia,53.4264896,58.9882447,2.8,4,OPERATIONAL,establishment|point_of_interest,ChIJOzDSTRQv0UMRT4SlirbZ0Uk,сельскохозяйственный рынок,yes
Склад,"ул. Вокзальная, 5, Магнитогорск, Челябинская обл., 455017",Магнитогорск,Магнитогорск,Челябинская область,Russia,53.4349103,58.9495951,,,OPERATIONAL,establishment|point_of_interest,ChIJbUeINCop0UMR-FN0dJbQCk8,плодоовощная база оптовая,check
"СоюзПищеПром, ООО","ул. Калибровщиков, 32А, Магнитогорск, Челябинская обл., 455011",Магнитогорск,Магнитогорск,Челябинская область,Russia,53.4662442,59.0894884,5,1,OPERATIONAL,establishment|point_of_interest,ChIJlTDw1S8v0UMRNLXklz60a_c,оптовая база продуктов питания,check
"Станичная ярмарка, рынок","корп. 2, пр-т. К.Маркса, 151/1, Магнитогорск, Челябинская обл., 455038",Магнитогорск,Магнитогорск,Челябинская область,Russia,53.3804652,58.9795129,3.7,6,OPERATIONAL,establishment|point_of_interest,ChIJ4xm5ClYu0UMRmB9ApsPpnTs,оптовый продовольственный рынок,yes
Текстиль Опт,"Линия 2-я, строение 10 Магнитогорск, Левобережная Складская Зона, Магнитогорск, Челябинская обл., 455019",Магнитогорск,Магнитогорск,Челябинская область,Russia,53.403454,59.065228,4.3,404,OPERATIONAL,clothing_store|establishment|home_goods_store|point_of_interest|store,ChIJB0kRL3Ql0UMRsDpao2zcK1E,оптовый продовольственный рынок,yes
Товарный Двор-Магнитогорск,"ул. Автомобилистов, 5, Магнитогорск, Челябинская обл., 455000",Магнитогорск,Магнитогорск,Челябинская область,Russia,53.438163,58.94821,4.3,7,OPERATIONAL,establishment|food|point_of_interest,ChIJH0GSCcQo0UMRW2edTQXUPAI,оптовый продовольственный рынок,check
Фруктовый рай,"ул. Ленинградская, 16, Магнитогорск, Челябинская обл., 455000",Магнитогорск,Магнитогорск,Челябинская область,Russia,53.418003,58.987341,4.1,13,OPERATIONAL,establishment|food|point_of_interest|store,ChIJE1m5jkcv0UMRf-VX8sJ1Ek4,плодоовощная база оптовая,check
Фруктовый рай,"ул. Ленинградская, 33, Магнитогорск, Челябинская обл., 455000",Магнитогорск,Магнитогорск,Челябинская область,Russia,53.41761589999999,58.98174590000001,3.2,5,OPERATIONAL,establishment|food|point_of_interest|store,ChIJU5hQLTgv0UMRCx5S8lrhpww,плодоовощная база оптовая,check
Фруктовый Рай,"ул. Октябрьская, 21, Магнитогорск, Челябинская обл., 455000",Магнитогорск,Магнитогорск,Челябинская область,Russia,53.41578800000001,58.993309,3,1,OPERATIONAL,establishment|food|point_of_interest|store,ChIJQz6ZMkcv0UMRUlz8qhqhHHI,оптовый продовольственный рынок,check
Центральная Городская Ярмарка,"Магнитогорск, Челябинская обл., 455037",Магнитогорск,Магнитогорск,Челябинская область,Russia,53.39848110000001,58.990182,4.1,1028,OPERATIONAL,establishment|point_of_interest|shopping_mall,ChIJE6mAdBAv0UMRmmCFkRGIiPg,оптовый продовольственный рынок,yes
Центральный рынок,"пр-т. К.Маркса, 74, Магнитогорск, Челябинская обл., 455000",Магнитогорск,Магнитогорск,Челябинская область,Russia,53.4149905,58.9769741,4.1,2352,OPERATIONAL,establishment|point_of_interest,ChIJTXRsoIIm0UMRoSL6KOTD2I0,оптовый продовольственный рынок,yes
Южный,"пр-т. К.Маркса, 187, Магнитогорск, Челябинская обл., 455021",Магнитогорск,Магнитогорск,Челябинская область,Russia,53.3622222,58.98,4.3,1235,OPERATIONAL,establishment|point_of_interest|shopping_mall,ChIJB5IzOkEu0UMR8rkJZZB7kPM,оптовый продовольственный рынок,check
Агрокомплекс Выселковский,"ул. Шовгенова, 7, Майкоп, Республика Адыгея, 385012",Майкоп,Майкоп,Республика Адыгея,Russia,44.59352750000001,40.1152653,4.5,45,OPERATIONAL,establishment|food|grocery_or_supermarket|point_of_interest|store|supermarket,ChIJM01sQHwz90ARaPJevu1OiME,сельскохозяйственный рынок,yes
Западный Рынок Черемушки,"Пионерская ул., 524А, Майкоп, Республика Адыгея, 385011",Майкоп,Майкоп,Республика Адыгея,Russia,44.6130027,40.0621147,4.2,960,OPERATIONAL,establishment|food|grocery_or_supermarket|point_of_interest|store,ChIJKdvGroYy90ARV1JfNRJjP7Q,сельскохозяйственный рынок,yes
Казачий Рынок,"Майкоп, Республика Адыгея, 385009",Майкоп,Майкоп,Республика Адыгея,Russia,44.6259964,40.0728044,4,697,OPERATIONAL,establishment|food|grocery_or_supermarket|point_of_interest|store|supermarket,ChIJG74zmvIy90ARaRYKjGTvnak,оптовый продовольственный рынок,yes
Лукошко,"Пролетарская ул., 225, Майкоп, Республика Адыгея, 385000",Майкоп,Майкоп,Республика Адыгея,Russia,44.6091714,40.1041472,4.6,44,OPERATIONAL,establishment|food|point_of_interest|store,ChIJfZTYG_Qz90ARXecUsz2cVZY,сельскохозяйственный рынок,check
Оптовые Базы,"Пролетарская ул., 210, Майкоп, Республика Адыгея, 385000",Майкоп,Майкоп,Республика Адыгея,Russia,44.6094327,40.110326,,,OPERATIONAL,establishment|food|point_of_interest,ChIJQ8XJzj8y90ARVxVbUQmuBdc,плодоовощная база оптовая,yes
Продовольственная База,"ул. Промышленная, 54, Майкоп, Республика Адыгея, 385006",Майкоп,Майкоп,Республика Адыгея,Russia,44.6252665,40.0949724,4.2,250,OPERATIONAL,establishment|point_of_interest|shopping_mall,ChIJ3VQsJlgy90ARaDqu-q2w5ag,оптовый продовольственный рынок,yes
Продсклад Победа,"Пионерская ул., 524А, Майкоп, Республика Адыгея, 385018",Майкоп,Майкоп,Республика Адыгея,Russia,44.61299469999999,40.0611304,5,3,OPERATIONAL,establishment|food|grocery_or_supermarket|point_of_interest|store,ChIJbdr2qQkz90AR8zpOTqvVR0Y,плодоовощная база оптовая,check
РастенИя оптом,"Пролетарская ул., 210, Майкоп, Республика Адыгея, 385016",Майкоп,Майкоп,Республика Адыгея,Russia,44.6091055,40.1114776,,,OPERATIONAL,establishment|point_of_interest,ChIJAQDwNj4y90AR1WJmS_5IJq0,плодоовощная база оптовая,yes
Рынок хозяйственно-бытовых товаров,"Крестьянская ул., 228, Майкоп, Республика Адыгея, 385000",Майкоп,Майкоп,Республика Адыгея,Russia,44.6107507,40.1087759,4.2,291,OPERATIONAL,establishment|point_of_interest,ChIJA_Twiz8y90ARJ83ItgsNk-U,сельскохозяйственный рынок,yes
Торговый Комплекс ЦКЗ,"Майкоп, Республика Адыгея, 385017",Майкоп,Майкоп,Республика Адыгея,Russia,44.59379999999999,40.1319,4.2,847,OPERATIONAL,establishment|food|grocery_or_supermarket|point_of_interest|store,ChIJhTrvVfEx90ARDqOuYs_Tga0,оптовый продовольственный рынок,check
Фрукты овощи,"ул. Адыгейская, 55, Майкоп, Республика Адыгея, 385020",Майкоп,Майкоп,Республика Адыгея,Russia,44.6119883,40.0936194,,,OPERATIONAL,establishment|food|point_of_interest|store,ChIJA0kX5Wgy90ARN_E0EgVEfMI,плодоовощная база оптовая,check
Центральный рынок,"Пролетарская ул., д. 210, Майкоп, Республика Адыгея, 385000",Майкоп,Майкоп,Республика Адыгея,Russia,44.6093936,40.1104388,4.2,3542,OPERATIONAL,establishment|food|grocery_or_supermarket|point_of_interest|store,ChIJ6Wx1yj8y90ARpZd3uch_kRo,оптовый продовольственный рынок,yes
Эко магазин,"Павильон центрального рынка, Пролетарская ул., 210а, Майкоп, Республика Адыгея, 385000",Майкоп,Майкоп,Республика Адыгея,Russia,44.6094327,40.110326,5,1,OPERATIONAL,establishment|point_of_interest,ChIJt86iH0wz90ARqfoRqgzYwlk,сельскохозяйственный рынок,check
Цех По Рыбопереработке,"ул. Энергетиков, 24, Майма, Респ. Алтай, 649100",Майма,Горно-Алтайск,Республика Алтай,Russia,51.98349899999999,85.88099799999999,,,OPERATIONAL,establishment|food|point_of_interest,ChIJ1TOMmvn4xEIRSGQf44YIgUs,оптовая база продуктов питания,check
2 Рынок,"ул. Толстого, 9, Махачкала, Респ. Дагестан, 367008",Махачкала,Махачкала,Республика Дагестан,Russia,42.9811157,47.4974169,4.1,184,OPERATIONAL,establishment|point_of_interest,ChIJsYk9QEOgTkARBrYNEzNICbk,оптовый продовольственный рынок,yes
2-й Рынок,"ул. Дзержинского, 10, Махачкала, Респ. Дагестан, 367002",Махачкала,Махачкала,Республика Дагестан,Russia,42.980206,47.497993,3.9,2284,OPERATIONAL,establishment|point_of_interest,ChIJeR7cX1ugTkARiD7v5b1gE_g,оптовый продовольственный рынок,yes
Agromir Ltd,"g, Махачкала, Респ. Дагестан, 367901",Махачкала,Махачкала,Республика Дагестан,Russia,43.005543,47.3518118,5,12,OPERATIONAL,establishment|food|point_of_interest,ChIJ41IFJ8-eTkARTe0Ed2FzctU,оптовая база продуктов питания,check
Ayax-Union,"Куядинский Рынок, 5-й км трассы, Махачкала, Респ. Дагестан, 367901",Махачкала,Махачкала,Республика Дагестан,Russia,42.95944129999999,47.5010757,4.1,417,OPERATIONAL,electrician|electronics_store|establishment|point_of_interest|store,ChIJZUQ1gS2ZTkARkEaXYGaTaww,оптовый продовольственный рынок,check
Аджва,"ул. Гагарина, 21, Махачкала, Респ. Дагестан, 367010",Махачкала,Махачкала,Республика Дагестан,Russia,42.9564767,47.5035831,4.8,20,OPERATIONAL,establishment|food|grocery_or_supermarket|point_of_interest|store,ChIJIRq9mh6hTkAR42eS70XiDhE,оптовая база продуктов питания,check
База миарсо,"Р275 367014, Махачкала, Респ. Дагестан, 367014",Махачкала,Махачкала,Республика Дагестан,Russia,42.9646699,47.3886956,4.9,32,OPERATIONAL,establishment|point_of_interest|shopping_mall,ChIJfd5JvJyZTkARCYnH_F78B50,плодоовощная база оптовая,yes
Вишневый сад,"просп. Расула Гамзатова, 6, Махачкала, Респ. Дагестан, 367016",Махачкала,Махачкала,Республика Дагестан,Russia,42.98183119999999,47.5068107,3,2,OPERATIONAL,establishment|point_of_interest,ChIJKcN5ZmegTkARiLQZGfsCGPg,сельскохозяйственный рынок,check
Восточный Базар,"ул. Ирчи Казака, 39, Махачкала, Респ. Дагестан, 367030",Махачкала,Махачкала,Республика Дагестан,Russia,42.9542649,47.5206381,4,974,OPERATIONAL,establishment|point_of_interest|shopping_mall,ChIJg5jcwd6gTkAREW4OLVkcUNQ,оптовый продовольственный рынок,yes
Дом посуды загородный рынок,"Махачкала, Респ. Дагестан, 367013",Махачкала,Махачкала,Республика Дагестан,Russia,42.9777885,47.5146913,5,1,OPERATIONAL,establishment|point_of_interest,ChIJ7RGzRYGhTkAR4GMIgAa-O5w,сельскохозяйственный рынок,yes
"Империя холода, Дагпродукт, Эвита-Юг","Махачкала, Респ. Дагестан, 367901",Махачкала,Махачкала,Республика Дагестан,Russia,43.0003017,47.3482379,4.8,23,OPERATIONAL,establishment|food|grocery_or_supermarket|point_of_interest|store,ChIJaYyNac2eTkARhftyKrE_KRg,оптовая база продуктов питания,check
Ирчи Казака Рынок,"Редукторный, Махачкала, Респ. Дагестан, 367013",Махачкала,Махачкала,Республика Дагестан,Russia,42.9619386,47.5175639,4.1,977,OPERATIONAL,establishment|home_goods_store|point_of_interest|store,ChIJp2miB2OhTkAROaNzoAhh3Ds,оптовый продовольственный рынок,yes
Меркурий,"ул. Дахадаева, 44/2, Махачкала, Респ. Дагестан, 367000",Махачкала,Махачкала,Республика Дагестан,Russia,42.9789943,47.50418699999999,4.6,11,OPERATIONAL,establishment|liquor_store|point_of_interest|store,ChIJQ5qd83ihTkARn7XdZYdN4Ko,оптовая база продуктов питания,check
Мир фруктов,"ул. Абдулхамида Юсупова, 1, Махачкала, Респ. Дагестан, 367014",Махачкала,Махачкала,Республика Дагестан,Russia,42.97156349999999,47.4210479,4.5,438,OPERATIONAL,establishment|food|grocery_or_supermarket|point_of_interest|store,ChIJJ3Uev-ShTkARfNXK7PI_P08,плодоовощная база оптовая,check
Муниципальный,"Махачкала, Респ. Дагестан, 367901",Махачкала,Махачкала,Республика Дагестан,Russia,42.998722,47.3460769,4.1,399,OPERATIONAL,establishment|point_of_interest,ChIJ_0cZwzKZTkARbIwKGXKUD5A,сельскохозяйственный рынок,check
Новый цумадиский рынок,"Махачкала, Респ. Дагестан, 367901",Махачкала,Махачкала,Республика Дагестан,Russia,43.0033988,47.3387527,4.3,47,OPERATIONAL,establishment|point_of_interest,ChIJZ_ii2xCZTkARpLK7FNJklmE,сельскохозяйственный рынок,yes
"ООО ""Амир-С"", молочный цех, тм Согратль","Шамхал, ул. Кутузова, 8, Махачкала, Респ. Дагестан, 367912",Махачкала,Махачкала,Республика Дагестан,Russia,42.9936379,47.4589534,5,1,OPERATIONAL,establishment|food|point_of_interest,ChIJA8hRT2yhTkARH_LWKQU6RpU,оптовая база продуктов питания,check
ОптМаркет,"Махачкала, Респ. Дагестан, 367018",Махачкала,Махачкала,Республика Дагестан,Russia,42.9496488,47.5662785,4.2,282,OPERATIONAL,establishment|food|grocery_or_supermarket|point_of_interest|store,ChIJaU97V1ynTkARFtQG1SwkyOI,оптовый продовольственный рынок,yes
Оптовая База,"ул. Буйнакского, 29, Махачкала, Респ. Дагестан, 367012",Махачкала,Махачкала,Республика Дагестан,Russia,42.985461,47.506956,4.4,17,OPERATIONAL,establishment|point_of_interest|store,ChIJbTppbgWhTkARv9wZ4lulXG0,оптовый продовольственный рынок,yes
Оптовик,"ул. Магомедтагирова, 163Г, Махачкала, Респ. Дагестан, 367008",Махачкала,Махачкала,Республика Дагестан,Russia,42.9840092,47.4715758,4.1,160,OPERATIONAL,establishment|food|grocery_or_supermarket|point_of_interest|store,ChIJlaBalzagTkARUl1VgoL-hGg,оптовый продовольственный рынок,yes
Оптово-розничный магазин,"ул. Стальского, 62, Махачкала, Респ. Дагестан, 367003",Махачкала,Махачкала,Республика Дагестан,Russia,42.9742279,47.507917,5,1,OPERATIONAL,establishment|point_of_interest,ChIJqTOfDvagTkARAJ7qEa1KGFE,плодоовощная база оптовая,yes
Оптовый,"Unnamed Road, Махачкала, Респ. Дагестан, 367010",Махачкала,Махачкала,Республика Дагестан,Russia,42.9466709,47.5418587,4.2,73,OPERATIONAL,establishment|food|grocery_or_supermarket|point_of_interest|store|supermarket,ChIJz23BxiynTkARTr6_b8nUTa8,оптовый продовольственный рынок,yes
Оптовый,"ул. Лаптиева, 44/6, Махачкала, Респ. Дагестан, 367007",Махачкала,Махачкала,Республика Дагестан,Russia,42.97159329999999,47.5349054,5,1,OPERATIONAL,establishment|point_of_interest,ChIJBdxrgr6gTkAR6JIz8RdSnhA,оптовая база продуктов питания,yes
Оптовый магазин,"ул. Комарова, Махачкала, Респ. Дагестан, 367014",Махачкала,Махачкала,Республика Дагестан,Russia,42.9788149,47.4284711,4,1,OPERATIONAL,establishment|point_of_interest,ChIJFx8MiOihTkARFMeAYPGpOMY,оптовый продовольственный рынок,yes
Оптовый Продуктовый Магазин,"Махачкала, Респ. Дагестан, 367014",Махачкала,Махачкала,Республика Дагестан,Russia,42.993794,47.4502462,4.5,24,OPERATIONAL,establishment|food|grocery_or_supermarket|point_of_interest|store,ChIJ7cPK6aifTkAR2MQAvB7pZ-g,оптовый продовольственный рынок,yes
Паллета,"пр. Петра Первого, 25, Махачкала, Респ. Дагестан, 367007",Махачкала,Махачкала,Республика Дагестан,Russia,42.9721155,47.5296616,4.2,53,OPERATIONAL,establishment|food|grocery_or_supermarket|point_of_interest|store,ChIJCTO9W5KgTkARF9HwoCTT5og,оптовый продовольственный рынок,check
Патимат,"пр. Гамидова, 18Ж, Махачкала, Респ. Дагестан, 367013",Махачкала,Махачкала,Республика Дагестан,Russia,42.9629699,47.513304,4.6,9,OPERATIONAL,establishment|food|health|point_of_interest|store,ChIJiyiUSeSgTkARw6KxX7M0LnQ,оптовая база продуктов питания,check
Первый Рынок,"пр. Гамидова, дом 1, Махачкала, Респ. Дагестан, 367013",Махачкала,Махачкала,Республика Дагестан,Russia,42.97181570000001,47.5205828,4,55,OPERATIONAL,establishment|point_of_interest,ChIJj_Ja7PKgTkARCrg4_hJqyGA,оптовый продовольственный рынок,yes
Продуктовые Рынки,"пр. Имама Шамиля, 36г/9, Махачкала, Респ. Дагестан, 367026",Махачкала,Махачкала,Республика Дагестан,Russia,42.9748752,47.482496,,,OPERATIONAL,establishment|point_of_interest,ChIJc8NshE2gTkARlCb_iSETL6w,сельскохозяйственный рынок,check
Сквер Шахидов,"Продуктовый рынок, Махачкала, Респ. Дагестан, 367014",Махачкала,Махачкала,Республика Дагестан,Russia,42.9712667,47.421563,4.6,212,OPERATIONAL,establishment|park|point_of_interest,ChIJJTluekWhTkARl52Y2dOMdwU,сельскохозяйственный рынок,check
Скотный Рынок,"Махачкала, Респ. Дагестан, 367901",Махачкала,Махачкала,Республика Дагестан,Russia,43.003559,47.3394931,4.2,142,OPERATIONAL,establishment|point_of_interest,ChIJx_9H1cqeTkARi8rkEHEAi1U,сельскохозяйственный рынок,yes
ТИМ ХОЛДИНГ,"мкр Степной, 3, й, 6, Махачкала, Респ. Дагестан, 367030",Махачкала,Махачкала,Республика Дагестан,Russia,42.9506527,47.5350546,5,2,OPERATIONAL,establishment|food|point_of_interest,ChIJqXl8DgOhTkAR4jqi-e3NCKA,оптовая база продуктов питания,check
"Узбек Городок, Рынок","пр. Имама Шамиля, 36г/9, Махачкала, Респ. Дагестан, 367008",Махачкала,Махачкала,Республика Дагестан,Russia,42.9748752,47.482496,4.2,5,OPERATIONAL,establishment|point_of_interest,ChIJc8NshE2gTkARJJAKtREZeDc,оптовый продовольственный рынок,yes
Фестиваль торговый комплекс Махачкала.Улица Расул Гамзатова 93,"ул. Коркмасова, 14, Махачкала, Респ. Дагестан, 367008",Махачкала,Махачкала,Республика Дагестан,Russia,42.9822335,47.4972298,4.2,4208,OPERATIONAL,establishment|point_of_interest|shopping_mall,ChIJhV09tlygTkAREYcLXzA7x3E,оптовый продовольственный рынок,check
Фрутонн,"туп. Хуршилова 1-й, Махачкала, Респ. Дагестан, 367014",Махачкала,Махачкала,Республика Дагестан,Russia,42.96470619999999,47.4256711,5,4,OPERATIONAL,establishment|food|point_of_interest,ChIJzwGFpiOhTkARzoXH-OLjKhw,плодоовощная база оптовая,check
Хлебозавод № 4,"ул. Титова, 9, корп. 1, Махачкала, Респ. Дагестан, 367008",Махачкала,Махачкала,Республика Дагестан,Russia,42.982157,47.494988,4.2,133,OPERATIONAL,establishment|food|point_of_interest,ChIJGSEagdzm30IROqkh3w_jcOY,оптовая база продуктов питания,check
Центральный Золотой Рынок,"ул. Ирчи Казака, 41 а, Махачкала, Респ. Дагестан, 367030",Махачкала,Махачкала,Республика Дагестан,Russia,42.9633417,47.509097,4.1,258,OPERATIONAL,establishment|point_of_interest|shopping_mall,ChIJM-0-J9-gTkARC7VfU7RbC_k,сельскохозяйственный рынок,yes
Цумадинский Рынок,"пр-т. Акушинского, 100, Махачкала, Респ. Дагестан, 367014",Махачкала,Махачкала,Республика Дагестан,Russia,42.9713847,47.4134265,3.7,3590,OPERATIONAL,establishment|point_of_interest,ChIJ41tJQ_yhTkARv-fXRW0HveU,оптовый продовольственный рынок,yes
Экзотика,"пр-т. Акушинского, 109, Махачкала, Респ. Дагестан, 367014",Махачкала,Махачкала,Республика Дагестан,Russia,42.9690668,47.4052716,4.3,444,OPERATIONAL,establishment|food|grocery_or_supermarket|point_of_interest|store,ChIJD4j3nP-hTkARQ-4usouB204,оптовый продовольственный рынок,check
"Ярмарка - Фрукты , Овощи","Махачкала, Респ. Дагестан, 367014",Махачкала,Махачкала,Республика Дагестан,Russia,42.9937591,47.4501687,4.1,53,OPERATIONAL,establishment|food|grocery_or_supermarket|point_of_interest|store|supermarket,ChIJVQC3pMKfTkARKLsd0_sI56o,плодоовощная база оптовая,yes
Рынок Продуктовый,"Средняя, Мацеста, Краснодарский край, 354024",Мацеста,Сочи,Краснодарский край,Russia,43.5593504,39.7927889,4.4,363,OPERATIONAL,establishment|point_of_interest,ChIJefmLe2fI9UARNls523zi6RY,сельскохозяйственный рынок,yes
"Рынок Заречный, МУП","ул. Абаканская, 51, Минусинск, Красноярский край, 662606",Минусинск,Абакан,Республика Хакасия,Russia,53.6924041,91.6711674,4,690,OPERATIONAL,establishment|point_of_interest|store,ChIJmZYjssifLl0R0k97Njzsiaw,оптовый продовольственный рынок,yes
Центральный Рынок,"ул. Ленина, 214, Михайловск, Ставропольский край, 356240",Михайловск,Ставрополь,Ставропольский край,Russia,45.14155119999999,42.00940870000001,4.1,396,OPERATIONAL,establishment|point_of_interest,ChIJlyTg6XUF-UARbdeAqJkQ118,сельскохозяйственный рынок,yes
Брянская продовольственная компания,"Спортивная ул., 3, Мичуринский, Брянская обл., 241524",Мичуринский,Брянск,Брянская область,Russia,53.27476900000001,34.2315019,4,10,OPERATIONAL,establishment|food|point_of_interest|storage,ChIJb52-bKxXLUERAdz9NyuQ1gs,оптовая база продуктов питания,yes
FoodDesk - поставщик овощей и фруктов,"Калужское ш., 10, Мамыри, Москва, 129090, Калужское ш., Москва, 142770",Москва,Москва,Москва,Russia,55.60076549999999,37.4709172,5,6,OPERATIONAL,establishment|food|grocery_or_supermarket|point_of_interest|storage|store,ChIJV_r6ZIutSkERWLxhtMsMlKU,плодоовощная база оптовая,check
FoodHouse.pro (АльфаТрейд),"Открытое ш., 13 стр. 1, Москва, 107143",Москва,Москва,Москва,Russia,55.817074,37.741223,4.2,5,OPERATIONAL,establishment|food|point_of_interest|store,ChIJ_aCBxvc0tUYRx0DxzfZUBVs,оптовая база продуктов питания,check
Ангар Сити,"Торговая ул., с1, Москва, Московская обл., 143085",Москва,Москва,Москва,Russia,55.6812291,37.4154547,3.9,21,OPERATIONAL,establishment|food|grocery_or_supermarket|point_of_interest|store,ChIJ287HPm1PtUYRXknucnjSCY0,оптовый продовольственный рынок,check
Белорусский базар,"МКАД 8 км, 3к1, Москва, 109145",Москва,Москва,Москва,Russia,55.704577,37.834453,4.3,96,OPERATIONAL,establishment|food|grocery_or_supermarket|point_of_interest|store,ChIJrW4lFfC1SkERXyq4wikPAvk,оптовая база продуктов питания,yes
Братиславский рынок,"Мячковский бул., 3а, Москва, 109451",Москва,Москва,Москва,Russia,55.65793499999999,37.751474,4.3,1769,OPERATIONAL,establishment|point_of_interest|shopping_mall,ChIJRx3hpxG0SkERdJ5bsOj6-G8,оптовый продовольственный рынок,yes
Велозаводский рынок,"Велозаводская ул., 13, с. 1, Москва, 115280",Москва,Москва,Москва,Russia,55.7104455,37.6683282,4.2,3572,OPERATIONAL,establishment|food|grocery_or_supermarket|point_of_interest|restaurant|store,ChIJ8xMlXM20SkERHfbk0QI7U9M,оптовый продовольственный рынок,yes
Глобал Фудс,"ул. Юности 5,стр 1, корп А, Москва, 111395",Москва,Балашиха,Московская область,Russia,55.7305444,37.8133629,5,4,OPERATIONAL,establishment|food|point_of_interest,ChIJT_LaGvfLSkERc5caBaQMefs,оптовая база продуктов питания,check
"Государственное унитарное предприятие ""Рижский рынок""","пр-т Мира, 88, Москва, 129110",Москва,Москва,Москва,Russia,55.7932901,37.63730410000001,4.2,3425,OPERATIONAL,establishment|florist|point_of_interest|store,ChIJFy-HC_Q1tUYRa-nRZkaYfhA,оптовый продовольственный рынок,yes
Даниловский рынок,"Мытная ул., 74, Москва, 115191",Москва,Москва,Москва,Russia,55.7121856,37.6205068,4.5,15624,OPERATIONAL,establishment|food|point_of_interest,ChIJVSw1SUBLtUYRuguJQx04lbQ,оптовый продовольственный рынок,yes
Домодедовский рынок,"Ореховый б-р, 14, к.3, Москва, 115582",Москва,Москва,Москва,Russia,55.6101669,37.7211311,4.3,9098,OPERATIONAL,establishment|food|grocery_or_supermarket|point_of_interest|store,ChIJOSUWgXuxSkER1gertpWGIRY,оптовый продовольственный рынок,yes
Дорогомиловский рынок,"ул. Можайский Вал, 10, Москва, 121151",Москва,Москва,Москва,Russia,55.7427254,37.55383,4.3,6054,OPERATIONAL,establishment|point_of_interest,ChIJQX5zEsFLtUYRHVkzqBOvzP0,оптовый продовольственный рынок,yes
Коптевский Рынок,"Коптевская ул., 24с9, Москва, 125239",Москва,Москва,Москва,Russia,55.8333495,37.5219155,4,2522,OPERATIONAL,establishment|point_of_interest,ChIJb4iDRdk3tUYRgKrOf2NPL8Y,сельскохозяйственный рынок,yes
Крона-Маркет,"ТЦ ""Новокосинский"", ул. Суздальская, 25А, Москва, 111672",Москва,Балашиха,Московская область,Russia,55.747892,37.878171,4.2,442,OPERATIONAL,establishment|point_of_interest,ChIJgY5LSUrKSkERTlN7DqanmPY,оптовый продовольственный рынок,check
Кунцевский универсальный рынок,"ул. Маршала Неделина, 19, Москва, 121471",Москва,Москва,Москва,Russia,55.7260578,37.4071894,4.1,3465,OPERATIONAL,establishment|food|grocery_or_supermarket|point_of_interest|store,ChIJX4W85O9OtUYRKZhjLegmNuk,сельскохозяйственный рынок,yes
Кунцевское,"Рябиновая ул., 55, Москва, 121471",Москва,Москва,Москва,Russia,55.6911249,37.4278283,4.3,8,OPERATIONAL,establishment|food|point_of_interest,ChIJZYN0HNhNtUYRfPNPdaDGScA,плодоовощная база оптовая,check
Курьяновская Плодоовощная База,"4386-й Проектируемый пр-д, 10 строение 1, Москва, 109235",Москва,Москва,Москва,Russia,55.6491389,37.6896576,4.2,18,OPERATIONAL,establishment|point_of_interest|storage,ChIJizBYwISzSkER2-7B5voomVE,плодоовощная база оптовая,yes
Ленинградский сельскохозяйственный рынок,"ул. Часовая, 11/3, стр. 1, Москва, 125315",Москва,Москва,Москва,Russia,55.8080708,37.5290585,4.1,2342,OPERATIONAL,establishment|food|grocery_or_supermarket|point_of_interest|store,ChIJ625LoM5JtUYRoo7xxoQorTM,оптовый продовольственный рынок,yes
Мосбаза - продукты питания оптом,"Мелитопольская ул., 1, корп. 2, стр. 2, Москва, 117403",Москва,Москва,Москва,Russia,55.584539,37.6356305,3.4,15,OPERATIONAL,establishment|food|point_of_interest,ChIJS_drK5-zSkERmhlZlRm5GIs,оптовая база продуктов питания,yes
Москворецкая оптовая-продуктовая база,"1-й Котляковский пер., 1, Москва, 115201",Москва,Москва,Москва,Russia,55.6514885,37.6357127,3.8,127,OPERATIONAL,establishment|point_of_interest|shopping_mall,ChIJvQZi5xOzSkERGvshu-nu_rI,плодоовощная база оптовая,yes
Москворецкий рынок,"Болотниковская ул., 12, Москва, 117556",Москва,Москва,Москва,Russia,55.6566159,37.6072849,4.2,14569,OPERATIONAL,establishment|food|point_of_interest|restaurant,ChIJ7a6m4zqzSkERM2aH220AvB8,оптовый продовольственный рынок,yes
Новоясеневский рынок,"Новоясеневский пр., 1, Москва, 117574",Москва,Москва,Москва,Russia,55.6206802,37.5086372,4.1,2449,OPERATIONAL,establishment|food|grocery_or_supermarket|point_of_interest|store,ChIJ9RvWs6xStUYRLgxsbIAZ6p0,сельскохозяйственный рынок,yes
Овощебаза,"Москва, 142771",Москва,Москва,Москва,Russia,55.5960978,37.462881,4,628,OPERATIONAL,establishment|food|point_of_interest,ChIJX4Co6wJTtUYR-jFSTnXIvJE,оптовый продовольственный рынок,yes
Овощи оптом,"строение 8, ул. Адмирала Корнилова, ул, 37, Москва, 121471",Москва,Подольск,Московская область,Russia,55.6260145,37.4397133,,,OPERATIONAL,establishment|point_of_interest,ChIJYaDY7YxStUYRCyPTvCU_-1w,плодоовощная база оптовая,yes
Овощная База Зоя,"1-й Дорожный пр-д, 3, Москва, 117545",Москва,Москва,Москва,Russia,55.6153019,37.6179444,4.5,2,OPERATIONAL,establishment|food|point_of_interest,ChIJ1aEy_l6ySkERuQJ2XF4PKs0,плодоовощная база оптовая,yes
Октябрьская Плодоовощная База,"Каширский пр-д, 27, Москва, 115201",Москва,Москва,Москва,Russia,55.6506617,37.6238646,3.9,12,OPERATIONAL,establishment|food|point_of_interest,ChIJoa1xqxezSkER3ojrQVGQ-i0,плодоовощная база оптовая,yes
ООО Свежие сыры,"Спортивная ул., 23, Москва, 142171",Москва,Подольск,Московская область,Russia,55.500027,37.567604,5,1,OPERATIONAL,establishment|point_of_interest,ChIJzUCjMkupSkERTABKilKO8RQ,оптовая база продуктов питания,check
Опт продукты,"3с16, МКАД 8 км, 3 строение 16, Москва, 109507",Москва,Москва,Москва,Russia,55.7029727,37.83393040000001,4.5,55,OPERATIONAL,establishment|food|grocery_or_supermarket|point_of_interest|store,ChIJHxiB_u-1SkERjbYIbEs8XPI,оптовая база продуктов питания,yes
Оптовая Овощная База Тушино,"Москва, 125362",Москва,Москва,Москва,Russia,55.82516469999999,37.4475936,4.2,5,OPERATIONAL,establishment|food|grocery_or_supermarket|point_of_interest|store,ChIJ2WZWE-JJtUYRKL3PskNSPnE,плодоовощная база оптовая,yes
Оптовая Продуктовая База,"ул. Свободы, 1. 5, Москва, 125362",Москва,Москва,Москва,Russia,55.822679,37.448757,4.3,163,OPERATIONAL,establishment|food|grocery_or_supermarket|point_of_interest|store,ChIJz9BmbHVItUYR8t2IT91KKVk,оптовый продовольственный рынок,yes
Оптово розничный рынок,"ул. Адмирала Корнилова, Москва, 119620",Москва,Москва,Москва,Russia,55.62399809999999,37.4409174,4.4,201,OPERATIONAL,establishment|point_of_interest|shopping_mall,ChIJqxZOtfJStUYRN5LFtyDzrZI,оптовый продовольственный рынок,yes
Пищевой Комбинат Подольский,"ул. Щапово, 23, Щапово, Москва, 142144",Москва,Подольск,Московская область,Russia,55.4174957,37.4131889,5,2,OPERATIONAL,establishment|food|point_of_interest,ChIJVVVVBXFWNUERtvfmlnh0dL0,оптовая база продуктов питания,check
"ПОСТАВЩИК № 1, оптово-розничная компания","Дорожная ул., 48Б, Москва, 117405",Москва,Москва,Москва,Russia,55.58561599999999,37.6103661,4.5,17,OPERATIONAL,establishment|food|point_of_interest|store,ChIJk_Qi6RCzSkERJla7WrJIokc,оптовая база продуктов питания,yes
Преображенский рынок,"ул. Преображенский Вал, 17, Москва, 107061",Москва,Москва,Москва,Russia,55.7932395,37.7191734,4.5,9837,OPERATIONAL,establishment|point_of_interest,ChIJYRCTQw41tUYRsSMIRHzokpk,оптовый продовольственный рынок,yes
Продовольственный Рынок,"Анадырский пр-д, 8к1, Москва, 129327",Москва,Москва,Москва,Russia,55.863609,37.682772,4.1,914,OPERATIONAL,establishment|food|grocery_or_supermarket|point_of_interest|store,ChIJHQR8PrA2tUYRaTpB8NwtSCM,сельскохозяйственный рынок,yes
Продсклад Победа,"Москва село Ознобишино, Москва, 108825",Москва,Подольск,Московская область,Russia,55.3944207,37.4318249,4.5,852,OPERATIONAL,establishment|food|grocery_or_supermarket|point_of_interest|store,ChIJr3zx1OZXNUERBtDb14pN6RQ,оптовый продовольственный рынок,check
Продуктовая база №1,"Коровинское ш., 35 строение 4, Москва, 125412",Москва,Москва,Москва,Russia,55.882358,37.5087731,,,OPERATIONAL,establishment|point_of_interest,ChIJGSuHW6o5tUYRzGuQaLeMSYU,плодоовощная база оптовая,yes
Продуктовая база SHOPPRODUKT офис,"Кронштадтский б-р, 7а, Москва, 125212",Москва,Москва,Москва,Russia,55.8423665,37.4860817,5,2,OPERATIONAL,establishment|food|point_of_interest,ChIJV1N_vf03tUYRDxgR268QZWM,плодоовощная база оптовая,yes
Продуктовый рынок,"Снайперская ул., 9Б, Москва, 111395",Москва,Москва,Москва,Russia,55.721284,37.815046,4.2,657,OPERATIONAL,establishment|food|grocery_or_supermarket|point_of_interest|store,ChIJfdVbaoi1SkERENmlR8IxoI8,оптовый продовольственный рынок,yes
Продуктовый склад 24,"Коровинское ш., д. 35 стр 4, Москва, 125412",Москва,Москва,Москва,Russia,55.8644931,37.54444429999999,5,1,OPERATIONAL,establishment|food|point_of_interest,ChIJjSEe_9M3tUYRzYM9h0k1VII,оптовая база продуктов питания,check
Продукты питания оптом - Добрый Кит,"Шоссейная ул., 1 корпус 1, Москва, 109388",Москва,Москва,Москва,Russia,55.704427,37.72507299999999,,,OPERATIONAL,establishment|food|point_of_interest,ChIJI21Clfm0SkERoDIq_HMWCTo,оптовая база продуктов питания,yes
Рогожские Торговые Ряды,"Рогожский Вал ул., 5, стр. 1, Москва, 109544",Москва,Москва,Москва,Russia,55.7442751,37.6791294,4.2,691,OPERATIONAL,establishment|food|grocery_or_supermarket|liquor_store|meal_delivery|point_of_interest|restaurant|store,ChIJ6RnFlMBKtUYRL9IZmrtbhd8,оптовый продовольственный рынок,check
Рогожский Рынок,"Рогожский Вал ул., д. 5, стр.1, Москва, 109544",Москва,Москва,Москва,Russia,55.74435399999999,37.679241,4.4,778,OPERATIONAL,establishment|food|grocery_or_supermarket|point_of_interest|store,ChIJB1YklcBKtUYRz9T-sO-d5k8,оптовый продовольственный рынок,yes
РосФрукт - овощи оптом,"ул. Шаболовка, 10, Москва, 119049",Москва,Подольск,Московская область,Russia,55.7233215,37.6102786,1,1,OPERATIONAL,establishment|food|point_of_interest,ChIJKSX8toVLtUYRpIVomQ1lSQA,плодоовощная база оптовая,yes
Рынок,"с, Монтажная ул., 9 строение 1, Москва, 107143",Москва,Балашиха,Московская область,Russia,55.8143366,37.7725618,4.2,428,OPERATIONAL,establishment|food|grocery_or_supermarket|point_of_interest|store,ChIJFRyPnOw0tUYR4r7OHmjwx2c,оптовый продовольственный рынок,yes
Рынок азиатских продуктов,"Тихорецкий б-р, 1, Москва, 109559",Москва,Москва,Москва,Russia,55.6763038,37.7775115,4.3,217,OPERATIONAL,establishment|point_of_interest,ChIJeb9h3DG0SkERiZCBBQVEy58,оптовый продовольственный рынок,yes
Сельскохозяйственный рынок,"Каширское ш., 25Б, Москва, 115230",Москва,Москва,Москва,Russia,55.65617100000001,37.647899,4,156,OPERATIONAL,establishment|point_of_interest,ChIJTXjJjWyzSkERav72XcWx4ck,сельскохозяйственный рынок,yes
Сельскохозяйственный Рынок,"Кировоградская ул., 15А, Москва, 117519",Москва,Москва,Москва,Russia,55.61006,37.6035133,4,2169,OPERATIONAL,establishment|point_of_interest,ChIJ1b2wGGKySkER8zjNpbIrHvc,сельскохозяйственный рынок,yes
Сельскохозяйственный рынок.,"Люблинская ул., 10 строение 4, Москва, 109390",Москва,Москва,Москва,Russia,55.7012739,37.7318586,4.2,448,OPERATIONAL,establishment|food|grocery_or_supermarket|point_of_interest|store,ChIJ85Z2d-61SkERhgBkOdDly8A,сельскохозяйственный рынок,yes
Синьор Помидор,"Парковая ул., 48, Подольск, Москва, 142117",Москва,Подольск,Московская область,Russia,55.4248658,37.5179808,,,OPERATIONAL,establishment|food|grocery_or_supermarket|point_of_interest|store,ChIJG_QJTYSpSkERJUPBla5vbpo,оптовый продовольственный рынок,check
ТК Бутырский рынок,"1-я Квесисская ул., 18, Москва, 127220",Москва,Москва,Москва,Russia,55.7938889,37.5786111,4.1,3087,OPERATIONAL,establishment|food|grocery_or_supermarket|point_of_interest|store,ChIJvfmhhfBJtUYRaxdNkA7hR6Q,сельскохозяйственный рынок,yes
ТРИУМФУД ОПТОВАЯ БАЗА ПРОДУКТОВ,"Дмитровское ш., 60, Москва, 127474",Москва,Москва,Москва,Russia,55.85296529999999,37.5673766,5,1,OPERATIONAL,establishment|point_of_interest,ChIJudymla83tUYRqLNUTtOGrG4,оптовая база продуктов питания,yes
"Федеральная оптовая компания ""Отличные цены""","Рябиновая ул., 55, стр 2, Москва, 121471",Москва,Москва,Москва,Russia,55.69116349999999,37.4290994,3,2,OPERATIONAL,establishment|point_of_interest,ChIJ1SqAHNhNtUYRcIuEQIt24eU,оптовая база продуктов питания,yes
"Фермерский рынок ""Ветерок""","ул. Лётчика Бабушкина, 30 строение 1, Москва, 129344",Москва,Москва,Москва,Russia,55.870327,37.6762924,3.9,1469,OPERATIONAL,establishment|point_of_interest,ChIJW1OOe7Y2tUYRIto3pA2_t9w,сельскохозяйственный рынок,yes
Фермерский рынок Ветерок,"Коптевская ул., 24, Москва, 125239",Москва,Москва,Москва,Russia,55.83358,37.5218887,4.2,680,OPERATIONAL,establishment|point_of_interest,ChIJk2nlN9k3tUYRJXA7S-KWi88,сельскохозяйственный рынок,yes
Фермерский рынок Вешняковский,"ул. Вешняковская, 18Б, Москва, 111538",Москва,Москва,Москва,Russia,55.72275920000001,37.8243522,4.2,2525,OPERATIONAL,establishment|food|grocery_or_supermarket|point_of_interest|restaurant|store,ChIJ_1SfWXbKSkERjSmINfPjzmQ,оптовый продовольственный рынок,yes
Фуд Сити,"Калужское ш., 10, Мамыри, Москва, 129090",Москва,Москва,Москва,Russia,55.600927,37.4706743,4.2,2990,OPERATIONAL,establishment|food|grocery_or_supermarket|point_of_interest|store,ChIJr1KsYXpKtUYR9K8RM9BLwMM,оптовый продовольственный рынок,check
Экомаркет,"ул. Профсоюзная, 126 корпус 3, Москва, 117321",Москва,Москва,Москва,Russia,55.63024859999999,37.5167037,4.4,1042,OPERATIONAL,establishment|food|grocery_or_supermarket|point_of_interest|restaurant|store,ChIJA0EcQFFNtUYR9qUy02VpAAU,сельскохозяйственный рынок,check
"Оптовая База Овощей(картофель,морковь,капуста)","Московская обл., 140250",Московская обл.,Москва,Москва,Russia,55.4672784,38.3850905,4.8,26,OPERATIONAL,establishment|food|point_of_interest,ChIJU_yi7AaTSkERpUzauPLHSsc,плодоовощная база оптовая,yes
GFC Russia - продукты для Horeca,"ул. Домостроительная, 6, Мурманск, Мурманская обл., 183034",Мурманск,Мурманск,Мурманская область,Russia,68.9983195,33.119922,,,OPERATIONAL,establishment|food|point_of_interest,ChIJXcB8vXoRNEQR7HU5dGpELaM,оптовая база продуктов питания,check
АО Норд Вест Ф.К.,"Рогозерская ул., 15, Мурманск, Мурманская обл., 183039",Мурманск,Мурманск,Мурманская область,Russia,68.9586526,33.1083478,4.6,18,OPERATIONAL,establishment|food|point_of_interest,ChIJA8O83eYPNEQRKYzZc6au23s,оптовая база продуктов питания,check
Апатитская Буренка,"ул. Домостроительная, 6, Мурманск, Мурманская обл., 183034",Мурманск,Мурманск,Мурманская область,Russia,68.9983195,33.1199221,3,4,OPERATIONAL,establishment|food|point_of_interest|storage,ChIJbVLJj00QNEQRLxJ45zMSUME,оптовая база продуктов питания,check
Боско-морепродукт,"причал 28 (проходная 8), Мурманск, Рыбный порт, Мурманская обл., 183001, Мурманск, Мурманская обл., 183038",Мурманск,Мурманск,Мурманская область,Russia,68.9699479,33.075395,1.9,13,OPERATIONAL,establishment|food|point_of_interest,ChIJmUhf8ikQNEQR1mLFVO2Jz8Y,оптовая база продуктов питания,check
Вандер Плюс,"дом склад 23, Хибинский пер., 12, Мурманск, Мурманская обл., 183010",Мурманск,Мурманск,Мурманская область,Russia,68.9551982,33.0530481,,,OPERATIONAL,establishment|food|point_of_interest,ChIJ_3oMAVFShUQR8Phmg8WaFa8,плодоовощная база оптовая,check
Вариант,"Портовый пр-д, 2, Мурманск, Мурманская обл., 183038",Мурманск,Мурманск,Мурманская область,Russia,68.9905189,33.0610604,4.3,15,OPERATIONAL,establishment|food|point_of_interest,ChIJDeKATtMRNEQRcllyy18O4wo,оптовая база продуктов питания,check
Жаднов,"Транспортная ул., 7, Мурманск, Мурманская обл., 183034",Мурманск,Мурманск,Мурманская область,Russia,69.00812549999999,33.1265704,3.6,39,OPERATIONAL,establishment|food|grocery_or_supermarket|point_of_interest|store,ChIJuUqwJ6sRNEQRaCWiIpGe3WY,оптовая база продуктов питания,check
Икрада | Рыбный Дом,"просп. Кольский, 78, Мурманск, Мурманская обл., 183008",Мурманск,Мурманск,Мурманская область,Russia,68.935093,33.1094232,4.7,491,OPERATIONAL,establishment|food|point_of_interest|store,ChIJr-6oJPMPNEQROFRG7qPnODE,сельскохозяйственный рынок,check
"Магазин ""Норд Вест""","Рогозерская ул., 17, Мурманск, Мурманская обл., 183039",Мурманск,Мурманск,Мурманская область,Russia,68.95877399999999,33.109607,4,39,OPERATIONAL,establishment|food|point_of_interest,ChIJd7sXbuAPNEQR2FeCiCj8SPo,оптовая база продуктов питания,check
Магазин «Рыбный»,"Портовый пр-д, 31, Мурманск, Мурманская обл., 183038",Мурманск,Мурманск,Мурманская область,Russia,68.9736089,33.0651854,4.6,764,OPERATIONAL,establishment|food|grocery_or_supermarket|point_of_interest|store,ChIJU5xtBBVShUQRbVqRsPfIb2Y,сельскохозяйственный рынок,check
Магазин «Рыбный»,"ул. Полярные Зори, 16а, Мурманск, Мурманская обл., 183025",Мурманск,Мурманск,Мурманская область,Russia,68.95942699999999,33.083607,5,3,OPERATIONAL,establishment|food|grocery_or_supermarket|point_of_interest|store,ChIJh1dpBQVShUQRpG1VT21wS4U,сельскохозяйственный рынок,check
Магазин «Рыбный»,"пр-т. Героев-североморцев, 23/2, Мурманск, Мурманская обл., 183031",Мурманск,Мурманск,Мурманская область,Russia,68.9934545,33.09978590000001,4,37,OPERATIONAL,establishment|food|grocery_or_supermarket|point_of_interest|store,ChIJK58eRVBShUQRC1Odh-R9CBs,сельскохозяйственный рынок,check
Магазин «Рыбный»,"пр. Ленина, 76, Мурманск, Мурманская обл., 183038",Мурманск,Мурманск,Мурманская область,Russia,68.9665898,33.0732755,4.3,75,OPERATIONAL,establishment|food|point_of_interest|store,ChIJnZqvDdYPNEQRy5wkfROC1Ic,сельскохозяйственный рынок,check
Магазин Портовый,"Мурманск, Мурманская обл., 183001",Мурманск,Мурманск,Мурманская область,Russia,68.96829269999999,33.0581493,4.4,216,OPERATIONAL,establishment|food|grocery_or_supermarket|point_of_interest|store,ChIJ9UX-MX4PNEQR_yqubsSxyN4,сельскохозяйственный рынок,check
Меркурий,"ул. Домостроительная, 6, Склад 012, Мурманск, Мурманская обл., 183034",Мурманск,Мурманск,Мурманская область,Russia,68.997923,33.121479,,,OPERATIONAL,establishment|food|point_of_interest|store,ChIJk6YeAFRShUQRAVJJ7IfCAbA,оптовая база продуктов питания,check
Мини-рынок,"ул. Старостина, 21, Мурманск, Мурманская обл., 183071",Мурманск,Мурманск,Мурманская область,Russia,68.9692733,33.1069571,4.4,52,OPERATIONAL,establishment|food|grocery_or_supermarket|point_of_interest|store,ChIJwR2SDyQQNEQRwa7gCvGU484,сельскохозяйственный рынок,yes
Мир мороженого,"ул. Домостроительная, 6, Мурманск, Мурманская обл., 183014",Мурманск,Мурманск,Мурманская область,Russia,68.99882199999999,33.11938689999999,5,1,OPERATIONAL,establishment|point_of_interest,ChIJbVLJj00QNEQRuVZ-yfn_0Q8,оптовая база продуктов питания,check
Мурман СиФуд,"ул. Карла маркса, 28, Мурманск, Мурманская обл., 183025",Мурманск,Мурманск,Мурманская область,Russia,68.97002760000001,33.0988194,3.9,14,OPERATIONAL,establishment|food|point_of_interest,ChIJA8O83eYPNEQRzVu5qWJX7No,оптовая база продуктов питания,check
Мурманск Молл,"пр. Ленина, 32, Мурманск, Мурманская обл., 183038",Мурманск,Мурманск,Мурманская область,Russia,68.9574473,33.069978,4.5,10718,OPERATIONAL,establishment|food|point_of_interest|restaurant|shopping_mall,ChIJRYnlq9oPNEQRoTpNgjJRNis,сельскохозяйственный рынок,check
"Мурманск Молл, Окей","пр. Ленина, 34, Мурманск, Мурманская обл., 183038",Мурманск,Мурманск,Мурманская область,Russia,68.956696,33.0680091,4.5,2750,OPERATIONAL,establishment|food|grocery_or_supermarket|point_of_interest|shopping_mall|store,ChIJC4NIHNAPNEQR2KSCXdsvD2w,сельскохозяйственный рынок,check
Овощи-Фрукты,"ул. Домостроительная, 19к1, Мурманск, Мурманская обл., 183034",Мурманск,Мурманск,Мурманская область,Russia,68.992418,33.12753,,,OPERATIONAL,establishment|food|point_of_interest|store,ChIJc50JFFBShUQR4tQ0WZyFvmA,плодоовощная база оптовая,check
Овощи-фрукты оптом,"ул. Домостроительная, 12Б, Мурманск, Мурманская обл., 183034",Мурманск,Мурманск,Мурманская область,Russia,68.99495999999999,33.1258349,,,OPERATIONAL,establishment|food|point_of_interest|store,ChIJTdvyYU4QNEQRLx1fDrcHEEY,плодоовощная база оптовая,yes
Овощной Склад,"ул. Домостроительная, 13, Мурманск, Мурманская обл., 183034",Мурманск,Мурманск,Мурманская область,Russia,68.9938201,33.1242515,5,1,OPERATIONAL,establishment|point_of_interest,ChIJrUvxlE4QNEQRfVOdDUNmsm4,оптовый продовольственный рынок,check
"ООО ""Рута""","ул. Домостроительная, 19, Мурманск, Мурманская обл., 183034",Мурманск,Мурманск,Мурманская область,Russia,68.992826,33.126784,4.5,8,OPERATIONAL,establishment|food|pet_store|point_of_interest|store,ChIJyzKpalBShUQRdjMW4Js6YzU,оптовая база продуктов питания,check
ООО «Катран Трейд»,"пр-т. Героев-североморцев, 91, Мурманск, Мурманская обл., 183000",Мурманск,Мурманск,Мурманская область,Russia,69.01472799999999,33.110192,4.3,125,OPERATIONAL,establishment|food|grocery_or_supermarket|point_of_interest|restaurant|store,ChIJA8O83eYPNEQR7PnwZk7UP6U,оптовый продовольственный рынок,check
ООО Стрелец,"ул. Ивченко, 12, Мурманск, Мурманская обл., 183034",Мурманск,Мурманск,Мурманская область,Russia,69.0115094,33.1152981,3.7,3,OPERATIONAL,establishment|food|point_of_interest,ChIJJzQgo6kRNEQRB2lA2m8E2yg,плодоовощная база оптовая,check
Оптовый рынок,"ул. Свердлова, 15, Мурманск, Мурманская обл., 183031",Мурманск,Мурманск,Мурманская область,Russia,68.9933241,33.1183954,4.5,6,OPERATIONAL,establishment|point_of_interest,ChIJYZepAUwQNEQRfrohqjIZTU8,оптовый продовольственный рынок,yes
Первомайский Рынок,"ул. Щербакова, 11, Мурманск, Мурманская обл., 183052",Мурманск,Мурманск,Мурманская область,Russia,68.90836999999999,33.0848109,3.9,575,OPERATIONAL,establishment|point_of_interest,ChIJTdhQhoAFNEQRzHVhe6MPRx8,оптовый продовольственный рынок,yes
Продуктовая База,"ул. Домостроительная, 11, скл. 23, Мурманск, Мурманская обл., 183034",Мурманск,Мурманск,Мурманская область,Russia,68.9937748,33.127683,5,1,OPERATIONAL,establishment|point_of_interest,ChIJA8O83eYPNEQRhAP6hF_I0d8,плодоовощная база оптовая,yes
Рыбная Лавка,"Хибинский пер., 5 корпус 1, Мурманск, Мурманская обл., 183010",Мурманск,Мурманск,Мурманская область,Russia,68.9566005,33.0579802,4.8,6,OPERATIONAL,establishment|food|point_of_interest|store,ChIJx_jidM8PNEQRqUYCagro4Eo,сельскохозяйственный рынок,check
Рыбный,"пр-т. Героев-североморцев, 50, Мурманск, Мурманская обл., 183040",Мурманск,Мурманск,Мурманская область,Russia,69.00474799999999,33.0961039,4,6,OPERATIONAL,establishment|food|point_of_interest,ChIJhVM8UVVShUQROUgt_rJ_8qI,сельскохозяйственный рынок,check
Рыбный,"ул. Александра невского, 95, Мурманск, Мурманская обл., 183035",Мурманск,Мурманск,Мурманская область,Russia,69.0070214,33.0952396,4.1,73,OPERATIONAL,establishment|food|point_of_interest|store,ChIJ_UuoFQBThUQRi3nsVUCrOSQ,сельскохозяйственный рынок,check
Рыбный магазин,"ул. Володарского, 2А, Мурманск, Мурманская обл., 183038",Мурманск,Мурманск,Мурманская область,Russia,68.9782087,33.0798598,3.7,6,OPERATIONAL,establishment|food|point_of_interest|store,ChIJ-WcOB9gRNEQRRV-VODHewGs,сельскохозяйственный рынок,check
СВЕЖАЯ РЫБА,"ул. Радищева, д. 19, Мурманск, Мурманская обл., 183032",Мурманск,Мурманск,Мурманская область,Russia,68.9555443,33.1059125,3.3,4,OPERATIONAL,establishment|food|point_of_interest|store,ChIJ99uDx-APNEQR-OtywC5ijOM,сельскохозяйственный рынок,check
Северная рыба,"ул. Домостроительная, 19/1, Мурманск, Мурманская обл., 183034",Мурманск,Мурманск,Мурманская область,Russia,68.99302980000002,33.1257638,5,2,OPERATIONAL,establishment|food|point_of_interest,ChIJKeynQVBShUQRw2oAfWASLlM,оптовая база продуктов питания,check
"Северный Купец, ООО","Мурманск, Мурманская обл., 183001",Мурманск,Мурманск,Мурманская область,Russia,68.94724120000001,33.0319338,4.8,5,OPERATIONAL,establishment|food|point_of_interest,ChIJnf7iY9cPNEQRNOV7nu61S-M,оптовая база продуктов питания,check
Центральный,"ул. Карла маркса, 29, Мурманск, Мурманская обл., 183025",Мурманск,Мурманск,Мурманская область,Russia,68.9679427,33.0968996,3.9,393,OPERATIONAL,establishment|point_of_interest|shopping_mall,ChIJA8O83eYPNEQRX2A1PXheKPc,сельскохозяйственный рынок,check
Юзин,"ул. Домостроительная, 6, Мурманск, Мурманская обл., 183034",Мурманск,Мурманск,Мурманская область,Russia,68.99831139999999,33.1216941,4.3,3,OPERATIONAL,establishment|food|point_of_interest|store,ChIJzyQ9AFRShUQRZneZXgyfaxs,оптовая база продуктов питания,check
Оптовый Рынок,"Мытищи, Московская обл., 127224",Мытищи,Москва,Москва,Russia,55.8961257,37.6821174,4.5,688,OPERATIONAL,establishment|point_of_interest,ChIJkb-1EiMxtUYRuwZ9drWnaPE,оптовый продовольственный рынок,yes
Продукты питания ОПТОМ,"Ярмарочная ул., с14, 1 Агар 6-4, 6-5, Мытищи, Московская обл., 141014",Мытищи,Москва,Москва,Russia,55.8962203,37.6805004,4.6,5,OPERATIONAL,establishment|point_of_interest|storage,ChIJY7H9NBpKtUYRm8FfTWenB1U,оптовая база продуктов питания,yes
Alardi Nyttig,"Трубный пр-д, 38/17, Набережные Челны, Респ. Татарстан, 423806",Набережные Челны,Набережные Челны,Республика Татарстан,Russia,55.7181349,52.4135224,,,OPERATIONAL,establishment|point_of_interest,ChIJ27M-zHkf4EMRkSSK9K-ONx0,оптовая база продуктов питания,check
Ffruit,"423832, помещение 1038.1, ул. Раскольникова, д. 81, Набережные Челны, Респ. Татарстан, 423832",Набережные Челны,Набережные Челны,Республика Татарстан,Russia,55.7451229,52.3757378,,,OPERATIONAL,establishment|point_of_interest,ChIJKcRjMKof4EMR-2ePSpXRxqU,плодоовощная база оптовая,check
Автозаводский,"пр-т. Московский, 136, Набережные Челны, Респ. Татарстан, 423815",Набережные Челны,Набережные Челны,Республика Татарстан,Russia,55.7443392,52.4347475,4.4,1219,OPERATIONAL,establishment|point_of_interest,ChIJtauKw8Qe4EMR6G0kJrXavCw,оптовый продовольственный рынок,check
Алан,"проспект Чулман, 99/1, Набережные Челны, Респ. Татарстан, 423826",Набережные Челны,Набережные Челны,Республика Татарстан,Russia,55.7656176,52.412405,4.3,1484,OPERATIONAL,establishment|point_of_interest,ChIJs8pSv0ZFX0ER94Wo8VuDrhQ,оптовый продовольственный рынок,check
АО Челны-Хлеб,"Хлебный пр., 39, Набережные Челны, Респ. Татарстан, 423800",Набережные Челны,Набережные Челны,Республика Татарстан,Russia,55.71428599999999,52.41857599999999,4.3,35,OPERATIONAL,establishment|food|point_of_interest,ChIJJ56sjHwe4EMRhRrOM9CX8dE,оптовая база продуктов питания,check
"Ассорти, оптово-розничный рынок","Альметьевский тракт, 30, Набережные Челны, Респ. Татарстан, 423800",Набережные Челны,Набережные Челны,Республика Татарстан,Russia,55.65619230000001,52.2649546,4.5,238,OPERATIONAL,establishment|point_of_interest,ChIJXQtfHPse4EMRGw6daoARvCA,оптовый продовольственный рынок,yes
Берлога,"пр-т. P. Беляева, 12, Набережные Челны, Респ. Татарстан, 423809",Набережные Челны,Набережные Челны,Республика Татарстан,Russia,55.7339387,52.4045883,4,446,OPERATIONAL,cafe|establishment|food|point_of_interest|shopping_mall,ChIJN8-rIfge4EMRqZV4K2fhJHE,оптовый продовольственный рынок,check
ГлобАл,"пр. Мира, 83, Набережные Челны, Респ. Татарстан, 423821",Набережные Челны,Набережные Челны,Республика Татарстан,Russia,55.7532605,52.4240477,5,1,OPERATIONAL,establishment|food|point_of_interest,ChIJlfD3Ud4e4EMRP0o0US8RKjc,оптовая база продуктов питания,check
ГМ Маяк,"Хлебный пр., 36, Набережные Челны, Респ. Татарстан, 423800",Набережные Челны,Набережные Челны,Республика Татарстан,Russia,55.7138548,52.4149368,4.4,80,OPERATIONAL,establishment|point_of_interest,ChIJHb7Fb1kf4EMR-TreSfhlLMU,оптовый продовольственный рынок,check
Грядка,"Цветочный б-р, 10, Набережные Челны, Респ. Татарстан, 423800",Набережные Челны,Набережные Челны,Республика Татарстан,Russia,55.75298739999999,52.417312,3.6,5,OPERATIONAL,establishment|food|point_of_interest,ChIJAQBAE-Ae4EMREj2hxBIoAN8,оптовая база продуктов питания,check
ЕДА БЕЗ ВРЕДА,"пр. Сююмбике, дом 65/35, Набережные Челны, Респ. Татарстан, 423816",Набережные Челны,Набережные Челны,Республика Татарстан,Russia,55.753888,52.4080551,,,OPERATIONAL,establishment|food|point_of_interest,ChIJSc0PZx4f4EMRXxW7SejindQ,оптовая база продуктов питания,check
Закамье,"ул. Шамиля Усманова, 17Б, Набережные Челны, Респ. Татарстан, 423822",Набережные Челны,Набережные Челны,Республика Татарстан,Russia,55.7286928,52.3790916,4.4,13,OPERATIONAL,establishment|food|grocery_or_supermarket|point_of_interest|store,ChIJVXFu7U8e4EMR-J3PMHZDEnE,сельскохозяйственный рынок,check
Заречье,"Альметьевский тракт, 28 ст1, Набережные Челны, Респ. Татарстан, 423800",Набережные Челны,Набережные Челны,Республика Татарстан,Russia,55.6622491,52.2665489,4.9,8,OPERATIONAL,establishment|point_of_interest,ChIJI5RwYDv0X0ERG_YZbShuHHY,оптовая база продуктов питания,check
Йола-маркет,"пр. Сююмбике, 58а, Набережные Челны, Респ. Татарстан, 423821",Набережные Челны,Набережные Челны,Республика Татарстан,Russia,55.7584958,52.4217752,4.5,32,OPERATIONAL,establishment|food|grocery_or_supermarket|point_of_interest|store,ChIJS1schEUf4EMRaDLuMrn4oqc,сельскохозяйственный рынок,check
Йола-маркет,"пр. Хасана Туфана, 26, Набережные Челны, Респ. Татарстан, 423831",Набережные Челны,Набережные Челны,Республика Татарстан,Russia,55.744812,52.3928794,4.9,14,OPERATIONAL,establishment|food|grocery_or_supermarket|point_of_interest|store,ChIJ2QetFasf4EMRYNGG7s1vFY4,сельскохозяйственный рынок,check
Йола-маркет,"пр. Хасана Туфана, 5Е, Набережные Челны, Респ. Татарстан, 423819",Набережные Челны,Набережные Челны,Республика Татарстан,Russia,55.7388852,52.41515829999999,,,OPERATIONAL,establishment|food|grocery_or_supermarket|point_of_interest|store,ChIJ9dhpEU4f4EMRGPa2XqsGg3o,сельскохозяйственный рынок,check
КАМАГРО ПЛЮС - Продажа КРС живым весом оптом по РФ и СНГ.,"пр-т. Московский, 118, Набережные Челны, Респ. Татарстан, 423810",Набережные Челны,Набережные Челны,Республика Татарстан,Russia,55.7399745,52.4268511,5,1,OPERATIONAL,establishment|food|point_of_interest|veterinary_care,ChIJJYVlo-Ue4EMRN481xY8dLf8,оптовая база продуктов питания,yes
Караван,"ул. 40 лет Победы, 94, Набережные Челны, Респ. Татарстан, 423815",Набережные Челны,Набережные Челны,Республика Татарстан,Russia,55.7440965,52.44610669999999,3.8,374,OPERATIONAL,establishment|food|grocery_or_supermarket|point_of_interest|store,ChIJuc3P7cUe4EMR7YKhZQB3izA,оптовый продовольственный рынок,check
КОЛОС,"ул. Магистральная, 3Б, Набережные Челны, Респ. Татарстан, 423820",Набережные Челны,Набережные Челны,Республика Татарстан,Russia,55.655142,52.269054,4.6,37,OPERATIONAL,establishment|food|point_of_interest,ChIJSW7W2eP1X0ERE-zr_M4mqd4,оптовая база продуктов питания,check
Комсомольский,"ул. Гагарина, 38А, Набережные Челны, Респ. Татарстан, 423802",Набережные Челны,Набережные Челны,Республика Татарстан,Russia,55.6958935,52.3061442,4,520,OPERATIONAL,establishment|point_of_interest|shopping_mall,ChIJrZ1VGZb1X0ER8rqKwOxNL6g,оптовый продовольственный рынок,check
Купить специи Жар Востока,"База Закамье, 5 павильон, 17 место ""Жар Востока"", Набережные Челны, Респ. Татарстан, 423800",Набережные Челны,Набережные Челны,Республика Татарстан,Russia,55.66012,52.269681,4,1,OPERATIONAL,establishment|point_of_interest,ChIJRRmUjO0e4EMRRdnw_thaLqo,оптовая база продуктов питания,check
Магазин Мясной Продукции,"Производственный пр-д, 32Б, Набережные Челны, Респ. Татарстан, 423812",Набережные Челны,Набережные Челны,Республика Татарстан,Russia,55.7088348,52.4312133,4.2,17,OPERATIONAL,establishment|food|grocery_or_supermarket|point_of_interest|store,ChIJ_64Qbn8e4EMR6QKBrvKTqNg,оптовый продовольственный рынок,check
Овощи от производителя,"Южный агропромышленный парк, ул. Ахметшина, 115с1, отдел 18, Набережные Челны, Респ. Татарстан, 423800",Набережные Челны,Набережные Челны,Республика Татарстан,Russia,55.7215497,52.40647509999999,,,OPERATIONAL,establishment|food|grocery_or_supermarket|point_of_interest|store,ChIJl0lrLGce4EMRTFL2H0f7rMc,сельскохозяйственный рынок,check
ОПТОВО-РОЗНИЧНАЯ КОМПАНИЯ,"ул. Магистральная, 57-Б, Набережные Челны, Респ. Татарстан, 423800",Набережные Челны,Набережные Челны,Республика Татарстан,Russia,55.6628619,52.2742875,,,OPERATIONAL,establishment|food|point_of_interest|store,ChIJs9bk6iT0X0ERHBcCzafhXgM,плодоовощная база оптовая,yes
Оптово-розничная фирма,"Казанский пр., 198, Набережные Челны, Респ. Татарстан, 423800",Набережные Челны,Набережные Челны,Республика Татарстан,Russia,55.68147200000001,52.34703099999999,,,OPERATIONAL,establishment|food|point_of_interest,ChIJK2iZd8f1X0ER6f2A4sMcME8,оптовая база продуктов питания,yes
Оптовый склад кондитерских изделий,"Южный агропромышленный парк, ул. Ахметшина, 115с1, отдел 31, Набережные Челны, Респ. Татарстан, 423812",Набережные Челны,Набережные Челны,Республика Татарстан,Russia,55.7214931,52.4065707,4.8,26,OPERATIONAL,establishment|food|point_of_interest|storage|store,ChIJ91XtKmce4EMRDKNuBZ29zKE,оптовая база продуктов питания,yes
"Партнер-Инвест, ООО","Производственный пр-д, 38, Набережные Челны, Респ. Татарстан, 423815",Набережные Челны,Набережные Челны,Республика Татарстан,Russia,55.7135712,52.4373151,5,1,OPERATIONAL,establishment|food|point_of_interest,ChIJ8f8Or4Ee4EMRU4RkmpCRDcA,оптовая база продуктов питания,check
Продовольственный Рынок,"Набережные Челны, Респ. Татарстан, 423815",Набережные Челны,Набережные Челны,Республика Татарстан,Russia,55.743999,52.4457114,4.2,69,OPERATIONAL,establishment|food|grocery_or_supermarket|point_of_interest|store|supermarket,ChIJdVmIRcEe4EMRiG1tnFU-ek8,оптовый продовольственный рынок,yes
Розэрика,"Комсомольская Hабережная ул., 34А, Набережные Челны, Респ. Татарстан, 423802",Набережные Челны,Набережные Челны,Республика Татарстан,Russia,55.694221,52.29457559999999,4.8,36,OPERATIONAL,establishment|florist|point_of_interest|store,ChIJESksdrv1X0ERQ5SYStbTTT0,плодоовощная база оптовая,check
РУСКУС,"Машиностроительная ул., 6, Набережные Челны, Респ. Татарстан, 423814",Набережные Челны,Набережные Челны,Республика Татарстан,Russia,55.71350469999999,52.3994903,2.8,38,OPERATIONAL,establishment|florist|point_of_interest|store,ChIJd0RjZV8f4EMRp-YqnPU_Ta4,плодоовощная база оптовая,check
Рыба,"Оптовый склад ""Закамье, ул. Магистральная, 71, Склад 110А, Набережные Челны, Респ. Татарстан, 423800",Набережные Челны,Набережные Челны,Республика Татарстан,Russia,55.66351479999999,52.2708071,5,1,OPERATIONAL,establishment|food|point_of_interest,ChIJl87PUDv0X0ER-Y9ErzYcBj0,оптовая база продуктов питания,check
Рынок Шелковый Путь,"Мензелинский тракт, 35, Набережные Челны, Респ. Татарстан, 423800",Набережные Челны,Набережные Челны,Республика Татарстан,Russia,55.7005822,52.4026407,3.7,513,OPERATIONAL,establishment|point_of_interest|store,ChIJJxitJHUe4EMRdNu9lJi9nbo,оптовый продовольственный рынок,yes
"Сафар, Рынок","просп. Мусы Джалиля, 47-Б, Набережные Челны, Респ. Татарстан, 423802",Набережные Челны,Набережные Челны,Республика Татарстан,Russia,55.694353,52.30922229999999,3.9,338,OPERATIONAL,establishment|point_of_interest,ChIJXaQEhpX1X0ERPJuxE3iwKkQ,оптовый продовольственный рынок,yes
Сельхозтехника - АгроТрак,"Мензелинский тракт, 9, Набережные Челны, Респ. Татарстан, 423800",Набережные Челны,Набережные Челны,Республика Татарстан,Russia,55.7051246,52.395062,,,OPERATIONAL,car_repair|establishment|food|point_of_interest|store,ChIJifVELXof4EMR5WkuxgdtLHs,сельскохозяйственный рынок,yes
Семья,"ул. Татарстан, 15, Набережные Челны, Респ. Татарстан, 423821",Набережные Челны,Набережные Челны,Республика Татарстан,Russia,55.7641625,52.4329669,4.3,575,OPERATIONAL,establishment|point_of_interest|shopping_mall,ChIJoRWP1C4f4EMRRUCLvDmr4OM,сельскохозяйственный рынок,check
Снэк Мастер,"ул. Магистральная, 67, Набережные Челны, Респ. Татарстан, 423820",Набережные Челны,Набережные Челны,Республика Татарстан,Russia,55.66281910000001,52.270796,1,2,OPERATIONAL,establishment|point_of_interest,ChIJNws9VyP0X0ER3-NNBSRIHVo,оптовая база продуктов питания,check
Тулпар,"пр-т. Московский, 128А, Набережные Челны, Респ. Татарстан, 423815",Набережные Челны,Набережные Челны,Республика Татарстан,Russia,55.7435129,52.43239819999999,4.3,3187,OPERATIONAL,establishment|point_of_interest|shopping_mall,ChIJ_-7yOLNSWUERJ0HdkACSxaQ,сельскохозяйственный рынок,check
ТЦ На Пушкинской,"пр. Сююмбике, 51, Набережные Челны, Респ. Татарстан, 423800",Набережные Челны,Набережные Челны,Республика Татарстан,Russia,55.7489572,52.4008174,4.1,1164,OPERATIONAL,establishment|point_of_interest|shopping_mall,ChIJ3yb5Ux0f4EMRO7RXp3gD5Ew,сельскохозяйственный рынок,check
Цветы Оптом,"пр. Сююмбике, 59а, Набережные Челны, Респ. Татарстан, 423823",Набережные Челны,Набережные Челны,Республика Татарстан,Russia,55.7507558,52.40402599999999,5,2,OPERATIONAL,establishment|point_of_interest,ChIJtwULnR0f4EMRrW6D1Zo9N_U,плодоовощная база оптовая,yes
Цветы оптом ФЛОРЕНТИНА,"ул. Ахметшина, 134, Набережные Челны, Респ. Татарстан, 423812",Набережные Челны,Набережные Челны,Республика Татарстан,Russia,55.723175,52.4137687,4.8,26,OPERATIONAL,establishment|florist|point_of_interest|store,ChIJ_Vja6OMf4EMRiK5QxzOFauc,плодоовощная база оптовая,yes
Центр ОптТорг-Челны,"Альметьевский тракт, 22, Набережные Челны, Респ. Татарстан, 423820",Набережные Челны,Набережные Челны,Республика Татарстан,Russia,55.6605869,52.2635724,,,OPERATIONAL,establishment|point_of_interest,ChIJh9s-jyT0X0ER3jxczPm3AMg,оптовый продовольственный рынок,yes
Челны-Бройлер,"Стройбаза, 8/3, Набережные Челны, Респ. Татарстан, 423814",Набережные Челны,Набережные Челны,Республика Татарстан,Russia,55.6678991,52.43483459999999,4.4,292,OPERATIONAL,establishment|food|grocery_or_supermarket|point_of_interest|store,ChIJG6uP65od4EMR2qaxdk8pzEY,оптовый продовольственный рынок,check
"ЧЕЛНЫ-БРОЙЛЕР, сеть магазинов мясной и колбасной продукции","ул. Шамиля Усманова, 38-А, Набережные Челны, Респ. Татарстан, 423832",Набережные Челны,Набережные Челны,Республика Татарстан,Russia,55.7364544,52.3866227,4.3,48,OPERATIONAL,establishment|food|point_of_interest|store,ChIJE4qhg1Ye4EMRl8DlWxJzQy0,сельскохозяйственный рынок,check
ЭкоБазар,"пр-т. Московский, 136, Набережные Челны, Респ. Татарстан, 423815",Набережные Челны,Набережные Челны,Республика Татарстан,Russia,55.743473,52.4350499,4.4,735,OPERATIONAL,establishment|food|grocery_or_supermarket|point_of_interest|store|supermarket,ChIJz0jA2Oke4EMR38kEV4QsbBM,оптовый продовольственный рынок,yes
Южный,"ул. Ахметшина, 115, Набережные Челны, Респ. Татарстан, 423800",Набережные Челны,Набережные Челны,Республика Татарстан,Russia,55.72124969999999,52.4084174,4.3,1295,OPERATIONAL,establishment|point_of_interest,ChIJcwfYMWEe4EMR414Tx0qlGnA,оптовый продовольственный рынок,check
Koziy Rynok,"Нальчик, Кабардино-Балкарская Респ., 360010",Нальчик,Нальчик,Кабардино-Балкарская Республика,Russia,43.4515529,43.5889398,4.6,741,OPERATIONAL,establishment|point_of_interest,ChIJtyuJQcsFWkARw_KONe-II8I,оптовый продовольственный рынок,check
NL International,"ул. Темрюка Идарова, 81, Нальчик, Кабардино-Балкарская Респ., 360000",Нальчик,Нальчик,Кабардино-Балкарская Республика,Russia,43.4982754,43.6294958,5,1,OPERATIONAL,establishment|point_of_interest,ChIJ-Sczk44HWkARyeziO0R43VI,оптовая база продуктов питания,check
VIP caRaMel ',"Адиюх, Калинина, 130, Нальчик, Кабардино-Балкарская Респ., 360000",Нальчик,Нальчик,Кабардино-Балкарская Республика,Russia,43.4980435,43.656685,5,1,OPERATIONAL,bakery|establishment|food|point_of_interest|store,ChIJr9d1ULMHWkAR9-shOLmk9TM,оптовая база продуктов питания,check
"Балкарский Рынок ""Жюн Базар""","Нальчик, Кабардино-Балкарская Респ., 360010",Нальчик,Нальчик,Кабардино-Балкарская Республика,Russia,43.4516906,43.58878319999999,4.6,760,OPERATIONAL,establishment|point_of_interest,ChIJb6zrQcsFWkARyMY7Po9OAtg,оптовый продовольственный рынок,yes
Букля,"ул. Кабардинская, Нальчик, Кабардино-Балкарская Респ., 360051",Нальчик,Нальчик,Кабардино-Балкарская Республика,Russia,43.4805847,43.6111781,5,6,OPERATIONAL,cafe|establishment|food|point_of_interest,ChIJMQiWTZMGWkARqIyCeIwO5cM,оптовая база продуктов питания,check
Зелёный рынок,"ул. Толстого, 86, Нальчик, Кабардино-Балкарская Респ., 360022",Нальчик,Нальчик,Кабардино-Балкарская Республика,Russia,43.4876336,43.6090625,4.2,2179,OPERATIONAL,establishment|point_of_interest|shopping_mall,ChIJ60uQHsIGWkAR1J6Ke7LW2ds,оптовый продовольственный рынок,yes
Зелёный Рынок,"ул. Пачева, 52, Нальчик, Кабардино-Балкарская Респ., 360051",Нальчик,Нальчик,Кабардино-Балкарская Республика,Russia,43.4905138,43.6095512,4.6,11,OPERATIONAL,establishment|point_of_interest,ChIJPSSqcsMGWkARydklT2_fyYw,оптовый продовольственный рынок,yes
Империя Вкуса,"Нальчик, Кабардино-Балкарская Респ., 360030",Нальчик,Нальчик,Кабардино-Балкарская Республика,Russia,43.474286,43.5812217,4.6,49,OPERATIONAL,cafe|establishment|food|point_of_interest,ChIJAxCAX0wHWkARJWss_JrCHbw,оптовая база продуктов питания,check
"Магазин ""Все для ресторанов, гостиниц, медцентров, салонов красоты""","ул. Чернышевского, 210, Нальчик, Кабардино-Балкарская Респ., 360004",Нальчик,Нальчик,Кабардино-Балкарская Республика,Russia,43.4918819,43.59325,,,OPERATIONAL,establishment|food|health|home_goods_store|point_of_interest|store,ChIJAUxN_OkGWkAROc-YoZByfpE,оптовая база продуктов питания,check
Нальчикский Молочный комбинат,"ул. Кирова, 294а, Нальчик, Кабардино-Балкарская Респ., 360004",Нальчик,Нальчик,Кабардино-Балкарская Республика,Russia,43.4980327,43.6079243,3.4,33,OPERATIONAL,establishment|point_of_interest,ChIJL4mu5c8GWkARU-DAq4AMT18,оптовая база продуктов питания,check
"ООО ""ГК ""VITA PLANTA""","ул. Кирова, 294, Нальчик, Кабардино-Балкарская Респ., 360004",Нальчик,Нальчик,Кабардино-Балкарская Республика,Russia,43.4968194,43.6061692,5,1,OPERATIONAL,establishment|food|point_of_interest,ChIJVYbyYdAGWkARpbRwavSpA4g,оптовая база продуктов питания,check
"ООО ""ЗЕЛЁНАЯ КОМПАНИЯ""","8-й Промышленный пр-д, 3, Нальчик, Кабардино-Балкарская Респ., 360012",Нальчик,Нальчик,Кабардино-Балкарская Республика,Russia,43.5166002,43.6872957,4.4,17,OPERATIONAL,establishment|food|point_of_interest,ChIJh7wnL9qpUEARik9l-J3f4rQ,оптовый продовольственный рынок,check
ООО «АВГУСТ»,"Эльбрусская ул., 31, Нальчик, Кабардино-Балкарская Респ., 360016",Нальчик,Нальчик,Кабардино-Балкарская Республика,Russia,43.5049667,43.6025602,4.7,9,OPERATIONAL,establishment|food|point_of_interest,ChIJeyvKNdUGWkARBcuvENaOXN8,плодоовощная база оптовая,check
"ООО Кондитерская Фабрика ""ЖАКО""","1-й Промышленный пр-д, 14, Нальчик, Кабардино-Балкарская Респ., 360024",Нальчик,Нальчик,Кабардино-Балкарская Республика,Russia,43.514064,43.6544219,4.7,317,OPERATIONAL,establishment|food|point_of_interest|store,ChIJz50iFEMHWkARH2Gvb-CUeKY,оптовая база продуктов питания,check
Оптово-розничная база 150,"ул. Кабардинская, 150, Нальчик, Кабардино-Балкарская Респ., 360015",Нальчик,Нальчик,Кабардино-Балкарская Республика,Russia,43.4911766,43.6261922,5,2,OPERATIONAL,establishment|point_of_interest,ChIJIxZHPeEGWkARoUsM6ZxTDHo,оптовый продовольственный рынок,yes
Оптово-розничный магазин,"ш. Нарткалинское, Нальчик, Кабардино-Балкарская Респ., 360012",Нальчик,Нальчик,Кабардино-Балкарская Республика,Russia,43.5145804,43.6901999,,,OPERATIONAL,establishment|point_of_interest,ChIJE-7eLtepUEARlfPM1TcO05M,оптовый продовольственный рынок,yes
Рынок Дубки,"Нальчик, Кабардино-Балкарская Респ., 360009",Нальчик,Нальчик,Кабардино-Балкарская Республика,Russia,43.4839948,43.6521065,4.2,3090,OPERATIONAL,establishment|point_of_interest,ChIJq6qqqtoGWkAR_uUelPz7UZM,оптовый продовольственный рынок,yes
Сады Эльбруса,"ул. Пушкина, 99, Нальчик, Кабардино-Балкарская Респ., 360051",Нальчик,Нальчик,Кабардино-Балкарская Республика,Russia,43.4852,43.60989199999999,4.8,10,OPERATIONAL,establishment|food|grocery_or_supermarket|point_of_interest|store,ChIJB7_ba-oGWkARzCVT2GdVXWM,плодоовощная база оптовая,check
СадыКавказа,"ул. Кешокова, 290, Нальчик, Кабардино-Балкарская Респ., 360004",Нальчик,Нальчик,Кабардино-Балкарская Республика,Russia,43.4958333,43.5862877,,,OPERATIONAL,establishment|food|point_of_interest,ChIJAQBwJMsGWkARFVGFV_64EPM,оптовая база продуктов питания,check
Светофор,"Нальчик, Кабардино-Балкарская Респ., 360019",Нальчик,Нальчик,Кабардино-Балкарская Республика,Russia,43.4858391,43.5727919,4.2,303,OPERATIONAL,establishment|food|grocery_or_supermarket|point_of_interest|store,ChIJM-Dut2wHWkARtyF1Lw5BkvQ,оптовый продовольственный рынок,check
ТЗБ Оптово розничный склад Бытовой Химии Маг Перекресток,"ул. Кабардинская, 150, Нальчик, Кабардино-Балкарская Респ., 360015",Нальчик,Нальчик,Кабардино-Балкарская Республика,Russia,43.4911766,43.6261922,4.5,67,OPERATIONAL,establishment|home_goods_store|point_of_interest|store,ChIJc9V1PuEGWkARnDL82XMkKMk,оптовая база продуктов питания,yes
"ТЗБ, Склад-магазин ""Чистюля""","ул. Кабардинская, 150 а, Нальчик, Кабардино-Балкарская Респ., 360015",Нальчик,Нальчик,Кабардино-Балкарская Республика,Russia,43.4918074,43.6276122,4.6,99,OPERATIONAL,establishment|point_of_interest|shopping_mall,ChIJu2OpD-EGWkAR_K9-Czv_lDQ,оптовая база продуктов питания,check
Торт Мастер 07,"ул. Чернышевского, 155, Нальчик, Кабардино-Балкарская Респ., 360004",Нальчик,Нальчик,Кабардино-Балкарская Республика,Russia,43.4914151,43.5919397,4.1,87,OPERATIONAL,bakery|establishment|food|point_of_interest|store,ChIJY0RdtMkGWkAR0UoDkCndfWg,оптовая база продуктов питания,check
Халвичный Завод,"ул. Заводская, 6, Нальчик, Кабардино-Балкарская Респ., 360051",Нальчик,Нальчик,Кабардино-Балкарская Республика,Russia,43.47901390000001,43.618593,4.4,92,OPERATIONAL,establishment|point_of_interest|shopping_mall,ChIJE6LTUPIGWkARhBXEAXyIO9s,оптовый продовольственный рынок,check
Хладокомбинат,"Кузнечный пер., 5, Нальчик, Кабардино-Балкарская Респ., 360004",Нальчик,Нальчик,Кабардино-Балкарская Республика,Russia,43.4991442,43.5957079,,,OPERATIONAL,establishment|point_of_interest,ChIJ_9Ytfs0GWkARj_BFGou9mYM,плодоовощная база оптовая,check
Центральный рынок,"ул. Толстого, 86, Нальчик, Кабардино-Балкарская Респ., 360022",Нальчик,Нальчик,Кабардино-Балкарская Республика,Russia,43.4876336,43.6090625,4.3,3,OPERATIONAL,establishment|point_of_interest,ChIJaWxoTFAHWkAR95Y7Qe8WreE,оптовый продовольственный рынок,yes
ЭкоКорзина,"ул. Темрюка Идарова, 53, Нальчик, Кабардино-Балкарская Респ., 360009",Нальчик,Нальчик,Кабардино-Балкарская Республика,Russia,43.4933136,43.6367145,,,OPERATIONAL,establishment|point_of_interest,ChIJY2uskk4HWkARsnWaMSlPqcw,оптовая база продуктов питания,check
Ярмарка выходного дня,"пл. Абхазии, Нальчик, Кабардино-Балкарская Респ., 360017",Нальчик,Нальчик,Кабардино-Балкарская Республика,Russia,43.47107889999999,43.5872205,4.5,402,OPERATIONAL,establishment|food|grocery_or_supermarket|point_of_interest|store,ChIJt4MFBfgHWkARYulTUXhF9A0,оптовый продовольственный рынок,yes
"""Бутерброд"", АО ""Мясопродукты""","ул. Ленина, 27а, Нарьян-Мар, Ненецкий автономный округ, 166000",Нарьян-Мар,Нарьян-Мар,Ненецкий АО,Russia,67.6378016,52.99409499999999,4.3,180,OPERATIONAL,establishment|food|grocery_or_supermarket|point_of_interest|store,ChIJbeWknNNJb0QRaecXgBFKE1U,сельскохозяйственный рынок,check
"""Олешек"", АО ""Мясопродукты""","ул. Тыко Вылки, 2а, Нарьян-Мар, Ненецкий автономный округ, 166000",Нарьян-Мар,Нарьян-Мар,Ненецкий АО,Russia,67.6411206,53.00601,4.6,99,OPERATIONAL,establishment|food|grocery_or_supermarket|point_of_interest|store,ChIJceHjm81Jb0QRqwle14Mz28o,оптовый продовольственный рынок,check
"""Умка"", АО ""Мясопродукты""","д42 стр. 3, ул. 60 Лет Октября, Нарьян-Мар, Ненецкий автономный округ, 166001",Нарьян-Мар,Нарьян-Мар,Ненецкий АО,Russia,67.6430623,53.04413359999999,4.7,18,OPERATIONAL,establishment|food|point_of_interest|store,ChIJ04VvDUpIb0QRZOeUBJl-kwc,сельскохозяйственный рынок,check
"АО ""Мясопродукты""","Нарьян-Мар, Ненецкий автономный округ, 166002",Нарьян-Мар,Нарьян-Мар,Ненецкий АО,Russia,67.6628769,53.07092549999999,4.6,11,OPERATIONAL,establishment|point_of_interest,ChIJ4RgOXQdJb0QRtop5RGH2nyM,оптовый продовольственный рынок,check
Аргус,"ул. Сапрыгина, 10, Нарьян-Мар, Ненецкий автономный округ, 166000",Нарьян-Мар,Нарьян-Мар,Ненецкий АО,Russia,67.6458792,52.9989411,4.5,42,OPERATIONAL,establishment|food|grocery_or_supermarket|point_of_interest|store,ChIJAQAAAEtIb0QRYUBP9thFM_0,сельскохозяйственный рынок,check
Доставка продуктов Нарьян-Мар,"ул. Нефтяников, Нарьян-Мар, Ненецкий автономный округ, 166700",Нарьян-Мар,Нарьян-Мар,Ненецкий АО,Russia,67.67989750000001,53.1239818,1,1,OPERATIONAL,establishment|food|meal_delivery|point_of_interest,ChIJswvkyR9Jb0QRBbFlqRQLkrA,оптовый продовольственный рынок,check
"Магазин ""Гурман"", АО ""Мясопродукты""","ул. Ленина, 48 Б, Нарьян-Мар, Ненецкий автономный округ, 166004",Нарьян-Мар,Нарьян-Мар,Ненецкий АО,Russia,67.6357625,52.9841929,4.6,36,OPERATIONAL,establishment|food|point_of_interest|store,ChIJ_-Dc2tVJb0QRbsR10ckZGbo,сельскохозяйственный рынок,check
"Магазин ""Снежинка""","ул. Рабочая, Нарьян-Мар, Ненецкий автономный округ, 166001",Нарьян-Мар,Нарьян-Мар,Ненецкий АО,Russia,67.6413318,53.0473308,4.1,60,OPERATIONAL,establishment|food|grocery_or_supermarket|point_of_interest|store,ChIJXwalKEpIb0QR9JAeXgOsF1Q,сельскохозяйственный рынок,check
"Магазин ""Хлеб""","ул. Ленина, 44, Нарьян-Мар, Ненецкий автономный округ, 166004",Нарьян-Мар,Нарьян-Мар,Ненецкий АО,Russia,67.63683350000001,52.983735,4.4,18,OPERATIONAL,establishment|food|grocery_or_supermarket|point_of_interest|store,ChIJbfJeydVJb0QRi0swaRAeUOs,сельскохозяйственный рынок,check
"Магазин ""Юбилейный""","Нарьян-Мар, Ненецкий автономный округ, 166002",Нарьян-Мар,Нарьян-Мар,Ненецкий АО,Russia,67.6618434,53.0712249,4.4,33,OPERATIONAL,establishment|food|grocery_or_supermarket|point_of_interest|store,ChIJPQx2XgdJb0QRSdGdw9u2Hnk,оптовый продовольственный рынок,check
Магазин БЕЛЫЕ НОЧИ,"ул. Пионерская, 8, Нарьян-Мар, Ненецкий автономный округ, 166000",Нарьян-Мар,Нарьян-Мар,Ненецкий АО,Russia,67.6360474,53.0006523,4.1,102,OPERATIONAL,establishment|food|grocery_or_supermarket|point_of_interest|store,ChIJbx-dNtNJb0QRsM8RTnMhFPw,сельскохозяйственный рынок,check
Магазин Майский,"Unnamed Road, Нарьян-Мар, Ненецкий автономный округ, 166002",Нарьян-Мар,Нарьян-Мар,Ненецкий АО,Russia,67.6587833,53.06840589999999,3.5,17,OPERATIONAL,establishment|food|grocery_or_supermarket|point_of_interest|store,ChIJcaVBc6tJb0QRkA6cGW8ioRw,сельскохозяйственный рынок,check
"Магазин мясных полуфабрикатов из оленины ""ЕРВ""","Нарьян-Мар, Ненецкий автономный округ, 166004",Нарьян-Мар,Нарьян-Мар,Ненецкий АО,Russia,67.6366608,52.9853288,3.9,14,OPERATIONAL,establishment|food|grocery_or_supermarket|point_of_interest|store,ChIJjX9FStRJb0QR93IicXFAtkI,сельскохозяйственный рынок,check
Магазин постоянных распродаж Нарьян-Мар,"ул. Полярная, 33, Нарьян-Мар, Ненецкий автономный округ, 166000",Нарьян-Мар,Нарьян-Мар,Ненецкий АО,Russia,67.64498019999999,53.0111409,4.8,4,OPERATIONAL,establishment|point_of_interest|shopping_mall,ChIJr1agrP9Jb0QRST9-KYPrqbI,оптовый продовольственный рынок,check
Магазин Снежинка,"Unnamed Road, Нарьян-Мар, Ненецкий автономный округ, 166002",Нарьян-Мар,Нарьян-Мар,Ненецкий АО,Russia,67.6606218,53.0675202,3.8,25,OPERATIONAL,establishment|food|grocery_or_supermarket|point_of_interest|store,ChIJM-WAhIRJb0QRWDuXKX72jHA,сельскохозяйственный рынок,check
Магазин Хороший,"ул. Пырерка, 7, Нарьян-Мар, Ненецкий автономный округ, 166000",Нарьян-Мар,Нарьян-Мар,Ненецкий АО,Russia,67.6447939,53.0043559,4.2,121,OPERATIONAL,establishment|food|grocery_or_supermarket|point_of_interest|store,ChIJf6fgYc5Jb0QRK0IIM2rEBqs,сельскохозяйственный рынок,check
Мясной,"ул. Рабочая, 23, Нарьян-Мар, Ненецкий автономный округ, 166001",Нарьян-Мар,Нарьян-Мар,Ненецкий АО,Russia,67.63950439999999,53.0554237,4.5,2,OPERATIONAL,establishment|food|grocery_or_supermarket|point_of_interest|store,ChIJsz72Me9Jb0QR-jDM2gh3WC8,сельскохозяйственный рынок,check
Нарьян-марский Хлебозавод,"ул. Строителей, 9, Нарьян-Мар, Ненецкий автономный округ, 166002",Нарьян-Мар,Нарьян-Мар,Ненецкий АО,Russia,67.6753207,53.13065210000001,4.1,19,OPERATIONAL,bakery|establishment|food|point_of_interest|store,ChIJSVGgowVJb0QR8B9v3MlUQOg,оптовый продовольственный рынок,check
Открытое акционерное общество Мясопродукты,"ул. Юбилейная, 11, Нарьян-Мар, Ненецкий автономный округ, 166002",Нарьян-Мар,Нарьян-Мар,Ненецкий АО,Russia,67.6661292,53.1247272,5,2,OPERATIONAL,establishment|point_of_interest,ChIJ94U1uuFIb0QR88WyOAugZT0,оптовая база продуктов питания,check
"Продовольственный магазин ""Заря""","Октябрьская ул., 26, Нарьян-Мар, Ненецкий автономный округ, 166000",Нарьян-Мар,Нарьян-Мар,Ненецкий АО,Russia,67.6350435,53.001485,4,108,OPERATIONAL,establishment|food|grocery_or_supermarket|point_of_interest|store,ChIJ1zlxtyxIb0QRcGlAZYDin24,сельскохозяйственный рынок,yes
Северный рынок,"Ул Мира, 92, Нарьян-Мар, Ненецкий автономный округ, 166004",Нарьян-Мар,Нарьян-Мар,Ненецкий АО,Russia,67.64007579999999,52.98007459999999,,,OPERATIONAL,establishment|food|point_of_interest|store,ChIJkR3HyXFJb0QRC9pIgCxnmpg,сельскохозяйственный рынок,yes
Хлеб из Тандыра,"ул. Полярная, 16, Нарьян-Мар, Ненецкий автономный округ, 166000",Нарьян-Мар,Нарьян-Мар,Ненецкий АО,Russia,67.6445588,53.0056714,5,2,OPERATIONAL,establishment|food|point_of_interest,ChIJ5QAZh85Jb0QRboriYZxKmAQ,оптовая база продуктов питания,check
Хороший,"ул. Хатанзейского, 13, Нарьян-Мар, Ненецкий автономный округ, 166000",Нарьян-Мар,Нарьян-Мар,Ненецкий АО,Russia,67.6458815,53.0003174,3.9,203,OPERATIONAL,establishment|food|grocery_or_supermarket|point_of_interest|store,ChIJSRjEpY1Jb0QRgeGiGlId528,сельскохозяйственный рынок,check
"7 Микрорайон, Продовольственный Магазин","ул. Дзержинского, 19 а, Нижневартовск, Ханты-Мансийский автономный округ, 628615",Нижневартовск,Нижневартовск,Ханты-Мансийский АО,Russia,60.9454527,76.59339899999999,4.2,64,OPERATIONAL,establishment|food|grocery_or_supermarket|point_of_interest|store,ChIJgUXRsAg8bUMRPPnz6BtMc74,сельскохозяйственный рынок,yes
Dуслык Халяль,"ул. Чапаева, 27, Нижневартовск, Ханты-Мансийский автономный округ, 628600",Нижневартовск,Нижневартовск,Ханты-Мансийский АО,Russia,60.93959899999999,76.59775590000001,5,2,OPERATIONAL,establishment|food|grocery_or_supermarket|point_of_interest|store,ChIJ29zV3Pc7bUMRUXL_S8or5H0,сельскохозяйственный рынок,check
Marlboro,"Рынок ""Сибирский балаган"", ул. Мира, 69, Нижневартовск, Ханты-Мансийский автономный округ, 628600",Нижневартовск,Нижневартовск,Ханты-Мансийский АО,Russia,60.9387545,76.59972549999999,5,1,OPERATIONAL,establishment|food|grocery_or_supermarket|point_of_interest|store,ChIJh-K8tvc7bUMRw1aecnjPRiU,сельскохозяйственный рынок,check
"Алые Паруса, оптово-розничный магазин","27 п, строение 1, ул. Кузоваткина, г. Нижневартовск, Ханты-Мансийский АО — Югра, Россия 628600, Нижневартовск, Ханты-Мансийский автономный округ, 628616",Нижневартовск,Нижневартовск,Ханты-Мансийский АО,Russia,60.9539167,76.5563507,3.7,3,OPERATIONAL,establishment|food|grocery_or_supermarket|point_of_interest|store,ChIJAQAAAKQ-bUMR-A9TPC_saCI,оптовый продовольственный рынок,yes
АльянсПродукт,"Индустриальная ул., 85, стр. 4, Нижневартовск, Ханты-Мансийский автономный округ, 628609",Нижневартовск,Нижневартовск,Ханты-Мансийский АО,Russia,60.9533212,76.5245446,,,OPERATIONAL,establishment|point_of_interest,ChIJiS4iCr8-bUMR2BKvEE3s9ME,оптовый продовольственный рынок,check
База Закриев,"Нижневартовск, Ханты-Мансийский автономный округ, 628613",Нижневартовск,Нижневартовск,Ханты-Мансийский АО,Russia,60.91398869999999,76.4947889,5,2,OPERATIONAL,establishment|point_of_interest,ChIJsfa2uNs4bUMRKodOwDsKIN0,оптовая база продуктов питания,yes
Белая Корова,"Заводская ул., 25, Нижневартовск, Ханты-Мансийский автономный округ, 628621",Нижневартовск,Нижневартовск,Ханты-Мансийский АО,Russia,60.89728539999999,76.6634826,4.6,19,OPERATIONAL,establishment|food|point_of_interest,ChIJgcRi4lI6bUMRowZfgfguYXo,оптовая база продуктов питания,check
Витамин,"шоссе Самотлорское, 10-й км, Нижневартовск, Ханты-Мансийский автономный округ, 628609",Нижневартовск,Нижневартовск,Ханты-Мансийский АО,Russia,60.96399220000001,76.5795253,4.2,11,OPERATIONAL,establishment|food|point_of_interest,ChIJAQAAAKQ-bUMRwdfDFNivEow,оптовая база продуктов питания,check
ДЕКОРАДО,"строение 20, ул. Северная,39, г. Нижневартовск, Ханты-Мансийский АО Югра, Россия 628617, Нижневартовск, Ханты-Мансийский автономный округ, 628617",Нижневартовск,Нижневартовск,Ханты-Мансийский АО,Russia,60.950142,76.613238,4.5,1453,OPERATIONAL,establishment|furniture_store|general_contractor|home_goods_store|point_of_interest|store,ChIJAQAAAKQ-bUMR_LCLVES3u5E,оптовый продовольственный рынок,check
"Дружба, продуктовый магазин","ул. Дружбы Народов, 28, б, Нижневартовск, Ханты-Мансийский автономный округ, 628624",Нижневартовск,Нижневартовск,Ханты-Мансийский АО,Russia,60.93312570000001,76.5989967,4.2,103,OPERATIONAL,establishment|food|grocery_or_supermarket|point_of_interest|store,ChIJhcvmjsE_bUMRqi1iRPjd-k0,сельскохозяйственный рынок,check
Екатерина,"ул. Мира, 60Г, Нижневартовск, Ханты-Мансийский автономный округ, 628600",Нижневартовск,Нижневартовск,Ханты-Мансийский АО,Russia,60.94006,76.589125,4.3,30,OPERATIONAL,bakery|establishment|food|grocery_or_supermarket|point_of_interest|store,ChIJhwq7eQc8bUMRxMd8NZF0w9M,оптовый продовольственный рынок,check
Ермолино,"Рынок ""Сибирский балаган"", ул. Мира, 69, Нижневартовск, Ханты-Мансийский автономный округ, 628600",Нижневартовск,Нижневартовск,Ханты-Мансийский АО,Russia,60.93796,76.600385,2.5,2,OPERATIONAL,establishment|food|point_of_interest|store,ChIJM6Xzq_c7bUMRerD4mfz8JR8,сельскохозяйственный рынок,check
Закриев И К° ТК,"Ленина ул. 11П, Нижневартовск, Ханты-Мансийский АО, 628616, Нижневартовск, Ханты-Мансийский автономный округ, 628616",Нижневартовск,Нижневартовск,Ханты-Мансийский АО,Russia,60.9539167,76.5563507,5,1,OPERATIONAL,car_repair|establishment|point_of_interest,ChIJAQAAAKQ-bUMRSkaxghM677I,оптовый продовольственный рынок,check
Закриев и Ко,"ул. Ленина, 11Пс4, Нижневартовск, Ханты-Мансийский автономный округ, 628600",Нижневартовск,Нижневартовск,Ханты-Мансийский АО,Russia,60.940298,76.5441883,5,1,OPERATIONAL,establishment|point_of_interest,ChIJZcEN-bM-bUMRwd1LEdeHW-0,оптовая база продуктов питания,check
Зернышко,"ул. Спортивная, 5, Нижневартовск, Ханты-Мансийский автономный округ, 628600",Нижневартовск,Нижневартовск,Ханты-Мансийский АО,Russia,60.94370369999999,76.5857446,4.5,183,OPERATIONAL,establishment|food|grocery_or_supermarket|point_of_interest|store,ChIJa2tH7QY8bUMRumDQBZXV9rY,сельскохозяйственный рынок,check
Исток+,"Индустриальная ул., 29, строение 1, Нижневартовск, Ханты-Мансийский АО — Югра, 628600",Нижневартовск,Нижневартовск,Ханты-Мансийский АО,Russia,60.9356605,76.5260424,4.2,85,OPERATIONAL,establishment|food|grocery_or_supermarket|point_of_interest|store,ChIJm2P1a8s-bUMRSQfVdTN1dBc,оптовый продовольственный рынок,check
Мясная лавка,"ул. Дружбы Народов, 16, Нижневартовск, Ханты-Мансийский автономный округ, 628600",Нижневартовск,Нижневартовск,Ханты-Мансийский АО,Russia,60.9278014,76.5977551,4.7,7,OPERATIONAL,establishment|food|grocery_or_supermarket|point_of_interest|store,ChIJAQAAAKQ-bUMR5Q42lYtssjo,оптовый продовольственный рынок,check
Мясная лавка,"ул. Мира, 44, Нижневартовск, Ханты-Мансийский автономный округ, 628600",Нижневартовск,Нижневартовск,Ханты-Мансийский АО,Russia,60.94284800000001,76.578468,4.5,84,OPERATIONAL,establishment|food|grocery_or_supermarket|point_of_interest|store,ChIJAQAAAKQ-bUMRF_vkh14EPhQ,сельскохозяйственный рынок,check
"Мясная лавка,","Северная ул., 98, Нижневартовск, Ханты-Мансийский автономный округ, 628624",Нижневартовск,Нижневартовск,Ханты-Мансийский АО,Russia,60.944745,76.626591,4.6,167,OPERATIONAL,establishment|food|point_of_interest,ChIJJcgsSHY8bUMRuxNY7_ILyeY,оптовая база продуктов питания,check
Мясной Двор,"Индустриальная ул., 33а, Нижневартовск, Ханты-Мансийский автономный округ, 628609",Нижневартовск,Нижневартовск,Ханты-Мансийский АО,Russia,60.93608709999999,76.526127,4,1,OPERATIONAL,establishment|food|point_of_interest|store,ChIJ27dcfsw-bUMRmm8T7Jfsg1Q,оптовый продовольственный рынок,check
Новый Гулливер,"Индустриальная ул., 46,стр1, Нижневартовск, Ханты-Мансийский автономный округ, 628609",Нижневартовск,Нижневартовск,Ханты-Мансийский АО,Russia,60.96165790000001,76.532359,4.4,880,OPERATIONAL,establishment|point_of_interest|shopping_mall,ChIJ9R-p1ZU-bUMRM1QC8lz6Pvk,оптовый продовольственный рынок,check
Овощи & фрукты,"ул. Лопарева, 3, Нижневартовск, Ханты-Мансийский автономный округ, 628601",Нижневартовск,Нижневартовск,Ханты-Мансийский АО,Russia,60.8993021,76.63422349999999,,,OPERATIONAL,establishment|point_of_interest|store,ChIJw9r69so7bUMRQlrnhdeTd9k,плодоовощная база оптовая,check
Овощи и Фрукты,"4п строение 5, ул. 60 Лет Октября, Нижневартовск, Ханты-Мансийский автономный округ, 628615",Нижневартовск,Нижневартовск,Ханты-Мансийский АО,Russia,60.92817279999999,76.5460057,5,1,OPERATIONAL,establishment|point_of_interest|storage,ChIJMxjQdkk5bUMR7grb4eNZWEA,плодоовощная база оптовая,check
"Овощи, фрукты","ул. Ленина, 11Пс3, Нижневартовск, Ханты-Мансийский автономный округ, 628600",Нижневартовск,Нижневартовск,Ханты-Мансийский АО,Russia,60.940541,76.543694,5,1,OPERATIONAL,establishment|food|point_of_interest|store,ChIJh4hy_7M-bUMRdXFOGRFNzh8,оптовый продовольственный рынок,check
Олвэйс,"Индустриальная ул., 38, Нижневартовск, Ханты-Мансийский автономный округ, 628609",Нижневартовск,Нижневартовск,Ханты-Мансийский АО,Russia,60.9538485,76.5334592,,,OPERATIONAL,establishment|point_of_interest,ChIJAQAAAKQ-bUMR-2wnnAHF7OA,оптовая база продуктов питания,check
Пан Марципан,"д, 38, Нижневартовск, Ханты-Мансийский автономный округ, 628624",Нижневартовск,Нижневартовск,Ханты-Мансийский АО,Russia,60.9325955,76.5864229,4.5,250,OPERATIONAL,bakery|establishment|food|point_of_interest|store,ChIJyYBKGPw7bUMR1b6IK6X8PKM,оптовый продовольственный рынок,check
Продукты,"Центральный рынок, ул. Мира, 69, отдел 44Б, Нижневартовск, Ханты-Мансийский автономный округ, 628600",Нижневартовск,Нижневартовск,Ханты-Мансийский АО,Russia,60.9386218,76.599957,4,1,OPERATIONAL,establishment|food|grocery_or_supermarket|point_of_interest|store,ChIJb_nls_c7bUMRnTEY8JIbSFQ,сельскохозяйственный рынок,check
Продукты питания и напитки в Нижневартовске,"ул. Нефтяников, 3Б, Нижневартовск, Ханты-Мансийский автономный округ, 628606",Нижневартовск,Нижневартовск,Ханты-Мансийский АО,Russia,60.9348763,76.5716762,,,OPERATIONAL,establishment|point_of_interest,ChIJgaX-_lQ5bUMRXbnG0-58Tcw,оптовая база продуктов питания,check
Роспродукт,"2 п, строение 12, ул. Ленина, г. Нижневартовск, Ханты-Мансийский АО — Югра, Россия 628600, Нижневартовск, Ханты-Мансийский автономный округ, 628616",Нижневартовск,Нижневартовск,Ханты-Мансийский АО,Russia,60.9539167,76.5563507,3,1,OPERATIONAL,establishment|food|point_of_interest|store,ChIJAQAAAKQ-bUMRGtS3g_6jJ0k,оптовый продовольственный рынок,check
Рынок Западный,"ул. 2П-2 Юго-Западный промышленный узел, 12, Нижневартовск, Ханты-Мансийский автономный округ, 628609",Нижневартовск,Нижневартовск,Ханты-Мансийский АО,Russia,60.92358859999999,76.5236716,4.5,15,OPERATIONAL,cafe|establishment|food|point_of_interest,ChIJWRjFLTA5bUMRc2S16aK7oLo,оптовый продовольственный рынок,yes
Самотлор-хлеб,"Центральный рынок, ул. Ленина, 14, Нижневартовск, Ханты-Мансийский автономный округ, 628606",Нижневартовск,Нижневартовск,Ханты-Мансийский АО,Russia,60.93913599999999,76.564375,5,1,OPERATIONAL,bakery|establishment|food|point_of_interest|store,ChIJXXcpnaw-bUMRFThDqvFOBpk,сельскохозяйственный рынок,check
"Санта-Мария, рыбоконсервный комбинат","ул. 2П-2 Юго-Западный промышленный узел, 49, Нижневартовск, Ханты-Мансийский автономный округ, 628609",Нижневартовск,Нижневартовск,Ханты-Мансийский АО,Russia,60.9170379,76.5165557,4.6,17,OPERATIONAL,establishment|food|point_of_interest,ChIJAQAAAKQ-bUMRPGvHALSe5CM,оптовая база продуктов питания,check
Светофор,"Зимняя ул., 9, Нижневартовск, Ханты-Мансийский автономный округ, 628616",Нижневартовск,Нижневартовск,Ханты-Мансийский АО,Russia,60.9611148,76.5703937,4.3,326,OPERATIONAL,establishment|point_of_interest|store,ChIJB1cWa-o_bUMRq1x62cJWctc,оптовый продовольственный рынок,check
"Северный, магазин-склад","39, строение 12, ул. Северная, г. Нижневартовск, Ханты-Мансийский АО — Югра, Россия 628600, Нижневартовск, Ханты-Мансийский автономный округ, 628617",Нижневартовск,Нижневартовск,Ханты-Мансийский АО,Russia,60.9488261,76.6193502,,,OPERATIONAL,establishment|point_of_interest,ChIJAQAAAKQ-bUMReLY7gsdQYfQ,оптовый продовольственный рынок,check
Сибирский балаган,"ул. Мира, 69, Нижневартовск, Ханты-Мансийский автономный округ, 628617",Нижневартовск,Нижневартовск,Ханты-Мансийский АО,Russia,60.9380175,76.6001359,3.8,1379,OPERATIONAL,establishment|point_of_interest,ChIJz-_kQ_Y7bUMRSm0e6VI_44U,оптовый продовольственный рынок,check
Сладости для радости,"Центральный рынок, ул. Ленина, 14, Нижневартовск, Ханты-Мансийский автономный округ, 628606",Нижневартовск,Нижневартовск,Ханты-Мансийский АО,Russia,60.93903599999999,76.564183,5,1,OPERATIONAL,establishment|food|grocery_or_supermarket|point_of_interest|store,ChIJvQ2XnKw-bUMRM9CsN0i84Yg,сельскохозяйственный рынок,check
Сластёна,"Центральный рынок, ул. Ленина, 14, Нижневартовск, Ханты-Мансийский автономный округ, 628606",Нижневартовск,Нижневартовск,Ханты-Мансийский АО,Russia,60.939048,76.5640109,,,OPERATIONAL,establishment|food|grocery_or_supermarket|point_of_interest|store,ChIJicVcm6w-bUMRp0KvRunptec,сельскохозяйственный рынок,check
"Содружество, холдинговая компания","1, ул. Кузоваткина, г. Нижневартовск, Ханты-Мансийский АО — Югра, Россия, 628606, Нижневартовск, Ханты-Мансийский автономный округ, 628616",Нижневартовск,Нижневартовск,Ханты-Мансийский АО,Russia,60.95391699999999,76.55635099999999,,,OPERATIONAL,establishment|food|point_of_interest,ChIJAQAAAKQ-bUMRINBTnoyKKeM,оптовая база продуктов питания,check
Сухофрукты Орехи,"Центральный рынок, ул. Ленина, 14, Нижневартовск, Ханты-Мансийский автономный округ, 628606",Нижневартовск,Нижневартовск,Ханты-Мансийский АО,Russia,60.93905499999999,76.564216,5,2,OPERATIONAL,establishment|food|grocery_or_supermarket|point_of_interest|store,ChIJNy--nKw-bUMRF3euLkCO1a0,сельскохозяйственный рынок,check
"Торговый дом ""Юпитер""","пр. Победы, 10, Нижневартовск, Ханты-Мансийский автономный округ, 628600",Нижневартовск,Нижневартовск,Ханты-Мансийский АО,Russia,60.935653,76.5606127,4.6,649,OPERATIONAL,establishment|food|point_of_interest|store,ChIJlfc321I5bUMRZfoLX20LJf8,сельскохозяйственный рынок,check
Три Поросенка,"Северная ул., 39, строение 33, Нижневартовск, Ханты-Мансийский автономный округ, 628617",Нижневартовск,Нижневартовск,Ханты-Мансийский АО,Russia,60.9502639,76.6183776,4,64,OPERATIONAL,establishment|point_of_interest,ChIJq4PhChw8bUMRrcv668uHw9Q,оптовый продовольственный рынок,check
Фарш,"ул. Дружбы Народов, 8А, Нижневартовск, Ханты-Мансийский автономный округ, 628600",Нижневартовск,Нижневартовск,Ханты-Мансийский АО,Russia,60.9260047,76.595815,4.4,195,OPERATIONAL,establishment|food|grocery_or_supermarket|point_of_interest|store,ChIJUyrS8eQ7bUMRNzYqBU_9r9Y,сельскохозяйственный рынок,check
"Фирменный отдел чая и кофе ""MADEO""","ул. Омская, 60, Нижневартовск, Ханты-Мансийский автономный округ, 628600",Нижневартовск,Нижневартовск,Ханты-Мансийский АО,Russia,60.9305566,76.59319649999999,4,4,OPERATIONAL,establishment|food|point_of_interest|store,ChIJbwTohqw-bUMRqTID7SElE20,оптовый продовольственный рынок,check
Фрукты & Овощи,"ул. Маршала Жукова, 6А, Нижневартовск, Ханты-Мансийский автономный округ, 628616",Нижневартовск,Нижневартовск,Ханты-Мансийский АО,Russia,60.94346350000001,76.56514539999999,3.9,9,OPERATIONAL,establishment|food|point_of_interest|store,ChIJ883xZqk-bUMRI63j6u9pN88,оптовый продовольственный рынок,check
Центральный рынок,"ул. Ленина, 14, Нижневартовск, Ханты-Мансийский автономный округ, 628600",Нижневартовск,Нижневартовск,Ханты-Мансийский АО,Russia,60.93907919999999,76.5639953,4.2,933,OPERATIONAL,establishment|point_of_interest,ChIJWSKrhKw-bUMRVa04SUSFnDI,оптовый продовольственный рынок,yes
"Элиза, продовольственный магазин","ул. 60 Лет Октября, 55, Нижневартовск, Ханты-Мансийский автономный округ, 628605",Нижневартовск,Нижневартовск,Ханты-Мансийский АО,Russia,60.9256456,76.5930436,4.8,19,OPERATIONAL,establishment|food|grocery_or_supermarket|point_of_interest|store,ChIJhcvmjsE_bUMRgcZIrJJVUEQ,сельскохозяйственный рынок,yes
Яйца,"Центральный рынок, ул. Ленина, 14, Нижневартовск, Ханты-Мансийский автономный округ, 628606",Нижневартовск,Нижневартовск,Ханты-Мансийский АО,Russia,60.939038,76.5638259,4,1,OPERATIONAL,establishment|food|grocery_or_supermarket|point_of_interest|store,ChIJkXYkm6w-bUMRmAGtHEg1-YM,сельскохозяйственный рынок,check
Центральный Рынок,"Нижнекамск, Респ. Татарстан, 423576",Нижнекамск,Набережные Челны,Республика Татарстан,Russia,55.6220747,51.8189998,4,1493,OPERATIONAL,establishment|point_of_interest,ChIJDzFFGZSUX0ERZK1VDfJEs70,сельскохозяйственный рынок,yes
"Агрокомбинат ""Горьковский"" ОАО","Тепличная ул., 2А, Нижний Новгород, Нижегородская обл., 603092",Нижний Новгород,Нижний Новгород,Нижегородская область,Russia,56.3086289,43.8144021,4.4,99,OPERATIONAL,establishment|point_of_interest,ChIJd4cA9wLWUUERti_h9KDbxXA,оптовый продовольственный рынок,yes
База малого и среднего бизнеса,"ул. Бекетова, д. 3А, Нижний Новгород, Нижегородская обл., 603057",Нижний Новгород,Нижний Новгород,Нижегородская область,Russia,56.28885,43.987668,4.4,15,OPERATIONAL,establishment|food|point_of_interest,ChIJGW5A_3TVUUER6FDMojqzyuM,оптовый продовольственный рынок,yes
"Белоручка, ООО ""эхо""","ул. Переходникова, 1 в, Нижний Новгород, Нижегородская обл., 603065",Нижний Новгород,Нижний Новгород,Нижегородская область,Russia,56.2534703,43.8760181,3.9,41,OPERATIONAL,establishment|food|point_of_interest|store,ChIJZa7Baq0rTkERDJLbOchm0mE,плодоовощная база оптовая,check
Бурнаковский Рынок,"ул. Бурнаковская, 79, Нижний Новгород, Нижегородская обл., 603074",Нижний Новгород,Нижний Новгород,Нижегородская область,Russia,56.3406771,43.9144044,4.3,1134,OPERATIONAL,establishment|point_of_interest|shopping_mall,ChIJq9t8F2bWUUERpGl9ZwVgVV4,оптовый продовольственный рынок,yes
"Бурнаковский, Сельскохозяйственный Рынок","ул. Бурнаковская, 30, Нижний Новгород, Нижегородская обл., 603157",Нижний Новгород,Нижний Новгород,Нижегородская область,Russia,56.3439282,43.9015952,3.9,164,OPERATIONAL,establishment|point_of_interest,ChIJX1fC5TXWUUER0s1lPKLQmEI,оптовый продовольственный рынок,yes
Верхнепечерский Рынок,"ул. Верхне-Печерская, 14Б, Нижний Новгород, Нижегородская обл., 603087",Нижний Новгород,Нижний Новгород,Нижегородская область,Russia,56.2851608,44.0693563,4.1,1045,OPERATIONAL,establishment|point_of_interest|shopping_mall,ChIJ37BL70TUUUERzLKfDRacf_M,оптовый продовольственный рынок,yes
Доза-Агро,"ш. Жиркомбината, 20, Нижний Новгород, Нижегородская обл., 603028",Нижний Новгород,Нижний Новгород,Нижегородская область,Russia,56.312047,43.9176509,4.5,4,OPERATIONAL,establishment|food|point_of_interest,ChIJB29nguLVUUER5c0JKugKQnc,оптовая база продуктов питания,yes
Заречный Рынок,"пр. Ленина, 39, Нижний Новгород, Нижегородская обл., 603135",Нижний Новгород,Нижний Новгород,Нижегородская область,Russia,56.2860488,43.9253083,4,1386,OPERATIONAL,establishment|point_of_interest,ChIJCSgVtHYqTkERtwp1_YE8erE,оптовый продовольственный рынок,yes
Интерторг,"Овощная база №3, склад 15, Комсомольское ш., 3, Нижний Новгород, Нижегородская обл., 603028",Нижний Новгород,Нижний Новгород,Нижегородская область,Russia,56.2984163,43.9284957,5,1,OPERATIONAL,establishment|point_of_interest,ChIJVS_ng_TVUUER4CSyb2Vhuqg,плодоовощная база оптовая,check
ИП Коморкина В.Н. (ООО Добрица),"ул. Вторчермета, 9А, Нижний Новгород, Нижегородская обл., 603124",Нижний Новгород,Нижний Новгород,Нижегородская область,Russia,56.3002522,43.86204559999999,5,1,OPERATIONAL,establishment|point_of_interest|real_estate_agency|storage,ChIJH1KSfu8pTkER2K66604GP88,оптовая база продуктов питания,check
Комсомолка,"пл. Комсомольская, 6, Нижний Новгород, Нижегородская обл., 603140",Нижний Новгород,Нижний Новгород,Нижегородская область,Russia,56.2963889,43.9402778,4.1,2429,OPERATIONAL,establishment|point_of_interest|shopping_mall,ChIJl3NsTIzVUUERAcsSp1dZX8Q,оптовый продовольственный рынок,check
Кузбасский,"ул. Кузбасская, 5, Нижний Новгород, Нижегородская обл., 603028",Нижний Новгород,Нижний Новгород,Нижегородская область,Russia,56.30839810000001,43.871479,4,1046,OPERATIONAL,establishment|point_of_interest,ChIJgcJQCfspTkER9tt7E49LUAA,оптовый продовольственный рынок,check
МИР ПРОДУКТОВ,"Комсомольское ш., 3к22, Нижний Новгород, Нижегородская обл., 603043",Нижний Новгород,Нижний Новгород,Нижегородская область,Russia,56.29726239999999,43.9320076,5,3,OPERATIONAL,establishment|food|point_of_interest,ChIJ_____6je4EARJDU-8gCaA-4,оптовая база продуктов питания,check
Молитовка,"ул. Академика Баха, 1, Нижний Новгород, Нижегородская обл., 603132",Нижний Новгород,Нижний Новгород,Нижегородская область,Russia,56.2894179,43.9415633,4.1,190,OPERATIONAL,establishment|point_of_interest,ChIJYSDY94jVUUEREn9tETy9zrM,оптовый продовольственный рынок,check
Мончегорский Рынок,"ул. Маковского, 17а, Нижний Новгород, Нижегородская обл., 603142",Нижний Новгород,Нижний Новгород,Нижегородская область,Russia,56.2329784,43.8369094,4,810,OPERATIONAL,establishment|point_of_interest,ChIJnTaj9YQrTkERKtzUtKVY9VU,оптовый продовольственный рынок,yes
Народный,"ул. Старых Производственников, 22, Нижний Новгород, Нижегородская обл., 603123",Нижний Новгород,Нижний Новгород,Нижегородская область,Russia,56.2253929,43.8636985,4.3,834,OPERATIONAL,establishment|food|grocery_or_supermarket|point_of_interest|store,ChIJJ_LU5HArTkERIDYxZli6MGE,сельскохозяйственный рынок,check
Нижегородфрукт,"ул. Лейтенанта Шмидта, 2, Нижний Новгород, Нижегородская обл., 603600",Нижний Новгород,Нижний Новгород,Нижегородская область,Russia,56.29032770000001,43.9258074,1,1,OPERATIONAL,establishment|food|point_of_interest,ChIJM8A-KfTVUUERQB2i6Xemzjo,плодоовощная база оптовая,check
НИЖЕГОРОДХИМПРОДУКТ,"ул. Пролетарская, 5, пом.12, Нижний Новгород, Нижегородская обл., 603159",Нижний Новгород,Нижний Новгород,Нижегородская область,Russia,56.3439454,43.9351215,5,2,OPERATIONAL,establishment|food|point_of_interest,ChIJbYLgbObVUUER64DtR0vcuYM,оптовая база продуктов питания,check
Овощи И Фрукты Оптом,"ул. Кузбасская, 5, Нижний Новгород, Нижегородская обл., 603108",Нижний Новгород,Нижний Новгород,Нижегородская область,Russia,56.30839810000001,43.871479,5,1,OPERATIONAL,establishment|food|point_of_interest|store,ChIJ2WlpbfspTkERa5sY6OWWPAY,плодоовощная база оптовая,yes
Овощи И Фрукты Оптом,"Базовый пр-д, 1, Нижний Новгород, Нижегородская обл., 603028",Нижний Новгород,Нижний Новгород,Нижегородская область,Russia,56.3085081,43.8653742,,,OPERATIONAL,establishment|food|point_of_interest|store,ChIJAQCwKOUpTkERcq-zCrWKZKo,плодоовощная база оптовая,yes
Овощная База,"Комсомольское ш., 3, Нижний Новгород, Нижегородская обл., 603034",Нижний Новгород,Нижний Новгород,Нижегородская область,Russia,56.2974867,43.9290522,4.2,146,OPERATIONAL,establishment|point_of_interest|shopping_mall,ChIJzyicl_TVUUERd0CXnCqHHGY,оптовый продовольственный рынок,yes
"Овощная База № 7, ЗАО","ул. Героя Шапошникова, 1, Нижний Новгород, Нижегородская обл., 603153",Нижний Новгород,Нижний Новгород,Нижегородская область,Russia,56.2506496,43.9762528,4,1,OPERATIONAL,establishment|point_of_interest|storage,ChIJbe27eLoqTkEROMpFljdGwvk,плодоовощная база оптовая,yes
"ООО ""Азбука Фуд Трейд""","Комсомольское ш., 5В, Нижний Новгород, Нижегородская обл., 603028",Нижний Новгород,Нижний Новгород,Нижегородская область,Russia,56.3114785,43.89999510000001,4.1,13,OPERATIONAL,establishment|point_of_interest,ChIJawcBcsPVUUERP9iLlksFr3Y,оптовый продовольственный рынок,check
"ООО ""Национальная фруктовая компания""","Базовый пр-д, д.1, Нижний Новгород, Нижегородская обл., 603950",Нижний Новгород,Нижний Новгород,Нижегородская область,Russia,56.3085084,43.865376,3.7,42,OPERATIONAL,establishment|food|point_of_interest,ChIJZ4oXL-UpTkERqO7R2SQ2oEA,плодоовощная база оптовая,check
"ООО ""СВАМ ГРУПП""","ул. Фабричная, д.2 к.1, Нижний Новгород, Нижегородская обл., 603011",Нижний Новгород,Нижний Новгород,Нижегородская область,Russia,56.305779,43.946966,4.6,11,OPERATIONAL,establishment|food|point_of_interest|store,ChIJ3U92HNrXUUERW8BJ3ob3am0,оптовая база продуктов питания,check
"ООО ""Свит Лайф Фудсервис""","ул. Героя Попова, д.43В, Нижний Новгород, Нижегородская обл., 603058",Нижний Новгород,Нижний Новгород,Нижегородская область,Russia,56.2545127,43.9231071,4.1,66,OPERATIONAL,establishment|point_of_interest,ChIJ-2d3tPcqTkERpi6HQ87pKIM,оптовая база продуктов питания,check
"ООО ""Торговый дом ВАСТЭКО""","ул. Шаляпина, 2А, Нижний Новгород, Нижегородская обл., 603074",Нижний Новгород,Нижний Новгород,Нижегородская область,Russia,56.325423,43.92131879999999,3.5,4,OPERATIONAL,establishment|point_of_interest,ChIJPTUh7XTWUUER2tgVMVCjznA,оптовая база продуктов питания,check
Оптовая База,"Unnamed Road, Нижний Новгород, Нижегородская обл., 603057",Нижний Новгород,Нижний Новгород,Нижегородская область,Russia,56.2902293,43.9873199,,,OPERATIONAL,establishment|point_of_interest,ChIJtSHwDQbVUUERA7LzMXDYm8Q,плодоовощная база оптовая,yes
Оптовый Рынок Нижегородской Области И Г.нижнего Новгорода,"ул. Торфяная, 1, Нижний Новгород, Нижегородская обл., 603037",Нижний Новгород,Нижний Новгород,Нижегородская область,Russia,56.3478736,43.835308,5,1,OPERATIONAL,establishment|point_of_interest,ChIJmRqvxc_XUUERc98jdDUICmg,оптовый продовольственный рынок,yes
Продуктовый Оптовый Рынок,"Нижний Новгород, Нижегородская обл., 603028",Нижний Новгород,Нижний Новгород,Нижегородская область,Russia,56.3087236,43.8705136,4.1,225,OPERATIONAL,establishment|food|grocery_or_supermarket|point_of_interest|store|supermarket,ChIJ27NHFfspTkEROJ-8NU92nyg,оптовый продовольственный рынок,yes
Рынок Народный,"ул. Генерала Ивлиева, Нижний Новгород, Нижегородская обл., 603163",Нижний Новгород,Нижний Новгород,Нижегородская область,Russia,56.2879949,44.0565753,4.1,1402,OPERATIONAL,establishment|food|grocery_or_supermarket|point_of_interest|store,ChIJ361NxtnUUUERZdlwEjlgXtk,оптовый продовольственный рынок,yes
Рынок Первый овощной,"ул.Магистральная 300, Кстовский р-он, д.Ржавка,, напротив ""Кирпичной Горы"", Нижний Новгород, Нижегородская обл., 607684",Нижний Новгород,Нижний Новгород,Нижегородская область,Russia,56.2315629,44.0979348,5,1,OPERATIONAL,establishment|food|point_of_interest,ChIJha0jvWIqUEERl7-UnX6ZH1g,оптовый продовольственный рынок,yes
Рынок универсальный,"ул. Плотникова, 4литА, Нижний Новгород, Нижегородская обл., 603111",Нижний Новгород,Нижний Новгород,Нижегородская область,Russia,56.2579788,43.8547517,4.2,470,OPERATIONAL,establishment|food|grocery_or_supermarket|point_of_interest|store,ChIJDaGg8MkrTkERIMFJsyIHBDw,оптовый продовольственный рынок,yes
Сельскохозяйственные Рынки,"ул. Академика Баха, 1, Нижний Новгород, Нижегородская обл., 603132",Нижний Новгород,Нижний Новгород,Нижегородская область,Russia,56.2898366,43.9414648,3,1,OPERATIONAL,establishment|point_of_interest,ChIJpxn0-YjVUUERPCSqm-R29PI,сельскохозяйственный рынок,check
СК-Трейд,"ул. Федосеенко, 43, Нижний Новгород, Нижегородская обл., 603037",Нижний Новгород,Нижний Новгород,Нижегородская область,Russia,56.33825299999999,43.815666,3.9,17,OPERATIONAL,establishment|point_of_interest|storage,ChIJvQ5YVSgoTkERFIPZuXSUqJ4,плодоовощная база оптовая,check
Сладкая жизнь,"Комсомольское ш., 3, Нижний Новгород, Нижегородская обл., 603034",Нижний Новгород,Нижний Новгород,Нижегородская область,Russia,56.2974141,43.9292078,4,115,OPERATIONAL,establishment|point_of_interest|shopping_mall,ChIJJcpG843VUUERFTDK0sk4Vn8,оптовый продовольственный рынок,check
Сормовский рынок,"Базарная ул., 8, Нижний Новгород, Нижегородская обл., 603003",Нижний Новгород,Нижний Новгород,Нижегородская область,Russia,56.352887,43.860233,4.1,1082,OPERATIONAL,establishment|point_of_interest,ChIJ0SbVqLXXUUERNakWm8YO1rA,сельскохозяйственный рынок,yes
"Спец-сервис НН, ООО","ул. Чонгарская, 32, Нижний Новгород, Нижегородская обл., 603011",Нижний Новгород,Нижний Новгород,Нижегородская область,Russia,56.302495,43.9309749,4.8,18,OPERATIONAL,establishment|food|point_of_interest|store,ChIJnSMfO_LVUUERvV80Ak60EQE,оптовая база продуктов питания,check
Торговые ряды «Жар-Птица»,"Советская пл., 7, Нижний Новгород, Нижегородская обл., 603106",Нижний Новгород,Нижний Новгород,Нижегородская область,Russia,56.2960718,44.0460559,4.5,1660,OPERATIONAL,establishment|food|grocery_or_supermarket|point_of_interest|store,ChIJ3XP5ZB7VUUERl6cPirnmz78,оптовый продовольственный рынок,check
Торговый Дом «Колиз» - дистрибуция продуктов питания в Нижем новгороде и ПФО,"ул. Геологов, 1А, Нижний Новгород, Нижегородская обл., 603141",Нижний Новгород,Нижний Новгород,Нижегородская область,Russia,56.247079,43.985856,2.5,8,OPERATIONAL,establishment|food|point_of_interest|store,ChIJt5rzrbEqTkERWCiudh0kJGA,оптовая база продуктов питания,check
Фасовочная Фабрика | порционные продукты и упаковка,"ул. Баумана, 177, п2 офис 10, Нижний Новгород, Нижегородская обл., 603032",Нижний Новгород,Нижний Новгород,Нижегородская область,Russia,56.2669438,43.9450272,,,OPERATIONAL,establishment|food|point_of_interest,ChIJY0F10DwrTkERM1hN3S4bHeI,оптовая база продуктов питания,check
Хлебная компания Традиция,"ул. Бекетова, 3А, Нижний Новгород, Нижегородская обл., 603057",Нижний Новгород,Нижний Новгород,Нижегородская область,Russia,56.28887169999999,43.9868774,4.8,16,OPERATIONAL,establishment|food|point_of_interest,ChIJGW5A_3TVUUERtT388N3o3II,оптовая база продуктов питания,check
Центральный рынок,"ул. Чкалова, 4, Нижний Новгород, Нижегородская обл., 603002",Нижний Новгород,Нижний Новгород,Нижегородская область,Russia,56.31642309999999,43.942827,3.9,5011,OPERATIONAL,establishment|point_of_interest,ChIJv0LVMN3VUUERPqBXH34irwU,сельскохозяйственный рынок,yes
Бест Нижний Тагил,"Западная ул., 1а, Нижний Тагил, Свердловская обл., 622005",Нижний Тагил,Нижний Тагил,Свердловская область,Russia,57.93317930000001,59.97042880000001,5,1,OPERATIONAL,establishment|food|point_of_interest|store,ChIJVVVVVZVk6kMRx933nZ5qwVI,оптовый продовольственный рынок,check
"ВЕЧЕРНИЙ, сеть продуктовых магазинов","Красная ул., 12-а, Нижний Тагил, Свердловская обл., 622042",Нижний Тагил,Нижний Тагил,Свердловская область,Russia,57.9219222,59.9671679,4.3,84,OPERATIONAL,establishment|food|grocery_or_supermarket|point_of_interest|store,ChIJ_4-0_Mxk6kMRzyyXsScPIfA,сельскохозяйственный рынок,check
Вкусный Дом,"ул. Металлургов, 7, Нижний Тагил, Свердловская обл., 622005",Нижний Тагил,Нижний Тагил,Свердловская область,Russia,57.9395999,60.00034530000001,4.3,158,OPERATIONAL,establishment|food|grocery_or_supermarket|point_of_interest|store,ChIJTWze7ahk6kMR73MBWRnTEJc,сельскохозяйственный рынок,check
Восточный,"Восточное ш., 17, Нижний Тагил, Свердловская обл., 622000",Нижний Тагил,Нижний Тагил,Свердловская область,Russia,57.90853260000001,60.0224328,3.8,1121,OPERATIONAL,establishment|point_of_interest|shopping_mall,ChIJQxh7g0F76kMRkVtM9WvS4nI,оптовый продовольственный рынок,check
Гальянский,"Черноисточинское ш., 66/1, Нижний Тагил, Свердловская обл., 622049",Нижний Тагил,Нижний Тагил,Свердловская область,Russia,57.8813499,59.93863269999999,4.1,505,OPERATIONAL,establishment|point_of_interest|shopping_mall,ChIJl81Iv5R66kMRMhJZ8dTX32s,оптовый продовольственный рынок,check
ИП Обухова Мария Ивановна,"Черноисточинское ш., 66А, Нижний Тагил, Свердловская обл., 622049",Нижний Тагил,Нижний Тагил,Свердловская область,Russia,57.88128020000001,59.93932549999999,,,OPERATIONAL,establishment|food|point_of_interest,ChIJ9dY3U5N66kMR3dCOx0x7zPk,плодоовощная база оптовая,check
ИП Черных В.Г.,"Восточное ш., 17Бс2, Нижний Тагил, Свердловская обл., 622000",Нижний Тагил,Нижний Тагил,Свердловская область,Russia,57.90691999999999,60.021021,5,1,OPERATIONAL,establishment|food|point_of_interest|store,ChIJd-DgUWh76kMROTTt8uVt5RU,оптовый продовольственный рынок,check
"Магазин (продукты Кулинария)""Со Смаком""","ул. Пархоменко, 130, Нижний Тагил, Свердловская обл., 622042",Нижний Тагил,Нижний Тагил,Свердловская область,Russia,57.92688459999999,59.97042339999999,4.4,227,OPERATIONAL,establishment|food|grocery_or_supermarket|point_of_interest|store,ChIJi6zY0stk6kMR0eC6i5HsbCs,сельскохозяйственный рынок,check
Магазин посуды на Фестивальной,"2, ул. Фестивальная, 3, Нижний Тагил, Свердловская обл., 622031",Нижний Тагил,Нижний Тагил,Свердловская область,Russia,57.9066485,60.0076224,4.1,246,OPERATIONAL,establishment|point_of_interest|store,ChIJSTzvMUB76kMRnso0oeuH7L0,оптовый продовольственный рынок,check
Мир овощей и фруктов,"ул. Фестивальная, 3, склад 5/1, Нижний Тагил, Свердловская обл., 622031",Нижний Тагил,Нижний Тагил,Свердловская область,Russia,57.90578679999999,60.00803569999999,3,2,OPERATIONAL,establishment|point_of_interest,ChIJpWQZSW176kMR0RPcDePXf1c,оптовый продовольственный рынок,check
"Мир продуктов,","ул. Фестивальная, 3/10, Нижний Тагил, Свердловская обл., 622013",Нижний Тагил,Нижний Тагил,Свердловская область,Russia,57.8965889,60.016581,,,OPERATIONAL,establishment|food|point_of_interest,ChIJFwWi5Gp76kMRBMp7plY2Gwc,оптовая база продуктов питания,check
Овощи Фрукты,"ТК ""Краснокаменский"", ул. Победы, 43А, павильон 4, Нижний Тагил, Свердловская обл., 622042",Нижний Тагил,Нижний Тагил,Свердловская область,Russia,57.9266926,59.9683194,5,1,OPERATIONAL,establishment|food|point_of_interest|store,ChIJE3BD4Mtk6kMR3HPImGeqwlQ,плодоовощная база оптовая,check
Овощи-фрукты,"ул. Индустриальная, 21А, Склад 5, Нижний Тагил, Свердловская обл., 622034",Нижний Тагил,Нижний Тагил,Свердловская область,Russia,57.92061890000001,59.9889402,,,OPERATIONAL,establishment|point_of_interest,ChIJOUhmJUp76kMRaebelULSpCE,оптовый продовольственный рынок,check
"овощи,фрукты и сухофрукты ""Большой сад""","ул. Индустриальная, 48, Нижний Тагил, Свердловская обл., 622036",Нижний Тагил,Нижний Тагил,Свердловская область,Russia,57.9211093,59.99112019999999,5,1,OPERATIONAL,establishment|point_of_interest,ChIJoSqKyEd76kMRkwYBEb4z9xE,оптовый продовольственный рынок,check
Овощная База,"ул. Краснознамённая, 90, Нижний Тагил, Свердловская обл., 622008",Нижний Тагил,Нижний Тагил,Свердловская область,Russia,57.9410529,59.9242405,1,1,OPERATIONAL,establishment|point_of_interest,ChIJnZ8JG-Rk6kMRpoK9xiBOaGo,плодоовощная база оптовая,yes
ОПТимист,"ул. Крупской, 7, Нижний Тагил, Свердловская обл., 622000",Нижний Тагил,Нижний Тагил,Свердловская область,Russia,57.9304664,60.1113924,,,OPERATIONAL,establishment|food|point_of_interest,ChIJjSrzezJ76kMRXTsMuUInThw,оптовый продовольственный рынок,yes
Оптовая База Продуктов Питания,"ул. Индустриальная, 33, строение 7, Нижний Тагил, Свердловская обл., 622034",Нижний Тагил,Нижний Тагил,Свердловская область,Russia,57.9131739,59.9935458,4,1,OPERATIONAL,establishment|point_of_interest,ChIJMc8oCjh76kMR-rb8STG_0-4,оптовый продовольственный рынок,yes
ОПТОВО-РОЗНИЧНАЯ КОМПАНИЯ,"ул. Фестивальная, 3, Нижний Тагил, Свердловская обл., 622031",Нижний Тагил,Нижний Тагил,Свердловская область,Russia,57.896589,60.016581,,,OPERATIONAL,establishment|point_of_interest,ChIJpWQZSW176kMR2oWPabf_qog,оптовый продовольственный рынок,yes
Оптовый Склад,"ул. Бобкова, 11, Нижний Тагил, Свердловская обл., 622004",Нижний Тагил,Нижний Тагил,Свердловская область,Russia,57.90679,60.087101,3,1,OPERATIONAL,establishment|food|point_of_interest,ChIJ2VzY5It86kMRt22brRlcMlc,оптовый продовольственный рынок,yes
Полюс-Торг,"ул. Газетная, 46, Нижний Тагил, Свердловская обл., 622000",Нижний Тагил,Нижний Тагил,Свердловская область,Russia,57.91229599999999,59.9616017,4.2,186,OPERATIONAL,establishment|food|grocery_or_supermarket|point_of_interest|store,ChIJS96Bpi576kMRL0mWMzhkKxg,сельскохозяйственный рынок,check
Ростовские колбасы,"ул. Ермака, 50, Нижний Тагил, Свердловская обл., 622000",Нижний Тагил,Нижний Тагил,Свердловская область,Russia,57.9297571,59.94478649999999,,,OPERATIONAL,establishment|food|point_of_interest|store,ChIJe6KF3dpk6kMRJdFG4YHtQ4c,сельскохозяйственный рынок,check
Свежее мясо,"Рынок ""Центральный"", ул. Газетная, 97А, Нижний Тагил, Свердловская обл., 622036",Нижний Тагил,Нижний Тагил,Свердловская область,Russia,57.91446139999999,59.97621559999999,5,2,OPERATIONAL,establishment|food|point_of_interest|store,ChIJj530ETF76kMRXfy-MptcaCI,сельскохозяйственный рынок,check
Северный,"ул. Индустриальная, 31, Нижний Тагил, Свердловская обл., 622005",Нижний Тагил,Нижний Тагил,Свердловская область,Russia,57.9213274,59.9893906,4.3,7,OPERATIONAL,bakery|establishment|food|point_of_interest|store,ChIJRUb7M0p76kMRB1ZH_7UIOLk,оптовый продовольственный рынок,check
Со смаком,"ул. Садовая, 4А, Нижний Тагил, Свердловская обл., 622000",Нижний Тагил,Нижний Тагил,Свердловская область,Russia,57.90886,59.99069230000001,4.4,522,OPERATIONAL,establishment|food|point_of_interest|store,ChIJuUQoQTl76kMRVSWp9osA2-E,сельскохозяйственный рынок,check
Со Смаком,"ул. Космонавтов, 18, Нижний Тагил, Свердловская обл., 622016",Нижний Тагил,Нижний Тагил,Свердловская область,Russia,57.92710519999999,59.9461895,4.4,332,OPERATIONAL,establishment|food|grocery_or_supermarket|point_of_interest|store,ChIJl3ScDNBk6kMR8LBy6Z_fg7o,сельскохозяйственный рынок,check
Тагилстроевский,"ул. Металлургов, 58А, Нижний Тагил, Свердловская обл., 622005",Нижний Тагил,Нижний Тагил,Свердловская область,Russia,57.93995869999999,59.9976036,3.9,403,OPERATIONAL,establishment|point_of_interest|shopping_mall,ChIJZ-prsKhk6kMRDEbgfl1ckbQ,оптовый продовольственный рынок,check
ТЦ Райт,"ул. Садовая, 81, Нижний Тагил, Свердловская обл., 622013",Нижний Тагил,Нижний Тагил,Свердловская область,Russia,57.9047282,59.9964808,4.2,1629,OPERATIONAL,establishment|point_of_interest|shopping_mall,ChIJ-3JczT576kMRX9xPAO5jgFE,сельскохозяйственный рынок,check
Уральские овощи,"ул. Краснознамённая, 71Б, Нижний Тагил, Свердловская обл., 622000",Нижний Тагил,Нижний Тагил,Свердловская область,Russia,57.94482970000001,59.9228421,3.3,3,OPERATIONAL,establishment|food|point_of_interest,ChIJRaic5ORk6kMRfgOxQwJaraY,оптовый продовольственный рынок,check
Фруктовая палатка,"Универсальный рынок ""Феникс"", ул. Фрунзе, 37Б, Нижний Тагил, Свердловская обл., 622000",Нижний Тагил,Нижний Тагил,Свердловская область,Russia,57.9223637,59.94197169999999,4,1,OPERATIONAL,establishment|food|grocery_or_supermarket|point_of_interest|store,ChIJi_3k79Zk6kMRu3yqdZHhWl4,сельскохозяйственный рынок,check
Центр оптовой торговли,"Нижний Тагил, Свердловская обл., 622031",Нижний Тагил,Нижний Тагил,Свердловская область,Russia,57.9071743,60.0084741,4.4,53,OPERATIONAL,establishment|food|point_of_interest|shopping_mall,ChIJ2dSMezJ76kMROC5zfM2mJ0k,оптовый продовольственный рынок,yes
Центральный Гастрономъ,"пр. Мира, 19, Нижний Тагил, Свердловская обл., 622034",Нижний Тагил,Нижний Тагил,Свердловская область,Russia,57.91017379999999,59.98084910000001,4.4,659,OPERATIONAL,establishment|food|grocery_or_supermarket|point_of_interest|store,ChIJEZ2uZjp76kMR2R46VblYT3E,сельскохозяйственный рынок,check
Центральный торговый комплекс,"ул. Газетная, 97А, Нижний Тагил, Свердловская обл., 622036",Нижний Тагил,Нижний Тагил,Свердловская область,Russia,57.9146447,59.9763679,4,1055,OPERATIONAL,establishment|point_of_interest|shopping_mall,ChIJhaERIzF76kMR0g1adQplw4w,оптовый продовольственный рынок,check
Эдем,"ул. Индустриальная, 29, Нижний Тагил, Свердловская обл., 622034",Нижний Тагил,Нижний Тагил,Свердловская область,Russia,57.9212957,59.9899455,,,OPERATIONAL,establishment|point_of_interest,ChIJRUb7M0p76kMRDPB8aK7rvxw,оптовая база продуктов питания,check
"Оптовая база Замороженных продуктов ""Полярка""","Тургеневское ш., 27/2, Новая Адыгея, Республика Адыгея, 385140",Новая Адыгея,Краснодар,Краснодарский край,Russia,45.0251665,38.9424595,2.3,3,OPERATIONAL,establishment|point_of_interest,ChIJA1muc2pP8EARTdLzCK_txUs,плодоовощная база оптовая,yes
"Оптово-торговая база ""БЕРЛОГА""","ул. Панковская, 11 Б, Новая Мельница, Новгородская обл., 173021",Новая Мельница,Великий Новгород,Новгородская область,Russia,58.5105732,31.1858912,4.6,14,OPERATIONAL,establishment|food|point_of_interest,ChIJJeyoz9TpvkYR5GOUs7nKPPw,оптовая база продуктов питания,yes
Оптовая База,"ул. Адмирала Корнилова, 35 Б, Новая Москва, Московская обл., 142771",Новая Москва,Москва,Москва,Russia,55.6187391,37.4465806,3.9,16,OPERATIONAL,establishment|point_of_interest,ChIJJ9XorNxStUYRQ6LSZBXfRjQ,плодоовощная база оптовая,yes
"Октябрьский, рынок","ул. Октябрьская, 42, Новоалтайск, Алтайский край, 658087",Новоалтайск,Горно-Алтайск,Республика Алтай,Russia,53.3942871,83.93205259999999,4,53,OPERATIONAL,establishment|point_of_interest,ChIJBxScEg6u3UIRxtYfrBxb-Qo,оптовый продовольственный рынок,yes
Cocos,"ул. Тольятти, 46А, Новокузнецк, Кемеровская обл., 654080",Новокузнецк,Новокузнецк,Кемеровская область,Russia,53.7603021,87.14874809999999,,,OPERATIONAL,establishment|food|grocery_or_supermarket|point_of_interest|store,ChIJX24xVoPB0EIRhBwNA6fjus8,сельскохозяйственный рынок,check
"Авангард, торговая база","ул. Вокзальная, 103, Новокузнецк, Кемеровская обл., 654029",Новокузнецк,Новокузнецк,Кемеровская область,Russia,53.7404455,87.12530919999999,5,2,OPERATIONAL,establishment|point_of_interest,ChIJ20mRWFPA0EIRr7paOacYono,оптовый продовольственный рынок,yes
Адамант,"Есаульский туп., 25, Новокузнецк, Кемеровская обл., 654043",Новокузнецк,Новокузнецк,Кемеровская область,Russia,53.8694364,87.2562183,5,8,OPERATIONAL,establishment|food|point_of_interest,ChIJF0yoR2jF0EIRFBpXU4ETtzQ,плодоовощная база оптовая,check
Блошиный Рынок,"Транспортная ул., 7, Новокузнецк, Кемеровская обл., 654041",Новокузнецк,Новокузнецк,Кемеровская область,Russia,53.7458992,87.1219024,4.1,73,OPERATIONAL,establishment|point_of_interest,ChIJu823Zv_A0EIRO1CMBEdogNs,сельскохозяйственный рынок,yes
Восточный базар,"ул. Вокзальная, 10а к2, Новокузнецк, Кемеровская обл., 654029",Новокузнецк,Новокузнецк,Кемеровская область,Russia,53.7441257,87.1099055,,,OPERATIONAL,establishment|food|point_of_interest,ChIJ0eLuIhLB0EIRtE16OtiSbBQ,плодоовощная база оптовая,yes
Губернский Сельский Центр,"ул. Кузнецова, 6а, Новокузнецк, Кемеровская обл., 654041",Новокузнецк,Новокузнецк,Кемеровская область,Russia,53.7465795,87.1372428,4,575,OPERATIONAL,establishment|food|grocery_or_supermarket|point_of_interest|store,ChIJexSkjQfB0EIRBHgsAJQscP4,оптовый продовольственный рынок,check
ИП Васильев Д.А.,"шоссе Космическое 16 корп. 170, проезд Томский 1а, Новокузнецк, Кемеровская обл., 654055",Новокузнецк,Новокузнецк,Кемеровская область,Russia,53.780696,87.153633,5,2,OPERATIONAL,establishment|food|point_of_interest|store,ChIJ_5_mbJDG0EIRGsG4GT0-S7w,оптовая база продуктов питания,check
ИП Лепестова О.А,"Переездная ул., 5/1, Павильон 4, Новокузнецк, Кемеровская обл., 654063",Новокузнецк,Новокузнецк,Кемеровская область,Russia,53.750769,87.087845,5,1,OPERATIONAL,establishment|food|point_of_interest,ChIJ3anjLY_A0EIRVusUHmNRQTQ,оптовая база продуктов питания,check
"Комбикорма, оптово-розничная база","ул. Толмачева, 59-а/2, Новокузнецк, Кемеровская обл., 654034",Новокузнецк,Новокузнецк,Кемеровская область,Russia,53.76542999999999,87.2181319,4.7,25,OPERATIONAL,establishment|food|point_of_interest|store,ChIJe6n8sLzD0EIRaPIyqibFn64,оптовая база продуктов питания,yes
"Кузбасский пищекомбинат, ЗАО","пр-д Технический, 17, Новокузнецк, Кемеровская обл., 654034",Новокузнецк,Новокузнецк,Кемеровская область,Russia,53.7788811,87.22404929999999,4.6,62,OPERATIONAL,establishment|food|grocery_or_supermarket|point_of_interest|store,ChIJd3ggZ5vD0EIRBxMeMrYEXlM,оптовая база продуктов питания,check
Кузнецкая молочная компания,"Ярославская ул., 60, Новокузнецк, Кемеровская обл., 654031",Новокузнецк,Новокузнецк,Кемеровская область,Russia,53.8401394,87.1975188,4.7,6,OPERATIONAL,establishment|food|point_of_interest|store,ChIJW6HODbbF0EIRhJW6PmFdL1Y,оптовая база продуктов питания,check
Кузнецкая рыбная компания,"Моховая ул., 7, Новокузнецк, Кемеровская обл., 654038",Новокузнецк,Новокузнецк,Кемеровская область,Russia,53.84372579999999,87.1817118,4,4,OPERATIONAL,establishment|food|point_of_interest|restaurant,ChIJl3zWvFFKtUYRIGXL2vUx_7c,оптовая база продуктов питания,check
"Левобережный, торговый центр","просп. Дружбы, 62А, Новокузнецк, Кемеровская обл., 654080",Новокузнецк,Новокузнецк,Кемеровская область,Russia,53.7568036,87.1661998,3.9,460,OPERATIONAL,establishment|point_of_interest|shopping_mall,ChIJkSY6o3rB0EIRQcGSXHxfICg,сельскохозяйственный рынок,check
Мария-Ра №494,"ул. Мориса Тореза, Новокузнецк, Кемеровская обл., 654000",Новокузнецк,Новокузнецк,Кемеровская область,Russia,53.819401,87.1557121,3.6,18,OPERATIONAL,establishment|food|point_of_interest|store,ChIJSfWS_ZDG0EIRJVjGquOzK7k,оптовая база продуктов питания,check
Мир сухофруктов,"ул. Кирова, 31, Новокузнецк, Кемеровская обл., 654000",Новокузнецк,Новокузнецк,Кемеровская область,Russia,53.7578945,87.1256985,5,7,OPERATIONAL,establishment|food|point_of_interest|store,ChIJj9I1Qx3B0EIRBCzz5SxyWI0,оптовая база продуктов питания,check
Молочная компания ИП Каныгин Ю.Н.,"Защитный пр-д, 18, Новокузнецк, Кемеровская обл., 654034",Новокузнецк,Новокузнецк,Кемеровская область,Russia,53.7879604,87.2332667,5,1,OPERATIONAL,establishment|food|point_of_interest|store,ChIJTayR6H7D0EIR4YZB5v8QLJU,оптовая база продуктов питания,check
Молочная сказка 42,"ул. Полосухина, 18-а, Новокузнецк, Кемеровская обл., 654034",Новокузнецк,Новокузнецк,Кемеровская область,Russia,53.7652813,87.1899439,3.4,7,OPERATIONAL,establishment|food|point_of_interest,ChIJ97cGwdzD0EIR4xMIe1K3HH0,оптовая база продуктов питания,check
Мясной рынок,"Пионерский пр., 48, Новокузнецк, Кемеровская обл., 654007",Новокузнецк,Новокузнецк,Кемеровская область,Russia,53.760046,87.135153,5,1,OPERATIONAL,establishment|food|point_of_interest|store,ChIJ6bhgUxrB0EIRqxXDF5tqcYs,сельскохозяйственный рынок,yes
На Садовой,"Селекционная ул., 11, к. 14, Новокузнецк, Кемеровская обл., 654055",Новокузнецк,Новокузнецк,Кемеровская область,Russia,53.7944575,87.1515007,3.9,1339,OPERATIONAL,establishment|point_of_interest|shopping_mall,ChIJW-5EbPnA0EIR0Kktk5L7wOQ,сельскохозяйственный рынок,check
"Новоильинский универсальный розничный рынок, ООО ""Клондайк""","просп. Запсибовцев, 4-б, Новокузнецк, Кемеровская обл., 654054",Новокузнецк,Новокузнецк,Кемеровская область,Russia,53.8945385,87.1278634,4.2,747,OPERATIONAL,establishment|point_of_interest,ChIJP7K9sZPI0EIRvGsBTN3DkRk,оптовый продовольственный рынок,yes
Овощи и фрукты,"ул. Кирова, 75, Новокузнецк, Кемеровская обл., 654027",Новокузнецк,Новокузнецк,Кемеровская область,Russia,53.757852,87.15454199999999,4,2,OPERATIONAL,establishment|food|point_of_interest|store,ChIJL3aMY23B0EIRI8PBCGQzD0s,плодоовощная база оптовая,check
Овощи и фрукты,"ул. Вокзальная, 32, Новокузнецк, Кемеровская обл., 654029",Новокузнецк,Новокузнецк,Кемеровская область,Russia,53.741212,87.11919100000001,,,OPERATIONAL,establishment|food|point_of_interest|store,ChIJWdH4pFbA0EIRcEYQcOx89Fk,плодоовощная база оптовая,check
Овощной Рынок,"просп. Запсибовцев, 16Б, Новокузнецк, Кемеровская обл., 654054",Новокузнецк,Новокузнецк,Кемеровская область,Russia,53.8985596,87.1281891,4.1,328,OPERATIONAL,establishment|point_of_interest,ChIJw4bOzuzI0EIRSPvAWrVUzLs,оптовый продовольственный рынок,yes
"ООО ""Кристалл""","Переездная ул., 5/1, Новокузнецк, Кемеровская обл., 654063",Новокузнецк,Новокузнецк,Кемеровская область,Russia,53.750562,87.088183,5,2,OPERATIONAL,establishment|point_of_interest,ChIJxbWbLI_A0EIRAOTy8gJbM3w,оптовая база продуктов питания,check
"ООО ""КузбассСнаб""","пр. Вокзальный, 1/3, Новокузнецк, Кемеровская обл., 654029",Новокузнецк,Новокузнецк,Кемеровская область,Russia,53.745721,87.10833699999999,3.7,6,OPERATIONAL,establishment|point_of_interest,ChIJX3NDEPbA0EIRTcf3tzb_QEQ,плодоовощная база оптовая,check
"ООО ""Фактория""","Переездная ул., 11, Новокузнецк, Кемеровская обл., 654063",Новокузнецк,Новокузнецк,Кемеровская область,Russia,53.74901699999999,87.084053,5,1,OPERATIONAL,establishment|point_of_interest,ChIJt7mOFYbA0EIR5Xczqoe9O3w,оптовая база продуктов питания,check
"Оптовая-розничная база ""Мясная ТЕМА""","ул. Обнорского, 35/9, Новокузнецк, Кемеровская обл., 654032",Новокузнецк,Новокузнецк,Кемеровская область,Russia,53.7784047,87.2167781,5,1,OPERATIONAL,establishment|food|point_of_interest,ChIJj11NWy_D0EIRiNg_OyGnq_8,плодоовощная база оптовая,yes
Оптовый рынок - Мясной,"Ярославская ул., 15, Новокузнецк, Кемеровская обл., 654031",Новокузнецк,Новокузнецк,Кемеровская область,Russia,53.8376279,87.19444089999999,4.2,180,OPERATIONAL,establishment|food|grocery_or_supermarket|point_of_interest|store,ChIJr_7sUMrF0EIRRYUDcF36-Tc,оптовый продовольственный рынок,yes
Продукты Оптом,"ул. Щорса, 9, Новокузнецк, Кемеровская обл., 654004",Новокузнецк,Новокузнецк,Кемеровская область,Russia,53.7502119,87.10145659999999,,,OPERATIONAL,establishment|point_of_interest,ChIJN9hlhPTA0EIRna8jW_iMMfo,плодоовощная база оптовая,yes
Рыба,"ул. Щорса, 5, Новокузнецк, Кемеровская обл., 654004",Новокузнецк,Новокузнецк,Кемеровская область,Russia,53.7492347,87.1059094,4.4,450,OPERATIONAL,establishment|food|point_of_interest|store,ChIJ4RrnnvbA0EIR3vpDrFgPdkE,сельскохозяйственный рынок,check
Рынок,"Тушинская ул., 28, Новокузнецк, Кемеровская обл., 654004",Новокузнецк,Новокузнецк,Кемеровская область,Russia,53.746776,87.087143,3.7,31,OPERATIONAL,establishment|point_of_interest,ChIJG9Z0aYjA0EIRcls7VAZGIrY,сельскохозяйственный рынок,yes
Сельхозрынок,"ул. Пушкина, 3А, Новокузнецк, Кемеровская обл., 654013",Новокузнецк,Новокузнецк,Кемеровская область,Russia,53.8060637,87.3789773,5,1,OPERATIONAL,establishment|point_of_interest|shopping_mall,ChIJ6e7N94_b0EIRVvCRQM__6N4,сельскохозяйственный рынок,yes
Социальный Рынок,"просп. Дружбы, 62А, Новокузнецк, Кемеровская обл., 654080",Новокузнецк,Новокузнецк,Кемеровская область,Russia,53.7565951,87.1659548,,,OPERATIONAL,establishment|point_of_interest,ChIJkSY6o3rB0EIREBnHx7scLwk,сельскохозяйственный рынок,yes
Социальный Рынок,"Маркшейдерская ул., 4А, Новокузнецк, Кемеровская обл., 654013",Новокузнецк,Новокузнецк,Кемеровская область,Russia,53.8064335,87.37340379999999,,,OPERATIONAL,establishment|point_of_interest,ChIJfQ-25e_b0EIRZSxUZbqGKQo,сельскохозяйственный рынок,yes
Торговый киоск № 8,"рынок ""На Белана, просп. Строителей, 64А, Новокузнецк, Кемеровская обл., 654005",Новокузнецк,Новокузнецк,Кемеровская область,Russia,53.773576,87.1252049,4,49,OPERATIONAL,establishment|food|grocery_or_supermarket|point_of_interest|store,ChIJzyIqNyfB0EIRG6iBiI2I7kk,сельскохозяйственный рынок,check
Фрукты Овощи,"Октябрьский пр., 3, Новокузнецк, Кемеровская обл., 654018",Новокузнецк,Новокузнецк,Кемеровская область,Russia,53.7565967,87.13953049999999,3,3,OPERATIONAL,establishment|food|point_of_interest|store,ChIJ24Ly4w_B0EIRbSJPLBj1Suw,плодоовощная база оптовая,check
Фрукты Овощи,"Октябрьский пр., 60, Новокузнецк, Кемеровская обл., 654041",Новокузнецк,Новокузнецк,Кемеровская область,Russia,53.7462777,87.1534621,,,OPERATIONAL,establishment|food|point_of_interest|store,ChIJXdQk_Z_B0EIRb005JTdSZ7s,плодоовощная база оптовая,check
Фрукты Овощи,"пр. Металлургов, 2, Новокузнецк, Кемеровская обл., 654079",Новокузнецк,Новокузнецк,Кемеровская область,Russia,53.7485351,87.1184638,1,1,OPERATIONAL,establishment|food|grocery_or_supermarket|point_of_interest|store,ChIJbTfgJ_nA0EIRfkqWuRx6O9M,сельскохозяйственный рынок,check
Фрукты Овощи Орехи,"Переездная ул., 7, Новокузнецк, Кемеровская обл., 654063",Новокузнецк,Новокузнецк,Кемеровская область,Russia,53.7498701,87.0874869,3,1,OPERATIONAL,establishment|food|point_of_interest|store,ChIJJUXi2ojA0EIRkHcDIgOGGw0,оптовая база продуктов питания,check
Фрукты-овощи,"Переездная ул., 1/11, Новокузнецк, Кемеровская обл., 654063",Новокузнецк,Новокузнецк,Кемеровская область,Russia,53.7517896,87.08838800000001,,,OPERATIONAL,establishment|food|point_of_interest,ChIJTdXO4Y7A0EIR8xThYJ7rozY,плодоовощная база оптовая,check
"LAVAZZA, кофейная компания(БРЕНД КОФЕ)","ул. Дзержинского, 154, Новороссийск, Краснодарский край, 353910",Новороссийск,Новороссийск,Краснодарский край,Russia,44.6942457,37.7803332,5,4,OPERATIONAL,cafe|establishment|food|point_of_interest|store,ChIJ60Mzr2v48UARa0qnWnJLQ0o,оптовая база продуктов питания,check
TSHC Ltd.,"Портовая ул., 19, Новороссийск, Краснодарский край, 353901",Новороссийск,Новороссийск,Краснодарский край,Russia,44.7371315,37.7923427,4.7,6,OPERATIONAL,establishment|point_of_interest,ChIJjZpNsBL58UARXBgs3QkyMqo,оптовая база продуктов питания,check
АГРО1: фрукты и овощи оптом,"Портовая ул., 16, Новороссийск, Краснодарский край, 353907",Новороссийск,Новороссийск,Краснодарский край,Russia,44.734383,37.785933,3.4,5,OPERATIONAL,establishment|food|grocery_or_supermarket|point_of_interest|store,ChIJ5fmm4Fr58UARgWACRczm8mk,оптовый продовольственный рынок,yes
Агрокомплекс Выселковский,"ул. Исаева, 6а, Новороссийск, Краснодарский край, 353905",Новороссийск,Новороссийск,Краснодарский край,Russia,44.7063152,37.7854721,4.4,168,OPERATIONAL,establishment|food|grocery_or_supermarket|point_of_interest|store,ChIJ0To4p7L58UARtzRSavWN6dg,сельскохозяйственный рынок,yes
"Агроматика - доставка свежих овощей, фруктов, ягод, зелени, орехов и сухофруктов","пр. Ленина, 9Б, Новороссийск, Краснодарский край, 353910",Новороссийск,Новороссийск,Краснодарский край,Russia,44.70088,37.7829049,,,OPERATIONAL,establishment|food|grocery_or_supermarket|point_of_interest|store,ChIJq97eQrL58UARKV-Qs8_MvvY,оптовая база продуктов питания,yes
Барахолка (Блошинный Рынок),"Анапское ш., 87г, Новороссийск, Краснодарский край, 353912",Новороссийск,Новороссийск,Краснодарский край,Russia,44.74219540000001,37.7304408,4,118,OPERATIONAL,establishment|point_of_interest|shopping_mall,ChIJm6OWVBX48UARfKlPgFfV2mA,сельскохозяйственный рынок,yes
Дубки,"ул. Видова, 158А, Новороссийск, Краснодарский край, 353912",Новороссийск,Новороссийск,Краснодарский край,Russia,44.7311864,37.742929,3.4,7,OPERATIONAL,establishment|food|point_of_interest,ChIJycIz987-8UARh2huF138bbE,оптовая база продуктов питания,check
Ешь Здорово,"Южная ул., 21, Новороссийск, Краснодарский край, 353925",Новороссийск,Новороссийск,Краснодарский край,Russia,44.67615989999999,37.7875841,3,2,OPERATIONAL,establishment|food|health|point_of_interest|store,ChIJC5kBgAT58UAR6jHj93xCQ6U,оптовая база продуктов питания,check
"ЗАО ""Мясокомбинат Новороссийский""","ул. Козлова, 41, Новороссийск, Краснодарский край, 353907",Новороссийск,Новороссийск,Краснодарский край,Russia,44.726002,37.7589216,4,4,OPERATIONAL,establishment|food|point_of_interest,ChIJV5D328z-8UARkuMwakqoP6M,оптовая база продуктов питания,check
Западный рынок,"Анапское ш., 87, Новороссийск, Краснодарский край, 353912",Новороссийск,Новороссийск,Краснодарский край,Russia,44.7422536,37.7304733,4,1179,OPERATIONAL,establishment|point_of_interest|shopping_mall,ChIJC0yo5-r-8UARCcWZIVA49SA,оптовый продовольственный рынок,yes
ИП Ковалева О. В.,"ул. Луначарского, 28/1, Новороссийск, Краснодарский край, 353900",Новороссийск,Новороссийск,Краснодарский край,Russia,44.7254705,37.742287,3.8,8,OPERATIONAL,establishment|food|meal_delivery|point_of_interest,ChIJb7c9P9L-8UARk87oY7gQbu8,оптовая база продуктов питания,check
Кубанская Группа,"ул. Мира, 7/9, Новороссийск, Краснодарский край, 353900",Новороссийск,Новороссийск,Краснодарский край,Russia,44.727078,37.7701338,4.8,5,OPERATIONAL,establishment|food|point_of_interest,ChIJGQBpIh388UARzHAikgt5kZs,оптовая база продуктов питания,check
Новороссийская рыбная компания,"ул. Мира, 3, Новороссийск, Краснодарский край, 353900",Новороссийск,Новороссийск,Краснодарский край,Russia,44.7271007,37.7700842,3.4,5,OPERATIONAL,establishment|food|point_of_interest|restaurant,ChIJ1cVH9Tf58UARgDmT1or_dGo,оптовая база продуктов питания,check
НОВХАЛ,"ул. Советов, 42, Новороссийск, Краснодарский край, 353900",Новороссийск,Новороссийск,Краснодарский край,Russia,44.718677,37.776591,,,OPERATIONAL,establishment|food|point_of_interest,ChIJvw8HiT358UARt9jpIiFOqBw,оптовый продовольственный рынок,check
Овощной,"ул. Видова, 164 А, Новороссийск, Краснодарский край, 353912",Новороссийск,Новороссийск,Краснодарский край,Russia,44.7324832,37.7401261,5,9,OPERATIONAL,establishment|food|point_of_interest,ChIJFyuMAc_-8UARuMgOm2auxQI,оптовый продовольственный рынок,check
Овощной,"ул. набережная Адмирала Серебрякова, Новороссийск, Краснодарский край, 353913",Новороссийск,Новороссийск,Краснодарский край,Russia,44.6917173,37.7918008,,,OPERATIONAL,establishment|point_of_interest,ChIJ_5z8v1H48UARnNQieEavX1o,сельскохозяйственный рынок,check
"ООО ""Винарт-новороссийск""","ул. Луначарского, 29 а, Новороссийск, Краснодарский край, 353912",Новороссийск,Новороссийск,Краснодарский край,Russia,44.7273615,37.7373618,4.2,13,OPERATIONAL,establishment|food|point_of_interest|store,ChIJ3bjgQMn-8UARm25N4NIw-Lo,оптовая база продуктов питания,check
"ООО ""Птицефабрика ""Новороссийск""""","Цемдолина п. Красина ул., Новороссийск, Краснодарский край, 353913",Новороссийск,Новороссийск,Краснодарский край,Russia,44.753102,37.71601,4.1,91,OPERATIONAL,establishment|food|point_of_interest|store,ChIJtYslcUH48UAR49o6PxrCazE,оптовая база продуктов питания,check
"ООО ""Югпродукт""","с. Цемдолина, ул. Промышленная, 3а, Новороссийск, Краснодарский край, 353960",Новороссийск,Новороссийск,Краснодарский край,Russia,44.7671086,37.711336,5,1,OPERATIONAL,establishment|food|point_of_interest|store,ChIJ18trKnr-8UARqKmyd3_7_uI,оптовый продовольственный рынок,check
Оптовая продажа фруктов и овощей Юнекс-Новороссийск,"ул. Промышленная, 1""а, Новороссийск, Краснодарский край, 353960",Новороссийск,Новороссийск,Краснодарский край,Russia,44.7693214,37.7101542,,,OPERATIONAL,establishment|point_of_interest,ChIJU4puGXf-8UARDGKPatHb958,оптовый продовольственный рынок,yes
"Оптовичок,","ул. Героев Десантников, 18, Новороссийск, Краснодарский край, 353922",Новороссийск,Новороссийск,Краснодарский край,Russia,44.6866053,37.7754493,4.5,56,OPERATIONAL,establishment|food|grocery_or_supermarket|point_of_interest|store,ChIJxRBhg1748UAR75Kjc6KYDWk,оптовый продовольственный рынок,yes
"Оптовый склад молочной продукции, ИП Киданова О.В.","ул. Луначарского, 25а, Новороссийск, Краснодарский край, 353912",Новороссийск,Новороссийск,Краснодарский край,Russia,44.7301165,37.74386,5,1,OPERATIONAL,establishment|food|point_of_interest,ChIJh32ZZM7-8UAR0jgLpUATiyQ,оптовая база продуктов питания,yes
Раки «РакоедовЪ» на Шмидта,"ул. Лейтенанта Шмидта, 17, Новороссийск, Краснодарский край, 353915",Новороссийск,Новороссийск,Краснодарский край,Russia,44.7111159,37.777121,4.2,80,OPERATIONAL,establishment|food|liquor_store|meal_delivery|point_of_interest|store,ChIJfxYRuBv58UARtlVMn93Gmg8,оптовая база продуктов питания,check
"Ритейл-парк ""Южный""","ул. Героев Десантников, 2, Новороссийск, Краснодарский край, 353913",Новороссийск,Новороссийск,Краснодарский край,Russia,44.6857582,37.7806329,4.3,936,OPERATIONAL,establishment|point_of_interest|shopping_mall,ChIJvQThgVv48UARm-UDc-ezFL8,сельскохозяйственный рынок,check
Рыбный Двор,"ул. набережная Адмирала Серебрякова, 79, Новороссийск, Краснодарский край, 353910",Новороссийск,Новороссийск,Краснодарский край,Russia,44.6934233,37.7911483,4.4,839,OPERATIONAL,establishment|food|grocery_or_supermarket|point_of_interest|store,ChIJuwApeVH48UAR4RvGTIb6_hI,сельскохозяйственный рынок,check
Рынок Часть 2,"Новороссийск, Краснодарский край, 353922",Новороссийск,Новороссийск,Краснодарский край,Russia,44.68738949999999,37.7730074,4.5,13,OPERATIONAL,establishment|food|grocery_or_supermarket|point_of_interest|store,ChIJEwwy_F748UARitbAHPObxrE,оптовый продовольственный рынок,yes
Фермерский,"ул. Героев Десантников, 81а, Новороссийск, Краснодарский край, 353922",Новороссийск,Новороссийск,Краснодарский край,Russia,44.687561,37.7724339,1,1,OPERATIONAL,establishment|food|grocery_or_supermarket|point_of_interest|store,ChIJ11kLBF_48UAREW5KO48Zi9g,сельскохозяйственный рынок,check
"ФРЕШ НОВО, офощи-фрукты оптом","Промышленная ул 1 пос. Цемдолина, Новороссийск, Краснодарский край, 353902",Новороссийск,Новороссийск,Краснодарский край,Russia,44.7662369,37.7149701,,,OPERATIONAL,establishment|point_of_interest,ChIJ8YmhjHn-8UARuSmlDhksOOM,оптовый продовольственный рынок,yes
Центральный Рынок,"ул. Сипягина, 9, Новороссийск, Краснодарский край, 353900",Новороссийск,Новороссийск,Краснодарский край,Russia,44.7218788,37.7678635,4.1,1800,OPERATIONAL,establishment|food|grocery_or_supermarket|point_of_interest|store|supermarket,ChIJ3WqgYzr58UARZvPHw8rjWjQ,оптовый продовольственный рынок,yes
Центральный Рынок имени Евгения Пинхасова,"ул. Бирюзова, 3, Новороссийск, Краснодарский край, 353900",Новороссийск,Новороссийск,Краснодарский край,Russia,44.7216787,37.7688321,4,2812,OPERATIONAL,establishment|point_of_interest,ChIJGQBpIh388UARL2tb9BAZ8XI,оптовый продовольственный рынок,yes
Черноморская Торгово-Промышленная Компания,"ул. Бирюзова, д.8, Новороссийск, Краснодарский край, 353900",Новороссийск,Новороссийск,Краснодарский край,Russia,44.7201809,37.767264,4.2,88,OPERATIONAL,establishment|point_of_interest,ChIJM4pbajv58UAR9nbq-C4fE94,оптовый продовольственный рынок,check
Южный,"Южная ул., 14, Новороссийск, Краснодарский край, 353925",Новороссийск,Новороссийск,Краснодарский край,Russia,44.676721,37.78562700000001,4,31,OPERATIONAL,establishment|food|grocery_or_supermarket|point_of_interest|store,ChIJjQaaqmv48UARxEd7rCsbzkc,сельскохозяйственный рынок,check
Южный Рынок,"ул. Героев Десантников, 2/2, Новороссийск, Краснодарский край, 353922",Новороссийск,Новороссийск,Краснодарский край,Russia,44.6873113,37.78098689999999,4.3,231,OPERATIONAL,establishment|point_of_interest,ChIJFR-ykVv48UAR5uupHf16-tM,оптовый продовольственный рынок,yes
"Бюджет, сеть магазинов продуктов питания","Ягодная ул., Новосадовый, Белгородская обл., 308518",Новосадовый,Белгород,Белгородская область,Russia,50.64864679999999,36.6830092,,,OPERATIONAL,establishment|point_of_interest,ChIJQ48SwtNtJkER8BxZO_IwVCk,оптовая база продуктов питания,check
"""Континенты и Океаны"" ООО","47к1,, ул. Петухова, 47 корпус 1, Новосибирск, Новосибирская обл., 630052",Новосибирск,Новосибирск,Новосибирская область,Russia,54.9535376,82.86017950000002,5,1,OPERATIONAL,establishment|food|point_of_interest,ChIJKfeJesng30IRuCNLgygF1pc,оптовая база продуктов питания,check
Адамант,"Игарская ул., 56, Новосибирск, Новосибирская обл., 630020",Новосибирск,Новосибирск,Новосибирская область,Russia,55.102388,82.931562,4.5,4,OPERATIONAL,establishment|point_of_interest,ChIJdV0ypWLv30IR6rCr67EuF18,плодоовощная база оптовая,check
Барс,"ул. Большая, 274, Новосибирск, Новосибирская обл., 630036",Новосибирск,Новосибирск,Новосибирская область,Russia,55.0097045,82.8666763,4.9,15,OPERATIONAL,establishment|food|point_of_interest|store,ChIJT3M9Defn30IRl1Q4Hq7mbiE,оптовая база продуктов питания,check
Волочаевский,"Гусинобродское ш., 11к5, Новосибирск, Новосибирская обл., 630124",Новосибирск,Новосибирск,Новосибирская область,Russia,55.0364538,83.0018494,4,689,OPERATIONAL,establishment|point_of_interest,ChIJOfe20Dnv30IRqnmY2QzYxVI,сельскохозяйственный рынок,check
Все товары для дома,"ул. Толмачёвская, 19а, корпус 2, Новосибирск, Новосибирская обл., 630052",Новосибирск,Новосибирск,Новосибирская область,Russia,54.958929,82.83038979999999,4.5,3387,OPERATIONAL,establishment|food|point_of_interest|shopping_mall|store,ChIJk7e4NeXg30IR47VpacAYzbk,оптовый продовольственный рынок,check
Геба ЗАО,"ул. Станционная, 38, Новосибирск, Новосибирская обл., 630136",Новосибирск,Новосибирск,Новосибирская область,Russia,54.99755400000001,82.8452815,4.1,37,OPERATIONAL,establishment|food|grocery_or_supermarket|point_of_interest|store,ChIJizvLHknh30IRQEilAMZVljE,оптовая база продуктов питания,check
Городская социальная продовольственная ярмарка,"ул. Большевистская, 131, к. 2, Новосибирск, Новосибирская обл., 630083",Новосибирск,Новосибирск,Новосибирская область,Russia,55.000146,82.95805610000001,4.4,477,OPERATIONAL,establishment|point_of_interest,ChIJ6Vb8aT3m30IRYuEL8mNqg_A,оптовый продовольственный рынок,yes
Городская Социальная Продовольственная Ярмарка,"к, ул. Петухова, 69 корпус 1, Новосибирск, Новосибирская обл., 630088",Новосибирск,Новосибирск,Новосибирская область,Russia,54.944076,82.90618049999999,4.5,237,OPERATIONAL,establishment|food|point_of_interest,ChIJr5i55Wjn30IR9ibWs5rSxiY,оптовый продовольственный рынок,yes
Заельцовский Рынок,"ул. Дуси Ковальчук, 274/1, Новосибирск, Новосибирская обл., 630049",Новосибирск,Новосибирск,Новосибирская область,Russia,55.05897659999999,82.9173002,3.8,586,OPERATIONAL,establishment|point_of_interest,ChIJB2dOSabl30IRxhlpEY5lfWw,сельскохозяйственный рынок,yes
ИП Гордиенко,"ул. Связистов, 161/2, Новосибирск, Новосибирская обл., 630052",Новосибирск,Новосибирск,Новосибирская область,Russia,54.9630318,82.8319049,4.2,25,OPERATIONAL,establishment|food|grocery_or_supermarket|point_of_interest|store,ChIJI6_f_Obg30IR7zZsyR3Idt4,сельскохозяйственный рынок,check
Крестьянская Слобода,"ул. Кубовая, 103/2, Новосибирск, Новосибирская обл., 630040",Новосибирск,Новосибирск,Новосибирская область,Russia,55.1288032,82.898529,4.8,17,OPERATIONAL,establishment|point_of_interest,ChIJTT0jucL630IRR4Jx4xWgv8k,оптовый продовольственный рынок,check
"Левобережка, магазин-склад овощей и фруктов","Новосибирск, Новосибирская обл., 630088",Новосибирск,Новосибирск,Новосибирская область,Russia,54.9517669,82.9115447,4.3,282,OPERATIONAL,establishment|food|grocery_or_supermarket|point_of_interest|store,ChIJATYVqG3n30IRmCKolOeoLTM,оптовый продовольственный рынок,check
"Левобережный, универсальный розничный рынок","корп. 8, ул. Сибиряков-Гвардейцев, 49/1, Новосибирск, Новосибирская обл., 630088",Новосибирск,Новосибирск,Новосибирская область,Russia,54.9492246,82.9227174,4.2,661,OPERATIONAL,establishment|point_of_interest,ChIJ-dMc0HLn30IRuUvMCz78qz8,оптовый продовольственный рынок,yes
Ленинский рынок,"а, ул. Плахотного, 2, Новосибирск, Новосибирская обл., 630034",Новосибирск,Новосибирск,Новосибирская область,Russia,54.9863387,82.86049679999999,3.9,5103,OPERATIONAL,establishment|food|grocery_or_supermarket|point_of_interest|store|supermarket,ChIJB9oOZs7m30IRr6O_82PnvzE,оптовый продовольственный рынок,yes
Мастер Кейк,"ул. 2-я Школьная, 43 Б, Новосибирск, Новосибирская обл., 630032",Новосибирск,Новосибирск,Новосибирская область,Russia,55.0019111,82.87765499999999,4.4,5,OPERATIONAL,establishment|point_of_interest,ChIJdZ90qrzm30IRi9T48wZlsOI,оптовый продовольственный рынок,check
Мой сад,"пр. Северный, 7/2, Новосибирск, Новосибирская обл., 630088",Новосибирск,Новосибирск,Новосибирская область,Russia,54.9494476,82.909087,4.9,16,OPERATIONAL,establishment|food|point_of_interest,ChIJ25YUQmzn30IR6RASQkcaWIo,плодоовощная база оптовая,check
НАША РЫБА,"пр. Северный, 3/1, офис 25, Новосибирск, Новосибирская обл., 630088",Новосибирск,Новосибирск,Новосибирская область,Russia,54.94892429999999,82.8904924,4.9,13,OPERATIONAL,establishment|food|point_of_interest,ChIJa4o240bn30IRxJg9gFzKrsQ,оптовая база продуктов питания,check
Новосиб-фрукт,"Тайгинская ул., 103, Новосибирск, Новосибирская обл., 630129",Новосибирск,Новосибирск,Новосибирская область,Russia,55.11536599999999,82.97273,,,OPERATIONAL,establishment|point_of_interest,ChIJBwE45jLx30IR90SYwH1I6wo,плодоовощная база оптовая,check
Овощи И Фрукты Оптом,"ул. Дунайская, 16/9, Новосибирск, Новосибирская обл., 630009",Новосибирск,Новосибирск,Новосибирская область,Russia,55.003366,82.9697769,3.8,5,OPERATIONAL,establishment|food|point_of_interest|store,ChIJN29gIR_m30IRKr7M6vCqNRg,плодоовощная база оптовая,yes
Овощной мир,"Беловежская ул., 5, Новосибирск, Новосибирская обл., 630024",Новосибирск,Новосибирск,Новосибирская область,Russia,54.9599499,82.87958990000001,4.5,33,OPERATIONAL,establishment|food|point_of_interest|store,ChIJQ3HHqSLn30IRz8Yd0RJBDTY,оптовый продовольственный рынок,check
Октябрьский рынок,"Ленинградская ул., 75, Новосибирск, Новосибирская обл., 630008",Новосибирск,Новосибирск,Новосибирская область,Russia,55.0157471,82.9531403,4,2472,OPERATIONAL,establishment|food|grocery_or_supermarket|point_of_interest|store,ChIJyyc-3A7m30IRzeV9ZHGAYYg,оптовый продовольственный рынок,yes
"ООО ""Аргут"" - продукты питания оптом","Толмачевское ш., 27 корпус 2, Новосибирск, Новосибирская обл., 630052",Новосибирск,Новосибирск,Новосибирская область,Russia,54.96263700000001,82.819272,4,2,OPERATIONAL,establishment|food|point_of_interest,ChIJwy26Pfvg30IRSxE8Qxnlk8I,оптовая база продуктов питания,yes
ООО ИРП54,"ул. Добролюбова, 16, Новосибирск, Новосибирская обл., 630009",Новосибирск,Новосибирск,Новосибирская область,Russia,55.0089722,82.9513589,5,2,OPERATIONAL,establishment|food|point_of_interest,ChIJSx9qJhLm30IRc-qd_zu96sU,оптовая база продуктов питания,check
ООО Молетай,"ул. Станционная, 38/1, Новосибирск, Новосибирская обл., 630108",Новосибирск,Новосибирск,Новосибирская область,Russia,55.000056,82.83131,5,2,OPERATIONAL,establishment|food|point_of_interest,ChIJo__KY0Ln30IRfCYMWCIHQ0s,оптовая база продуктов питания,check
ОПТОВАЯ КОМПАНИЯ ПО ПРОДАЖЕ ПРОДУКТОВ ПИТАНИЯ,"строение 6, ул. Сибиряков-Гвардейцев, 49/1, Новосибирск, Новосибирская обл., 630088",Новосибирск,Новосибирск,Новосибирская область,Russia,54.952095,82.9018024,,,OPERATIONAL,establishment|point_of_interest,ChIJLwbdz2rn30IR09TlFzh2eHE,оптовая база продуктов питания,yes
Пионер Оптово-Розничный Рынок,"Гусинобродское ш., 62, Новосибирск, Новосибирская обл., 630124",Новосибирск,Новосибирск,Новосибирская область,Russia,55.0366029,83.0116288,4.3,380,OPERATIONAL,establishment|point_of_interest,ChIJ3_GAgzrv30IRwY3cfuhT4iw,оптовый продовольственный рынок,yes
Плодоовощная База N 2 ООО,"ул. Дунайская, 16/1, Новосибирск, Новосибирская обл., 630063",Новосибирск,Новосибирск,Новосибирская область,Russia,55.0041763,82.9697053,4.4,19,OPERATIONAL,establishment|food|grocery_or_supermarket|point_of_interest|store,ChIJo0f-2h7m30IRLePlJ0dukoc,оптовый продовольственный рынок,yes
ПродГамма,"Толмачевское ш., 17/1, Новосибирск, Новосибирская обл., 630052",Новосибирск,Новосибирск,Новосибирская область,Russia,54.9559313,82.8289927,4.4,25,OPERATIONAL,establishment|food|grocery_or_supermarket|point_of_interest|store,ChIJYZHXxO7g30IRZrxs03z3EWM,оптовая база продуктов питания,check
Продукты питания,"ул. Доватора, 19/1, Новосибирск, Новосибирская обл., 630124",Новосибирск,Новосибирск,Новосибирская область,Russia,55.04384810000001,82.99896869999999,5,5,OPERATIONAL,establishment|food|grocery_or_supermarket|point_of_interest|store,ChIJ0UvQ_z7v30IRD0RFqVGcunI,оптовая база продуктов питания,check
"РОСАГРОРЕЗЕРВ, доставка овощей и фруктов оптом и в розницу","ул. Костычева, 40/2, Новосибирск, Новосибирская обл., 630079",Новосибирск,Новосибирск,Новосибирская область,Russia,54.9764395,82.8764356,3.9,11,OPERATIONAL,establishment|food|point_of_interest|store,ChIJdxegndfm30IRteM5mIykd5A,плодоовощная база оптовая,yes
Рынок,"ул. Красноярская, 32к2, Новосибирск, Новосибирская обл., 630132",Новосибирск,Новосибирск,Новосибирская область,Russia,55.038996,82.902417,3.5,25,OPERATIONAL,establishment|food|grocery_or_supermarket|point_of_interest|store,ChIJm7LeADXk30IRBvVVRN2rdP0,оптовый продовольственный рынок,yes
"Сахарный Альянс Сибири, ООО","ул. Толмачёвская, 1/1, Новосибирск, Новосибирская обл., 630052",Новосибирск,Новосибирск,Новосибирская область,Russia,54.9642999,82.8283956,4.3,4,OPERATIONAL,establishment|food|point_of_interest,ChIJr87Op-bg30IRnY-AUVvjJvE,оптовая база продуктов питания,check
Сибирские земли,"ул. Декабристов, 247, Новосибирск, Новосибирская обл., 630009",Новосибирск,Новосибирск,Новосибирская область,Russia,55.0021601,82.97139410000001,4.3,23,OPERATIONAL,establishment|food|point_of_interest,ChIJVcQ6tkvn30IREy50tf-WcMg,плодоовощная база оптовая,check
"Сибирский продукт, продажа, доставка продуктов питания","ул. Дунайская, 19/1, Новосибирск, Новосибирская обл., 630009",Новосибирск,Новосибирск,Новосибирская область,Russia,55.00443199999999,82.968706,4.5,24,OPERATIONAL,establishment|food|meal_delivery|point_of_interest|store,ChIJWeTJzh7m30IRWuFgCSEcFm0,оптовая база продуктов питания,check
Сибирь Сервис Опт,"ул. Сибиряков-Гвардейцев, 51/1, Новосибирск, Новосибирская обл., 630088",Новосибирск,Новосибирск,Новосибирская область,Russia,54.944517,82.89998399999999,4,3,OPERATIONAL,establishment|food|point_of_interest,ChIJTes9Y0Ln30IRqlGMvxXue0Q,оптовая база продуктов питания,yes
Сибмир Групп,"Новосибирск, Новосибирская обл., 630088",Новосибирск,Новосибирск,Новосибирская область,Russia,54.94781700000001,82.875918,5,4,OPERATIONAL,establishment|food|point_of_interest,ChIJf0FcyEvn30IRuNCYgT_lIHo,оптовая база продуктов питания,check
СибСнабПродукт,"Электрозаводской пр-д, 10, Новосибирск, Новосибирская обл., 630099",Новосибирск,Новосибирск,Новосибирская область,Russia,55.059909,82.971597,3.8,4,OPERATIONAL,establishment|point_of_interest,ChIJXTdgYsPl30IRNltlRXdItxM,оптовая база продуктов питания,check
Фермерский Рынок,"ул. Кубовая, 103, Новосибирск, Новосибирская обл., 630040",Новосибирск,Новосибирск,Новосибирская область,Russia,55.1280429,82.897432,4.7,14,OPERATIONAL,establishment|point_of_interest,ChIJbbGRNN3630IRh5HgjWfKNPk,оптовый продовольственный рынок,yes
ФРУКТЛЭНД,"пр. Северный, 7/4, Новосибирск, Новосибирская обл., 630088",Новосибирск,Новосибирск,Новосибирская область,Russia,54.9494967,82.9259232,,,OPERATIONAL,establishment|point_of_interest,ChIJGdU9M3Tn30IRMyu32Wek15w,плодоовощная база оптовая,check
"Фрукты, овощи","ул. Зорге, 1A, Новосибирск, Новосибирская обл., 630088",Новосибирск,Новосибирск,Новосибирская область,Russia,54.9382855,82.8987432,5,2,OPERATIONAL,establishment|food|grocery_or_supermarket|point_of_interest|store,ChIJR19AVFzn30IRmHaz9Eb-sS0,оптовый продовольственный рынок,check
Хилокский рынок,"Хилокская ул., 9 А, Новосибирск, Новосибирская обл., 630052",Новосибирск,Новосибирск,Новосибирская область,Russia,54.94786449999999,82.83278659999999,3.8,2116,OPERATIONAL,establishment|point_of_interest|shopping_mall,ChIJWxFAepPg30IR2q8BcdTbOUk,оптовый продовольственный рынок,yes
Центральный рынок,"ул. Мичурина, 12, Новосибирск, Новосибирская обл., 630091",Новосибирск,Новосибирск,Новосибирская область,Russia,55.0414646,82.92372259999999,4.1,9476,OPERATIONAL,establishment|point_of_interest|shopping_mall,ChIJU-wH8cfl30IRHIAZjnXBP7U,оптовый продовольственный рынок,yes
Чкаловский рынок,"ул. Бродского, 1, Новосибирск, Новосибирская обл., 630051",Новосибирск,Новосибирск,Новосибирская область,Russia,55.0578023,82.9801983,4.1,551,OPERATIONAL,establishment|point_of_interest,ChIJBwLlMG7v30IR5Hij2SL-DV0,сельскохозяйственный рынок,yes
Экопарк,"ул. Сибиряков-Гвардейцев, 47 к1, Новосибирск, Новосибирская обл., 630088",Новосибирск,Новосибирск,Новосибирская область,Russia,54.9538671,82.9026705,4,8,OPERATIONAL,establishment|food|grocery_or_supermarket|point_of_interest|store,ChIJZ5EzTNzn30IRfdhS0HTttQY,сельскохозяйственный рынок,check
Ярмарка свежих продуктов,"Красный пр-т., 220 корпус 10, Новосибирск, Новосибирская обл., 630049",Новосибирск,Новосибирск,Новосибирская область,Russia,55.0686135,82.91254289999999,4.1,137,OPERATIONAL,establishment|food|grocery_or_supermarket|point_of_interest|store,ChIJ9S-e2A7l30IRyJyc8gmamBE,оптовый продовольственный рынок,yes
Овощная Оптовая База,"Норильск, Красноярский край, 663305",Норильск,Нижний Тагил,Свердловская область,Russia,69.3252121,88.2019591,3.6,104,OPERATIONAL,establishment|food|grocery_or_supermarket|point_of_interest|store,ChIJH2yvR9VdrEQRIYHtldE7Okg,плодоовощная база оптовая,yes
Fresh рынок,"ул. Маяковского, 65, Омск, Омская обл., 644010",Омск,Омск,Омская область,Russia,54.9716682,73.3958723,4.1,192,OPERATIONAL,department_store|establishment|point_of_interest|shopping_mall|store,ChIJu_aXKx3-qkMRp8-nhTIDLHY,сельскохозяйственный рынок,yes
Амурский рынок,"ул. 4-я Челюскинцев, 66 корпус 1, Омск, Омская обл., 644086",Омск,Омск,Омская область,Russia,55.0256808,73.4166248,4,1636,OPERATIONAL,establishment|food|grocery_or_supermarket|point_of_interest|store|supermarket,ChIJOzdwPwL_qkMRx3KEYb9NXNM,сельскохозяйственный рынок,yes
Белый Терем,"ул. Олега Кошевого, 46, Омск, Омская обл., 644082",Омск,Омск,Омская область,Russia,54.93486619999999,73.3246475,4.4,8,OPERATIONAL,establishment|food|point_of_interest|store,ChIJf3P92EwCq0MRwY3Zgr9hyfQ,оптовая база продуктов питания,check
Забайкальский,"пр. Мира, 71А, Омск, Омская обл., 644085",Омск,Омск,Омская область,Russia,55.0271383,73.244258,3.9,304,OPERATIONAL,establishment|point_of_interest,ChIJORh6PpIAq0MRyhMMbdBFAs8,сельскохозяйственный рынок,check
Казачий Рынок,"ул. Маршала Жукова, 70 A, Омск, Омская обл., 644024",Омск,Омск,Омская область,Russia,54.9766115,73.3875468,4.3,987,OPERATIONAL,establishment|food|grocery_or_supermarket|point_of_interest|store|supermarket,ChIJcZZIRQj-qkMRUR3naG1g5io,сельскохозяйственный рынок,yes
Казачья Слобода,"ул. Маршала Жукова, 70А, Омск, Омская обл., 644010",Омск,Омск,Омская область,Russia,54.9773368,73.38666529999999,4.4,219,OPERATIONAL,establishment|point_of_interest,ChIJzya8kOP9qkMREJWt4_q-tIg,сельскохозяйственный рынок,check
Квашонок,"Раздольная ул., 1, Омск, Омская обл., 644105",Омск,Омск,Омская область,Russia,55.010904,73.448815,4,12,OPERATIONAL,establishment|food|point_of_interest,ChIJGwrYGer-qkMRn_Szk8mUwPg,оптовая база продуктов питания,check
Копыловский продукт,"ул. 22 Партсъезда, 97 A, корп. 1, Омск, Омская обл., 644105",Омск,Омск,Омская область,Russia,55.0187807,73.4347648,5,1,OPERATIONAL,establishment|food|point_of_interest,ChIJGzYNBd7-qkMReOK3JFagma8,оптовая база продуктов питания,check
Куйбышевская оптовая база,"ул. 10 лет Октября, 215, Омск, Омская обл., 644031",Омск,Омск,Омская область,Russia,54.99214689999999,73.4775027,5,1,OPERATIONAL,establishment|food|point_of_interest|store,ChIJ6072bab-qkMRi_5w3EMnyGg,оптовая база продуктов питания,yes
Левобережный Рынок,"пр. Комарова, 6, Омск, Омская обл., 644119",Омск,Омск,Омская область,Russia,54.9971037,73.28467189999999,4.1,873,OPERATIONAL,establishment|point_of_interest,ChIJzya8kOP9qkMRNsEqa1FHstQ,сельскохозяйственный рынок,yes
Лидер-продукт,"ул. Вавилова, 242/3, Омск, Омская обл., 644034",Омск,Омск,Омская область,Russia,55.0308312,73.3590846,3.7,3,OPERATIONAL,establishment|food|point_of_interest,ChIJMxYPYcb_qkMRyme1ssMm1CE,оптовая база продуктов питания,check
Миллениум,"ул. Дианова, 13, Омск, Омская обл., 644106",Омск,Омск,Омская область,Russia,54.9934473,73.2552323,4.3,525,OPERATIONAL,establishment|point_of_interest,ChIJsx_uARkBq0MRwVoCMwkm058,сельскохозяйственный рынок,check
Мини-Рынок,"ул. Вострецова, 2, Омск, Омская обл., 644113",Омск,Омск,Омская область,Russia,54.9173772,73.4537483,4.6,21,OPERATIONAL,establishment|point_of_interest,ChIJcdMWyBf9qkMRPDFV6xt12a8,сельскохозяйственный рынок,yes
"МОЛИС, торговый дом","ул. Граничная, 59, Омск, Омская обл., 644015",Омск,Омск,Омская область,Russia,54.9392082,73.3229065,4.6,16,OPERATIONAL,establishment|food|point_of_interest,ChIJJwZsFksCq0MRQaXoEJSZ9xQ,оптовая база продуктов питания,check
Октябрьский рынок,"Космический пр., 52, Омск, Омская обл., 644076",Омск,Омск,Омская область,Russia,54.9792595,73.4630887,4.1,618,OPERATIONAL,establishment|point_of_interest,ChIJzya8kOP9qkMRhC4kCdVgcn8,сельскохозяйственный рынок,yes
Омская Макаронная Фабрика,"ул. 22 Партсъезда, 51А, Омск, Омская обл., 644105",Омск,Омск,Омская область,Russia,55.022209,73.431612,4.7,26,OPERATIONAL,establishment|food|point_of_interest,ChIJzya8kOP9qkMRfzuzmhQHi2s,оптовая база продуктов питания,check
"ООО ""Стройгород Восточный""","ул. 5-я Северная, 200, Омск, Омская обл., 644047",Омск,Омск,Омская область,Russia,55.0067198,73.4028173,4.1,538,OPERATIONAL,establishment|point_of_interest,ChIJcd9GxET-qkMRYDZIQV2ri_g,сельскохозяйственный рынок,check
"ООО""Компания""Продэко""","1-я Железнодорожная ул., 1, Омск, Омская обл., 644041",Омск,Омск,Омская область,Russia,54.9438519,73.4272503,5,3,OPERATIONAL,establishment|food|point_of_interest,ChIJjWbj5aL9qkMRCdg0waYwJM4,оптовая база продуктов питания,check
Оптовая База,"ул. 20 лет РККА, 298, Омск, Омская обл., 644027",Омск,Омск,Омская область,Russia,54.9779382,73.4415387,,,OPERATIONAL,establishment|point_of_interest,ChIJM3eNmCv8qkMRNWPfMgCpQQw,плодоовощная база оптовая,yes
"Оптовая база ""Куйбышевская""","ул. 10 лет Октября, 207А, Омск, Омская обл., 644031",Омск,Омск,Омская область,Russia,54.9923158,73.46960949999999,4.3,137,OPERATIONAL,establishment|food|point_of_interest|restaurant,ChIJY9Hz3aP-qkMRz_cDdEHwBdY,оптовый продовольственный рынок,yes
Оптово-розничная компания ИП Запорожец А.А.,"11-я Восточная ул., 3, Омск, Омская обл., 644047",Омск,Омск,Омская область,Russia,55.0070699,73.4152094,4,4,OPERATIONAL,establishment|point_of_interest,ChIJ9dmgnPv_qkMR-nCMJgyjFRo,оптовая база продуктов питания,yes
Продопт База,"644012, Красноярский тракт, 18/2, Омск, Омская обл., 644034",Омск,Омск,Омская область,Russia,55.0267086,73.34902749999999,4.5,6,OPERATIONAL,establishment|point_of_interest|storage,ChIJ_3pjj9r_qkMRiI3uGgASvj0,плодоовощная база оптовая,yes
Продукты со склада,"Иртышская Набережная ул., 22, Омск, Омская обл., 644042",Омск,Омск,Омская область,Russia,54.9588993,73.38083910000002,,,OPERATIONAL,establishment|food|point_of_interest|store,ChIJFWOgSPb9qkMRa6M8i85y3kc,оптовая база продуктов питания,check
Рубикон,"ул. Биофабрика поселок, 30/6, Омск, Омская обл., 644031",Омск,Омск,Омская область,Russia,54.9958086,73.45363019999999,4.2,5,OPERATIONAL,establishment|food|point_of_interest|store,ChIJX4JIQpf-qkMRSYL90b5msfs,оптовая база продуктов питания,check
Рынок,"улица Гусарова, Омск, Омская обл., 644024",Омск,Омск,Омская область,Russia,54.9846391,73.3880203,3,2,OPERATIONAL,establishment|point_of_interest|shopping_mall,ChIJ00NEdQ7-qkMR_Tkrp5mvyp0,сельскохозяйственный рынок,yes
"Рынок ""Дружный""","Тюкалинский тракт, 2, Омск, Омская обл., 644073",Омск,Омск,Омская область,Russia,55.0097174,73.1693063,4.4,17,OPERATIONAL,establishment|point_of_interest,ChIJ-65IBz8Hq0MRoOptr-TGXH4,сельскохозяйственный рынок,yes
Сибмир Групп,"ул. Биофабрика поселок, 30, Омск, Омская обл., 644031",Омск,Омск,Омская область,Russia,54.9968443,73.45421449999999,5,5,OPERATIONAL,establishment|food|point_of_interest|store,ChIJFw44apf-qkMR69kNvpF5KBY,оптовая база продуктов питания,check
Советский рынок,"ул. 20 Партсъезда, 35, Омск, Омская обл., 644029",Омск,Омск,Омская область,Russia,55.0328142,73.2743313,3.7,879,OPERATIONAL,establishment|point_of_interest,ChIJzya8kOP9qkMRDDmusGq3ulc,сельскохозяйственный рынок,yes
Союзконтракт-Сибирь,"ул. 22 Партсъезда, 98Б, Омск, Омская обл., 644105",Омск,Омск,Омская область,Russia,55.01614009999999,73.435215,4.4,16,OPERATIONAL,establishment|food|point_of_interest,ChIJM4fqN-T-qkMRybYQW8F3Tko,оптовая база продуктов питания,check
Строительный рынок,"пр. Менделеева, 13, Омск, Омская обл., 644083",Омск,Омск,Омская область,Russia,55.047465,73.306471,4.4,190,OPERATIONAL,establishment|home_goods_store|point_of_interest|store,ChIJuX2KwgUAq0MRj4Kr9Bs4_EA,сельскохозяйственный рынок,yes
ТК Фермерские продукты,"ул. Дмитриева, 5, Омск, Омская обл., 644123",Омск,Омск,Омская область,Russia,54.9863006,73.3154335,4.7,3,OPERATIONAL,establishment|point_of_interest|shopping_mall,ChIJUUOgz_QBq0MRUr4erL1wwsA,сельскохозяйственный рынок,check
"ТМ ""Сибирские просторы""","ул. 70 лет Октября, 13/3, оф. 5, Омск, Омская обл., 644074",Омск,Омск,Омская область,Russia,54.9825613,73.3170475,5,1,OPERATIONAL,establishment|food|point_of_interest,ChIJQ80IuJYBq0MRwUTJM9UHtj0,оптовая база продуктов питания,check
Торговый Город,"ул. 70 лет Октября, 25, Омск, Омская обл., 644011",Омск,Омск,Омская область,Russia,54.976905,73.33776499999999,4.1,1723,OPERATIONAL,establishment|food|grocery_or_supermarket|point_of_interest|store,ChIJzya8kOP9qkMRbj-_bdcnFd8,сельскохозяйственный рынок,check
ТРИГОН,"ул. 22 Партсъезда, 51-в, Омск, Омская обл., 644105",Омск,Омск,Омская область,Russia,55.0275538,73.43012519999999,5,12,OPERATIONAL,establishment|food|point_of_interest,ChIJhXwoCx7_qkMRsR1PuvSHeng,оптовая база продуктов питания,check
"ТЯК ""Панорама-Центр""","ул. Кирова, 49/1, Омск, Омская обл., 644041",Омск,Омск,Омская область,Russia,54.9465476,73.4233484,4.1,352,OPERATIONAL,establishment|point_of_interest|shopping_mall,ChIJgx7vR739qkMR_VFXQs5IOh8,сельскохозяйственный рынок,check
Фруктово-овощная база,"ул. Барнаульская, 25, Омск, Омская обл., 644047",Омск,Омск,Омская область,Russia,55.00687989999999,73.4081648,5,1,OPERATIONAL,establishment|point_of_interest,ChIJMxli71v-qkMRURVfQyWyFV8,оптовый продовольственный рынок,yes
Фруктово-овощная База,"Нефтезаводская ул., 42/1, Омск, Омская обл., 644065",Омск,Омск,Омская область,Russia,55.053669,73.262112,4.7,24,OPERATIONAL,establishment|food|point_of_interest|store,ChIJST86nISqq0MRrHv_7NQ3umI,плодоовощная база оптовая,yes
Хитрый Рынок,"ул. Ипподромная, 27, Омск, Омская обл., 644021",Омск,Омск,Омская область,Russia,54.9648109,73.40802579999999,4.2,2030,OPERATIONAL,establishment|point_of_interest,ChIJsWyMFuj9qkMR0IBsqNp8K6M,сельскохозяйственный рынок,yes
Хоз поставщик,"ул. Лескова, 6, Омск, Омская обл., 644521",Омск,Омск,Омская область,Russia,54.9846042,73.4547106,4.9,12,OPERATIONAL,establishment|point_of_interest,ChIJb59LOO0Dq0MRNv73BGRoAlA,оптовая база продуктов питания,check
Центральный рынок,"ул. Гусарова, 33, Омск, Омская обл., 644007",Омск,Омск,Омская область,Russia,54.9970835,73.3782025,3.9,1391,OPERATIONAL,establishment|point_of_interest,ChIJzya8kOP9qkMRpx8au1dthg8,сельскохозяйственный рынок,yes
"Черлакский, оптовый рынок","Черлакский тракт, 3/2, Омск, Омская обл., 644091",Омск,Омск,Омская область,Russia,54.8958556,73.4162772,3.9,957,OPERATIONAL,establishment|food|point_of_interest,ChIJIbJ4ulX9qkMRtb-Jt6lH3yA,оптовый продовольственный рынок,yes
ecoapple,"Пищевой пер., 15, Орёл, Орловская обл., 302043",Орёл,Орёл,Орловская область,Russia,52.93496039999999,36.0564426,5,1,OPERATIONAL,establishment|food|point_of_interest|store,ChIJYy7CVdR5aEERUPQvo2P3doA,оптовый продовольственный рынок,check
Арктик,"Высоковольтная ул., 4, Орёл, Орловская обл., 302008",Орёл,Орёл,Орловская область,Russia,52.9126038,36.0111853,3.3,4,OPERATIONAL,establishment|food|point_of_interest,ChIJQTUI1FIFMkER-I4XxttlPo8,оптовая база продуктов питания,check
Большой,"12 а, платформа Кромская, г. Орел, Орловская обл., Россия 302043, Орёл, Орловская обл., 302043",Орёл,Орёл,Орловская область,Russia,52.9366111,36.0470352,4.3,15,OPERATIONAL,establishment|food|point_of_interest,ChIJhel7OqcaMkER_AVoSRTI1vA,плодоовощная база оптовая,check
ИП Бурова Е.Д.,"Кромская платформа, 12-а, Орёл, 302043",Орёл,Орёл,Орловская область,Russia,52.935372,36.04516100000001,4.3,15,OPERATIONAL,establishment|point_of_interest,ChIJ0R5N4poaMkERIF3PV6j8DgQ,оптовая база продуктов питания,check
"Компания ООО ""Чали""","Покровская ул., 5, Орёл, Орловская обл., 302030",Орёл,Орёл,Орловская область,Russia,52.967955,36.074177,3,2,OPERATIONAL,establishment|point_of_interest,ChIJ2dVcjKAQMkERG1BpT0EVDbI,оптовый продовольственный рынок,check
Компания Янта-Орел,"ул. Ломоносова, д. 6з, 309, Орёл, Орловская обл., 302040",Орёл,Орёл,Орловская область,Russia,52.98461,36.0630044,,,OPERATIONAL,establishment|food|point_of_interest,ChIJHx-cROkRMkERKXTwJINuhDg,оптовая база продуктов питания,check
Крытый рынок,"ул. Лескова, 19, Орёл, Орловская обл., 302040",Орёл,Орёл,Орловская область,Russia,52.982315,36.0594959,3.7,128,OPERATIONAL,establishment|point_of_interest|shopping_mall,ChIJURYBeLcQMkERS1p81LC99l0,оптовый продовольственный рынок,yes
Мир Колбас,"Орелавтодор, ОАО, Орловская область, Орёл, Ливенская улица 78а, Ливенская ул., 78Б, Орёл, Орловская обл., 302004",Орёл,Орёл,Орловская область,Russia,52.9466183,36.1165278,3.7,141,OPERATIONAL,establishment|food|grocery_or_supermarket|point_of_interest|store,ChIJI0YrYkgaMkERT3JSb6curEw,оптовый продовольственный рынок,check
"ООО ""АЛИНА""","пер. Маслозаводской, 10, Орёл, Орловская обл., 302043",Орёл,Орёл,Орловская область,Russia,52.9375455,36.0547739,5,1,OPERATIONAL,establishment|point_of_interest,ChIJV31YeY8aMkERZdJJ0262qrk,оптовый продовольственный рынок,check
ООО Орелмясо,"Пищевой пер., 14. 1, Пищевой пер., 8, Орёл, Орловская обл., 302043",Орёл,Орёл,Орловская область,Russia,52.9353647,36.0549973,,,OPERATIONAL,establishment|point_of_interest,ChIJTdEKR-8bMkER4FdCOX0cbWo,оптовый продовольственный рынок,check
Оптовичок,"Костомаровская ул., 5, Орёл, Орловская обл., 302040",Орёл,Орёл,Орловская область,Russia,52.9888565,36.08131590000001,4.3,31,OPERATIONAL,establishment|point_of_interest|store,ChIJF4b7EU0XMkERIsHyu1fCb88,оптовый продовольственный рынок,yes
Оптовичок,"ул. Поселковая, 15А, Орёл, Орловская обл., 302024",Орёл,Орёл,Орловская область,Russia,52.9295421,36.0759248,4.2,139,OPERATIONAL,establishment|food|point_of_interest,ChIJcV9fLPIaMkER9t9gHMcxJd4,оптовый продовольственный рынок,yes
Оптовичок,"ул. Игнатова, 31, Орёл, Орловская обл., 302027",Орёл,Орёл,Орловская область,Russia,52.9896226,36.0639711,4.1,49,OPERATIONAL,establishment|food|point_of_interest|store,ChIJVX5veLUQMkER69fJVcVwMiA,оптовый продовольственный рынок,yes
Оптовый Склад,"пер. Маслозаводской, 10, Орёл, Орловская обл., 302043",Орёл,Орёл,Орловская область,Russia,52.937046,36.0546035,,,OPERATIONAL,establishment|point_of_interest,ChIJP_VYeY8aMkERczHjJlPQFpI,оптовый продовольственный рынок,yes
Оптовый Склад,"Автовокзальная ул., 75-б, Орёл, Орловская обл., 302043",Орёл,Орёл,Орловская область,Russia,52.933346,36.0408169,,,OPERATIONAL,establishment|point_of_interest|storage,ChIJ6eIK0ZsaMkERWYRnKgi1XtY,оптовый продовольственный рынок,yes
Орел-Агро-Продукт,"ул. Сурена Шаумяна, 37, Орёл, Орловская обл., 302040",Орёл,Орёл,Орловская область,Russia,52.97938200000001,36.063057,,,OPERATIONAL,establishment|point_of_interest,ChIJx0fCaLoQMkERrHM6nRKKFPg,оптовая база продуктов питания,yes
Орловский Гостинец,"1-я Посадская ул., 33, Орёл, Орловская обл., 302001",Орёл,Орёл,Орловская область,Russia,52.960824,36.071621,4.9,16,OPERATIONAL,establishment|food|grocery_or_supermarket|point_of_interest|store,ChIJFRXWtHUaMkER4eDNofxMVl0,оптовый продовольственный рынок,check
Орловский картофель,"Большая Куликовка, Орёл, Орловская обл., 302000",Орёл,Орёл,Орловская область,Russia,52.9022493,36.1650352,4.7,3,OPERATIONAL,establishment|point_of_interest,ChIJlW4GMr0QMkERsFh5dt9aju8,оптовая база продуктов питания,check
Орловский Облпотребсоюз,"Воскресенский пер., 14, Орёл, Орловская обл., 302001",Орёл,Орёл,Орловская область,Russia,52.961991,36.068576,,,OPERATIONAL,establishment|food|grocery_or_supermarket|point_of_interest|real_estate_agency|store,ChIJZ904jHUaMkER-LzQ_FcB4vI,оптовый продовольственный рынок,check
Продуктовый магазин,"ул. Московская, 80, Орёл, Орловская обл., 302006",Орёл,Орёл,Орловская область,Russia,52.97612179999999,36.0985248,3.4,5,OPERATIONAL,establishment|point_of_interest,ChIJJwyG1iwbMkERL_Laew1mA7s,сельскохозяйственный рынок,check
ресурс-развитие,"ул. Маринченко, 9-а, Орёл, Орловская обл., 302038",Орёл,Орёл,Орловская область,Russia,53.00900799999999,36.1409996,3.5,73,OPERATIONAL,establishment|point_of_interest,ChIJkUfbbNYZMkERLzFhtFa42FA,оптовый продовольственный рынок,check
Сахарный двор,"yлица Раздольная, 10, Орёл, Орловская обл., 302009",Орёл,Орёл,Орловская область,Russia,53.0007999,36.0926557,1,1,OPERATIONAL,establishment|food|point_of_interest,ChIJFSyn-0YXMkER2Y_hgs0ZJds,оптовая база продуктов питания,check
Центральный Рынок,"ул. Черкасская, 13, Орёл, Орловская обл., 302001",Орёл,Орёл,Орловская область,Russia,52.963631,36.0723873,3.9,1512,OPERATIONAL,establishment|point_of_interest,ChIJjazhDXUaMkERc_5HIL6vjOg,оптовый продовольственный рынок,yes
Шалимов Андрей Николаевич,"Автовокзальная ул., 75Б, Орёл, Орловская обл., 302043",Орёл,Орёл,Орловская область,Russia,52.9323372,36.0417504,5,1,OPERATIONAL,establishment|food|point_of_interest,ChIJk0dyiJkaMkERulxKFTsBYCo,оптовый продовольственный рынок,check
Щепной Рынок,"Щепная пл., 3, Орёл, Орловская обл., 302026",Орёл,Орёл,Орловская область,Russia,52.951251,36.055655,3.9,19,OPERATIONAL,establishment|point_of_interest,ChIJxU42O38aMkERikJH1TZCAC4,оптовый продовольственный рынок,yes
Южный рынок,"Орёл, Орловская обл., 302010",Орёл,Орёл,Орловская область,Russia,52.9281217,36.0287416,3.9,325,OPERATIONAL,establishment|food|grocery_or_supermarket|point_of_interest|store,ChIJH6GCLKIaMkERTolbkYaYSfg,сельскохозяйственный рынок,yes
Яйцо оптом (И.П. Копылова М.Н.),"дом, Элеваторный пер., 18, Орёл, Орловская обл., 302004",Орёл,Орёл,Орловская область,Russia,52.958664,36.102041,,,OPERATIONAL,establishment|point_of_interest,ChIJ4XqzJxQaMkERu07yNLrFCmg,оптовая база продуктов питания,yes
База Опс,"ул. Есенина, 1, Оренбург, Оренбургская обл., 460027",Оренбург,Оренбург,Оренбургская область,Russia,51.7233909,55.0981913,,,OPERATIONAL,establishment|finance|point_of_interest|post_office,ChIJYft3rpr6e0ERkqz977JH4qo,плодоовощная база оптовая,yes
Бакалея,"Лесозащитная ул., 18, Оренбург, Оренбургская обл., 460036",Оренбург,Оренбург,Оренбургская область,Russia,51.7928159,55.158702,,,OPERATIONAL,establishment|food|point_of_interest,ChIJv4wkSBj3e0ERM0atb3qrfLM,оптовая база продуктов питания,check
Балтика Оренбург,"Центральная ул., 1, Оренбург, Оренбургская обл., 460034",Оренбург,Оренбург,Оренбургская область,Russia,51.7067105,55.11097880000001,,,OPERATIONAL,establishment|food|point_of_interest,ChIJE5EkLun6e0ERFwskBkugWeA,оптовая база продуктов питания,check
Грант,"Шарлыкское ш., 16, Оренбург, Оренбургская обл., 460019",Оренбург,Оренбург,Оренбургская область,Russia,51.853536,55.13303020000001,4.7,35,OPERATIONAL,establishment|food|point_of_interest|store,ChIJ081FCtD1e0ERMWVL3qjVgXI,оптовый продовольственный рынок,check
Казачий Славянский базар,"пр. Братьев Коростелевых, 1, Оренбург, Оренбургская обл., 460004",Оренбург,Оренбург,Оренбургская область,Russia,51.7851331,55.0774237,4.3,476,OPERATIONAL,establishment|point_of_interest|store,ChIJJzv7ED_xe0ERH2cf2orydAE,оптовый продовольственный рынок,yes
Кондитерские изделия оптом,"ул. Транспортная, 10, Оренбург, Оренбургская обл., 460000",Оренбург,Оренбург,Оренбургская область,Russia,51.811683,55.16581799999999,5,1,OPERATIONAL,establishment|food|point_of_interest,ChIJQbAefqL3e0ER2yTKmPwvcS4,оптовая база продуктов питания,yes
Корейские рецепты,"ул. 16-я Линия, 2, Оренбург, Оренбургская обл., 460040",Оренбург,Оренбург,Оренбургская область,Russia,51.7863032,55.1718539,4.6,7,OPERATIONAL,establishment|food|point_of_interest,ChIJaerZ7RT3e0ERQSixiLLccZU,оптовая база продуктов питания,check
"Магистраль, Торговый Дом","ул. Лабужского, 1а, Оренбург, Оренбургская обл., 460022",Оренбург,Оренбург,Оренбургская область,Russia,51.8140807,55.0820872,4.7,13,OPERATIONAL,establishment|food|point_of_interest|store,ChIJP_94nrL2e0ERrs3wOfqktJQ,оптовая база продуктов питания,check
Михайловский рынок,"Оренбург, Оренбургская обл., 460009",Оренбург,Оренбург,Оренбургская область,Russia,51.7839817,55.0929365,4.1,832,OPERATIONAL,establishment|food|grocery_or_supermarket|point_of_interest|store,ChIJeY7eHyfxe0ERaFBPZQed1qc,оптовый продовольственный рынок,yes
ОАО Оренбургское хлебоприёмное предприятие,"М-5, Оренбург, Оренбургская обл., 460022",Оренбург,Оренбург,Оренбургская область,Russia,51.8029389,55.0752864,4.7,3,OPERATIONAL,establishment|food|point_of_interest,ChIJmXvYkUjxe0ERYnjrQ3WGUpQ,оптовая база продуктов питания,check
Овощи Фрукты,"Фруктово-овощной рынок ""Петровский"", Лесозащитная ул., 18/1, Корпус 2, Оренбург, Оренбургская обл., 460036",Оренбург,Оренбург,Оренбургская область,Russia,51.7938846,55.15823409999999,4.3,375,OPERATIONAL,establishment|food|point_of_interest|store,ChIJiaMSVBj3e0ERwTvtQ0WZbMA,оптовый продовольственный рынок,check
"Овощи, фрукты, сухофрукты","Оренбург, Оренбургская обл., 460022",Оренбург,Оренбург,Оренбургская область,Russia,51.8020706,55.0788749,,,OPERATIONAL,establishment|food|grocery_or_supermarket|point_of_interest|store,ChIJVabzSEjxe0ERMX86IPv5a5w,плодоовощная база оптовая,check
"Ооо ""Тд ""Успех""","ул. Шевченко, 30, Оренбург, Оренбургская обл., 460048",Оренбург,Оренбург,Оренбургская область,Russia,51.797102,55.1426411,4.8,4,OPERATIONAL,establishment|food|grocery_or_supermarket|point_of_interest|store,ChIJ7bnIhyD3e0ERKRgfsHLOU8g,плодоовощная база оптовая,check
"ООО""Экоферма""Кушкульские Теплицы""","Шарлыкское шоссе, 30 А, Оренбург, Оренбургская обл., 460019",Оренбург,Оренбург,Оренбургская область,Russia,51.86718,55.145294,4.1,47,OPERATIONAL,establishment|point_of_interest,ChIJgWlRl-v1e0ERuVuXqiXZh30,плодоовощная база оптовая,check
Оптово-розничная база «А7 Маркет»,"ул. Кавказская, 2, Оренбург, Оренбургская обл., 460022",Оренбург,Оренбург,Оренбургская область,Russia,51.802191,55.084883,,,OPERATIONAL,establishment|food|point_of_interest|store,ChIJMyHZhH7xe0ERInEzTo4_G3M,оптовый продовольственный рынок,yes
Оптово-розничный склад,"ул. Новая, 4/2, Склад №2/2, Оренбург, Оренбургская обл., 460050",Оренбург,Оренбург,Оренбургская область,Russia,51.8102976,55.0898952,5,2,OPERATIONAL,establishment|food|point_of_interest|store,ChIJierHfrP2e0ERWTHRtXhQNv0,оптовый продовольственный рынок,yes
"Оптово-розничный склад, ИП Минкин Д.В","Беляевская ул., 2, Оренбург, Оренбургская обл., 460037",Оренбург,Оренбург,Оренбургская область,Russia,51.7266343,55.0964446,5,2,OPERATIONAL,establishment|point_of_interest,ChIJU2MsGZv6e0ERDilbuoYHMfg,плодоовощная база оптовая,yes
Оптовые Базы,"пр. Автоматики, 30, Оренбург, Оренбургская обл., 460048",Оренбург,Оренбург,Оренбургская область,Russia,51.8064364,55.1599933,,,OPERATIONAL,establishment|point_of_interest|store,ChIJb2IkH_32e0ERdaGVdW3dSlY,оптовый продовольственный рынок,yes
Оренбургоптторг,"Шарлыкское ш., 4, 1 этаж, Оренбург, Оренбургская обл., 460019",Оренбург,Оренбург,Оренбургская область,Russia,51.8547384,55.1268561,,,OPERATIONAL,establishment|point_of_interest,ChIJ4SF1rs_1e0ER7ckTwyHCZ1s,плодоовощная база оптовая,yes
Оренбургский Облпотребсоюз,"ул. Ленинская, 26, Оренбург, Оренбургская обл., 460000",Оренбург,Оренбург,Оренбургская область,Russia,51.7597701,55.0965392,,,OPERATIONAL,establishment|point_of_interest,ChIJgQfY6ezwe0ERekAVbUGAH8s,оптовая база продуктов питания,check
"ОРЕНБУРГСКИЙ ОСЕТР, торговая компания","Курганская ул., 1, Оренбург, Оренбургская обл., 460021",Оренбург,Оренбург,Оренбургская область,Russia,51.784582,55.15458899999999,,,OPERATIONAL,establishment|food|point_of_interest,ChIJaV3b-Tv3e0ERzAsBrDx0NrE,оптовая база продуктов питания,check
Оренбургский Хладокомбинат,"ул. Кавказская, 5, Оренбург, Оренбургская обл., 460050",Оренбург,Оренбург,Оренбургская область,Russia,51.8039289,55.080915,5,1,OPERATIONAL,establishment|point_of_interest,ChIJu1MYnknxe0ERKPJBS_VEhWA,оптовая база продуктов питания,check
Петровский рынок,"Лесозащитная ул., 18/1, Оренбург, Оренбургская обл., 460036",Оренбург,Оренбург,Оренбургская область,Russia,51.7926171,55.15735950000001,4.3,2581,OPERATIONAL,establishment|point_of_interest,ChIJy86Gqhn3e0ERaNRw8C0vh-A,оптовый продовольственный рынок,yes
Платакс,"Шарлыкское ш., 4, корп. 8, Оренбург, Оренбургская обл., 460019",Оренбург,Оренбург,Оренбургская область,Russia,51.84452710000001,55.1266973,4.2,14,OPERATIONAL,establishment|food|point_of_interest|store,ChIJ4SF1rs_1e0ERfNwiGJkJV_U,оптовый продовольственный рынок,check
Продукты Оптовый Склад,"ул. Курача, 43, Оренбург, Оренбургская обл., 460000",Оренбург,Оренбург,Оренбургская область,Russia,51.7678652,55.0832054,5,5,OPERATIONAL,establishment|food|grocery_or_supermarket|point_of_interest|store,ChIJZ8m7buXwe0ERWW4jN8oLEqQ,оптовый продовольственный рынок,yes
Рынок сельскохозяйственный,"Рынок сельскохозяйственный, ул. Новая, 16, Оренбург, Оренбургская обл., 460050",Оренбург,Оренбург,Оренбургская область,Russia,51.8128901,55.1005355,,,,premise|street_address,ChIJKZ_OXLf2e0ERiKq8qUjf9Fk,сельскохозяйственный рынок,yes
Север,"ул. Конституции СССР, 20, Оренбург, Оренбургская обл., 460038",Оренбург,Оренбург,Оренбургская область,Russia,51.83201769999999,55.128232,4.6,127,OPERATIONAL,atm|establishment|finance|food|grocery_or_supermarket|point_of_interest|store,ChIJNUPftIX2e0ERaQcvDrj7EqE,оптовый продовольственный рынок,check
Северная Земля,"Караванная ул., 18, Оренбург, Оренбургская обл., 460037",Оренбург,Оренбург,Оренбургская область,Russia,51.7294172,55.0996185,4.4,7,OPERATIONAL,establishment|food|point_of_interest,ChIJUcWu8X_we0ER07uABYKth_w,оптовый продовольственный рынок,check
Сельскохозяйственный рынок,"ул. Новая, 16, Оренбург, Оренбургская обл., 460050",Оренбург,Оренбург,Оренбургская область,Russia,51.8127769,55.10199,4.3,125,OPERATIONAL,establishment|point_of_interest,ChIJM_TqQrf2e0ER1MfYrubiPPY,оптовый продовольственный рынок,yes
Сельскохозяйственный рынок,"Сельскохозяйственный рынок, ул. Новая, 16, Оренбург, Оренбургская обл., 460050",Оренбург,Оренбург,Оренбургская область,Russia,51.8128901,55.1005355,,,,premise|street_address,ChIJPdQ2Q7f2e0ERSfqK3uKSLlo,сельскохозяйственный рынок,yes
Сельскохозяйственный рынок,"Сельскохозяйственный рынок, ул. Новая, 16, Оренбург, Оренбургская обл., 460050",Оренбург,Оренбург,Оренбургская область,Russia,51.8139432,55.09999269999999,,,,premise|street_address,ChIJv_JpsbD2e0ERy1llw6tZcWE,сельскохозяйственный рынок,yes
"Торговая Компания ""Суоми""","ул. Терешковой, 152, Оренбург, Оренбургская обл., 460961",Оренбург,Оренбург,Оренбургская область,Russia,51.8387276,55.1074862,4.5,66,OPERATIONAL,establishment|food|point_of_interest,ChIJffNeQSb0e0ER6Eb3LlToVX8,оптовая база продуктов питания,check
Уралагросервис,"ул. Егорова, 26, Оренбург, Оренбургская обл., 460034",Оренбург,Оренбург,Оренбургская область,Russia,51.719795,55.095185,3.7,3,OPERATIONAL,establishment|food|point_of_interest,ChIJz5aqxpD6e0EROqMd2dKajno,оптовая база продуктов питания,yes
ФЕРМЕР БАЗАР фермерский Рынок,"ул. Салмышская, 51, Оренбург, Оренбургская обл., 460052",Оренбург,Оренбург,Оренбургская область,Russia,51.8172222,55.1733333,4.6,1220,OPERATIONAL,establishment|point_of_interest|shopping_mall,ChIJPyNKDmn3e0ERnCqTXsQu_qo,оптовый продовольственный рынок,yes
"Форштадт, торговый дом","ул. 60 лет Октября, 1/1, Оренбург, Оренбургская обл., 460021",Оренбург,Оренбург,Оренбургская область,Russia,51.7700262,55.14670659999999,4.1,226,OPERATIONAL,establishment|point_of_interest|shopping_mall,ChIJXcCVb0v3e0ERR7N0MB74qhY,оптовый продовольственный рынок,check
Центральный рынок Оренбурга,"ул. 8 Марта, 40, Оренбург, Оренбургская обл., 460000",Оренбург,Оренбург,Оренбургская область,Russia,51.7696956,55.1044814,4.2,3078,OPERATIONAL,establishment|point_of_interest,ChIJ1VMro-rwe0ERxAispd6EBRc,оптовый продовольственный рынок,yes
Шёлковый Путь,"Лесозащитная ул., 16, Оренбург, Оренбургская обл., 460036",Оренбург,Оренбург,Оренбургская область,Russia,51.791725,55.160494,4.3,195,OPERATIONAL,establishment|point_of_interest,ChIJsaYbhxf3e0ERHOHXtmS3RNI,оптовый продовольственный рынок,check
Южный,"ул. Амурская, 9, Оренбург, Оренбургская обл., 460034",Оренбург,Оренбург,Оренбургская область,Russia,51.7161225,55.1189763,4.3,715,OPERATIONAL,establishment|point_of_interest,ChIJLe6d3vH6e0ERQ7NsEAmAqaQ,оптовый продовольственный рынок,check
Яйцо Мясо птицы,"Лесозащитная ул., 18/1, Корпус 4, отдел 4, Оренбург, Оренбургская обл., 460036",Оренбург,Оренбург,Оренбургская область,Russia,51.7928273,55.1572249,5,2,OPERATIONAL,establishment|food|point_of_interest|store,ChIJs8W7RBj3e0ERS-2IhgaZO2Q,оптовая база продуктов питания,check
ОПТОМ36,"ул. Придорожная, 28 A, Отрадное, Воронежская обл., 396311",Отрадное,Воронеж,Воронежская область,Russia,51.6777077,39.3150458,4.7,9,OPERATIONAL,establishment|food|point_of_interest,ChIJSxXiZFgwO0ERcTwaOCuDC7o,оптовая база продуктов питания,yes
Черновский овощевод,"пос, ул. Энтузиастов, 99, п. Энергетиков, Забайкальский край, 672022",п. Энергетиков,Чита,Забайкальский край,Russia,52.06470969999999,113.349935,4,1,OPERATIONAL,establishment|food|grocery_or_supermarket|point_of_interest|store,ChIJucEQlEA2yl0R4CinzpbUDWA,оптовый продовольственный рынок,check
GFC Russia - продукты для Horeca,"ул. Металлистов, 9, Пенза, Пензенская обл., 440034",Пенза,Пенза,Пензенская область,Russia,53.1656649,45.016157,5,1,OPERATIONAL,establishment|food|point_of_interest,ChIJCYZhx2wAQUERsZYpCQVmIXU,оптовая база продуктов питания,check
Амбар,"ул. Крымская, 8, Пенза, Пензенская обл., 440023",Пенза,Пенза,Пензенская область,Russia,53.176095,45.0501335,4.3,208,OPERATIONAL,establishment|point_of_interest|shopping_mall,ChIJpfLmAX4AQUERv5x3iVDWG_4,оптовый продовольственный рынок,check
Арбековский рынок,"пр. Строителей, 21А корпус 1, Пенза, Пензенская обл., 440066",Пенза,Пенза,Пензенская область,Russia,53.2235856,44.9253867,4.2,634,OPERATIONAL,establishment|point_of_interest|shopping_mall,ChIJX5oakygCQUERC-KhS1-O9H8,сельскохозяйственный рынок,yes
Арбузы И Дыни,"ул. Бакунина, 36, Пенза, Пензенская обл., 440000",Пенза,Пенза,Пензенская область,Russia,53.197368,45.024474,4.5,2,OPERATIONAL,establishment|food|grocery_or_supermarket|point_of_interest|store,ChIJ2Q6gkPAAQUERrfshNOd9LOk,сельскохозяйственный рынок,check
База продуктов питания,"ул. Аустрина, 63, Пенза, Пензенская обл., 440015",Пенза,Пенза,Пензенская область,Russia,53.2316766,45.0135474,5,1,OPERATIONAL,establishment|point_of_interest,ChIJsQmDXDgBQUER2E_siUSZtIw,оптовая база продуктов питания,yes
Бакалейная лавка,"ул. Калинина, 101, Пенза, Пензенская обл., 440034",Пенза,Пенза,Пензенская область,Russia,53.1675189,45.00812699999999,3.5,2,OPERATIONAL,establishment|food|grocery_or_supermarket|point_of_interest|store,ChIJOag7PRMAQUERlu1vZe_5N4E,оптовый продовольственный рынок,check
Бакунинский,"ТЦ ""Бакунинский"", ул. Бакунина, 29, Пенза, Пензенская обл., 440000",Пенза,Пенза,Пензенская область,Russia,53.1991507,45.0131842,4.4,157,OPERATIONAL,establishment|point_of_interest|shopping_mall,ChIJx00t6fsAQUERVpSRwRoKuxc,сельскохозяйственный рынок,check
Большакова Л.В. ИП,"Окружная ул., 115 б, Пенза, Пензенская обл., 440031",Пенза,Пенза,Пензенская область,Russia,53.1743695,44.9674022,4.7,7,OPERATIONAL,establishment|food|point_of_interest,ChIJx00t6fsAQUERnmc1DIjhBqU,оптовая база продуктов питания,check
Восток,"ул. Антонова, 7, Пенза, Пензенская обл., 440044",Пенза,Пенза,Пензенская область,Russia,53.18517300000001,45.0642738,4.3,683,OPERATIONAL,establishment|point_of_interest|shopping_mall,ChIJNWHDEZsAQUERfPP_xorog2M,оптовый продовольственный рынок,check
Зелёный дом,"ул. Суворова, 225, Пенза, Пензенская обл., 440018",Пенза,Пенза,Пензенская область,Russia,53.2038855,44.9798942,4.7,30,OPERATIONAL,establishment|florist|food|point_of_interest|store,ChIJoaLqj_4AQUERDV8oswiUvgU,оптовый продовольственный рынок,check
Изюм.клуб,"ул. Аустрина, 63, Пенза, Пензенская обл., 440015",Пенза,Пенза,Пензенская область,Russia,53.2356511,45.01366489999999,,,OPERATIONAL,establishment|food|point_of_interest|store,ChIJJyJha0gBQUERPJQtYIiYfOc,оптовый продовольственный рынок,check
"ИП Хейфец Б.Е. (специи, пряности, ингредиенты для пищевого производства, орешки, сухофрукты)","ул. Чехова, 26, Пенза, Пензенская обл., 440061",Пенза,Пенза,Пензенская область,Russia,53.20134299999999,45.0215991,5,5,OPERATIONAL,establishment|food|grocery_or_supermarket|point_of_interest|store,ChIJJ42z9BwBQUERlv4lqTQEbrE,сельскохозяйственный рынок,check
Компания Дукат,"ул. Металлистов, д. 7, Пенза, Пензенская обл., 440034",Пенза,Пенза,Пензенская область,Russia,53.1670837,45.0142745,4.1,36,OPERATIONAL,establishment|food|point_of_interest,ChIJmf_2unIAQUERQzd9aqyesHc,оптовая база продуктов питания,check
Мясная мастерская,"ул. Баумана, 30, Пенза, Пензенская обл., 440052",Пенза,Пенза,Пензенская область,Russia,53.17317079999999,45.0246106,3.1,14,OPERATIONAL,establishment|food|point_of_interest,ChIJJXzSlW8AQUERbIpyo5ulfl8,оптовая база продуктов питания,check
Надежда,"ул. Измайлова, 13, Пенза, Пензенская обл., 440007",Пенза,Пенза,Пензенская область,Russia,53.1897166,45.037512,5,1,OPERATIONAL,establishment|point_of_interest,ChIJR__KpIwAQUERmVl0lcHcDyM,оптовый продовольственный рынок,check
Октябрьский,"ул. Аустрина, 141, Пенза, Пензенская обл., 440015",Пенза,Пенза,Пензенская область,Russia,53.24689110000001,45.0165818,4.1,624,OPERATIONAL,establishment|point_of_interest,ChIJtZEdzLIGQUERVcuWIA6DKT8,оптовый продовольственный рынок,check
ОПТОВАЯ БАЗА,"ул. Измайлова, 24, Пенза, Пензенская обл., 440023",Пенза,Пенза,Пензенская область,Russia,53.1897119,45.0394253,5,1,OPERATIONAL,establishment|point_of_interest,ChIJc4ZD64wAQUERX6Q-UOB-BD8,оптовый продовольственный рынок,yes
Оптовая база О’РЭХТ,"Перспективная ул., 3, Пенза, Пензенская обл., 440068",Пенза,Пенза,Пензенская область,Russia,53.122811,45.004734,4.2,277,OPERATIONAL,establishment|home_goods_store|point_of_interest|store,ChIJNSeiy0BVQEER6q1at0SaiZg,оптовый продовольственный рынок,yes
Оптовый Рынок,"ул. Аустрина, 141, Пенза, Пензенская обл., 440015",Пенза,Пенза,Пензенская область,Russia,53.246757,45.01699199999999,3.9,7,OPERATIONAL,establishment|point_of_interest,ChIJH_8lzLIGQUERGpo_iWcyf7w,оптовый продовольственный рынок,yes
ОптТорг Северный,"Сумская ул., 23, Пенза, Пензенская обл., 440015",Пенза,Пенза,Пензенская область,Russia,53.2474573,45.00362459999999,,,OPERATIONAL,establishment|point_of_interest,ChIJ67lOma4GQUER-XnlNSzAiKU,плодоовощная база оптовая,yes
Пензапродкомбинат,"Нагорный пр-д, 2Ак1, Пенза, Пензенская обл., 440068",Пенза,Пенза,Пензенская область,Russia,53.14142829999999,45.0127032,5,2,OPERATIONAL,establishment|food|point_of_interest,ChIJx00t6fsAQUERahiKzQLIcmo,оптовая база продуктов питания,check
Пензенская областная агропромышленная корпорация,"ул. Бакунина, 20, Пенза, Пензенская обл., 440600",Пенза,Пенза,Пензенская область,Russia,53.1988862,45.0246797,4.3,816,OPERATIONAL,establishment|point_of_interest,ChIJoaLqj_4AQUERy1ZMK5DQ84U,оптовый продовольственный рынок,yes
Пензенский тепличный комбинат,"ул. Тепличная, 1, Пенза, Пензенская обл., 440058",Пенза,Пенза,Пензенская область,Russia,53.1481358,44.9572472,4.4,16,OPERATIONAL,establishment|food|point_of_interest,ChIJx00t6fsAQUERsZJD4pKaqYw,оптовый продовольственный рынок,check
Первомайская,"Перспективная ул., 1А, Пенза, Пензенская обл., 440007",Пенза,Пенза,Пензенская область,Russia,53.1215057,45.0136566,4.6,10,OPERATIONAL,establishment|point_of_interest,ChIJCzCvvjhVQEERfGEDdom7FuI,оптовый продовольственный рынок,check
Претендент,"ул. Металлистов, 9, Пенза, Пензенская обл., 440000",Пенза,Пенза,Пензенская область,Russia,53.163778,45.013986,4,1,OPERATIONAL,establishment|point_of_interest,ChIJX8OXEQ0AQUERRQTwKCBee3M,оптовая база продуктов питания,check
Рамис,"133, ул. Аустрина, г. Пенза, Пензенская обл., Россия 440054, Пенза, Пензенская обл., 440015",Пенза,Пенза,Пензенская область,Russia,53.2497237,45.0228328,4.4,13,OPERATIONAL,establishment|food|point_of_interest,ChIJx00t6fsAQUERIB2i5c44frY,оптовая база продуктов питания,check
Русский базар,"ул. Аустрина, 137к3, Пенза, Пензенская обл., 440015",Пенза,Пенза,Пензенская область,Russia,53.2438447,45.0167521,4,7,OPERATIONAL,establishment|point_of_interest|shopping_mall,ChIJx00t6fsAQUERgEq_edwC_Ig,оптовый продовольственный рынок,yes
Север,"ул. Аустрина, 139, Пенза, Пензенская обл., 440015",Пенза,Пенза,Пензенская область,Russia,53.2449082,45.0160282,4.4,510,OPERATIONAL,establishment|point_of_interest|shopping_mall,ChIJuYM950wBQUERzYRYx2r1ZLg,оптовый продовольственный рынок,check
Северный,"Сумская ул., 23-25, Пенза, Пензенская обл., 440015",Пенза,Пенза,Пензенская область,Russia,53.2501968,45.0098454,4.5,78,OPERATIONAL,establishment|point_of_interest,ChIJGV7wK60GQUER9Y0VBM9xIzc,оптовый продовольственный рынок,check
Сезонная ярмарка,"ул. Суворова, 122, Пенза, Пензенская обл., 440008",Пенза,Пенза,Пензенская область,Russia,53.2022167,45.00136120000001,4.4,756,OPERATIONAL,establishment|point_of_interest,ChIJWZJ2RgABQUERXGY085EZfy0,сельскохозяйственный рынок,yes
Старый Капитан,"ул. Бумажников, 2а, Пенза, Пензенская обл., 440007",Пенза,Пенза,Пензенская область,Russia,53.1959287,45.0454625,5,2,OPERATIONAL,establishment|food|pet_store|point_of_interest|store,ChIJE4vo2-wAQUERGWAZDf6XOXg,оптовая база продуктов питания,check
Сурский рынок,"ул. Терновского, Пенза, Пензенская обл., 440068",Пенза,Пенза,Пензенская область,Russia,53.1399692,45.0246845,3.9,242,OPERATIONAL,establishment|food|grocery_or_supermarket|point_of_interest|store,ChIJ280Z1LOqQUER95kurw995ZY,сельскохозяйственный рынок,yes
Терновский Рынок,"ул. Терновского, 224, Пенза, Пензенская обл., 440068",Пенза,Пенза,Пензенская область,Russia,53.129879,45.02287399999999,5,2,OPERATIONAL,establishment|point_of_interest,ChIJv9N6dEpVQEERFuXK9k0gCTc,сельскохозяйственный рынок,yes
"Терновский-сенной, рынок","ул. Терновского, 260, Пенза, Пензенская обл., 440068",Пенза,Пенза,Пензенская область,Russia,53.130971,45.02263,4.3,15,OPERATIONAL,establishment|point_of_interest,ChIJx00t6fsAQUERCEqS7LCbf3s,сельскохозяйственный рынок,yes
ТОРГСЕРВИС,"ул. Баумана, 30, Пенза, Пензенская обл., 440052",Пенза,Пенза,Пензенская область,Russia,53.17391000000001,45.022121,,,OPERATIONAL,establishment|point_of_interest,ChIJT7fIEW4AQUERcr4jlbBpUGM,плодоовощная база оптовая,check
УНАС,"Перспективная ул., 9, Пенза, Пензенская обл., 440505",Пенза,Пенза,Пензенская область,Russia,53.1217927,45.0014023,4.6,117,OPERATIONAL,establishment|point_of_interest|shopping_mall,ChIJsZp4aGL_QEERQL4dtPRYW7s,оптовый продовольственный рынок,check
Фермерская ярмарка,"ул. Суворова, 122, Пенза, Пензенская обл., 440008",Пенза,Пенза,Пензенская область,Russia,53.2020748,45.0012264,4.4,123,OPERATIONAL,establishment|point_of_interest,ChIJK7dmNwABQUERF4SxsPu9Tdo,оптовый продовольственный рынок,yes
Фермерская ярмарка,"пр. Строителей, 21А, Пенза, Пензенская обл., 440066",Пенза,Пенза,Пензенская область,Russia,53.2237,44.925172,4.9,9,OPERATIONAL,establishment|point_of_interest,ChIJvz_1uygCQUERjYK2a5q_zDI,сельскохозяйственный рынок,yes
Центральный рынок,"ул. Бакунина, 20, Пенза, Пензенская обл., 440000",Пенза,Пенза,Пензенская область,Russia,53.1996394,45.0241517,4.1,2696,OPERATIONAL,establishment|food|grocery_or_supermarket|point_of_interest|store,ChIJDYzJhfoAQUER4swyHcHZ1bU,оптовый продовольственный рынок,yes
ЦУМ,"ул. Кирова, 73, Пенза, Пензенская обл., 440000",Пенза,Пенза,Пензенская область,Russia,53.198283,45.0217343,4.4,3915,OPERATIONAL,establishment|point_of_interest|shopping_mall,ChIJtYvZFPoAQUERQ4p0IXvyGi8,сельскохозяйственный рынок,check
А-38,"ул. Антикайнена, 38, Петрозаводск, Респ. Карелия, 185035",Петрозаводск,Петрозаводск,Республика Карелия,Russia,61.78916619999999,34.3525931,4.6,9,OPERATIONAL,establishment|point_of_interest|shopping_mall,ChIJjXL_WD_soUYRluKY_LOmVKQ,оптовый продовольственный рынок,check
Армянские продукты,"Берёзовая ал., 29, Петрозаводск, Респ. Карелия, 185031",Петрозаводск,Петрозаводск,Республика Карелия,Russia,61.7687651,34.3084072,5,2,OPERATIONAL,establishment|point_of_interest,ChIJIwI6eR3toUYRx_Q2FNEEPeo,оптовая база продуктов питания,check
Главный,"Мелентьевой ул., 28, Петрозаводск, Респ. Карелия, 185031",Петрозаводск,Петрозаводск,Республика Карелия,Russia,61.80692370000001,34.322736,4.2,1339,OPERATIONAL,establishment|point_of_interest|shopping_mall,ChIJb5zhfaDuoUYRf72aK0lItZc,сельскохозяйственный рынок,check
Гоголевский,"ул. Максима Горького, 25, Петрозаводск, Респ. Карелия, 185035",Петрозаводск,Петрозаводск,Республика Карелия,Russia,61.78207749999999,34.3500198,4.1,749,OPERATIONAL,establishment|point_of_interest|shopping_mall,ChIJRxocU0TsoUYR3hkZnxOW-28,оптовый продовольственный рынок,check
Данко,"ул. Заводская, 26, Петрозаводск, Респ. Карелия, 185031",Петрозаводск,Петрозаводск,Республика Карелия,Russia,61.808971,34.29416,5,1,OPERATIONAL,establishment|point_of_interest,ChIJZSJK7WfsoUYRg6006p7e6OQ,оптовый продовольственный рынок,check
Дюна-опт,"Шуйское ш., 2А, Петрозаводск, Респ. Карелия, 185000",Петрозаводск,Петрозаводск,Республика Карелия,Russia,61.8097317,34.2910547,1,1,OPERATIONAL,establishment|point_of_interest,ChIJ_SebapbuoUYR4A7XI__bBeY,оптовая база продуктов питания,yes
Закрома,"Шуйское ш., 2А, Петрозаводск, Респ. Карелия, 185000",Петрозаводск,Петрозаводск,Республика Карелия,Russia,61.8109069,34.29013,4,4,OPERATIONAL,establishment|point_of_interest,ChIJXVcsFZbuoUYRBn9FmbBW9Ys,оптовый продовольственный рынок,check
Карелия-Маркет,"ул. Кирова, 2, Петрозаводск, Респ. Карелия, 185035",Петрозаводск,Петрозаводск,Республика Карелия,Russia,61.788089,34.375691,3.6,138,OPERATIONAL,establishment|point_of_interest|shopping_mall,ChIJ0xTznkLsoUYRn1aqCMLw3U4,сельскохозяйственный рынок,check
Кижанка,"Шуйское ш., 2А, Петрозаводск, Респ. Карелия, 185000",Петрозаводск,Петрозаводск,Республика Карелия,Russia,61.81047139999999,34.2916563,5,2,OPERATIONAL,establishment|food|point_of_interest,ChIJRVI8N5buoUYRZaEIbQp4v7Q,оптовая база продуктов питания,check
Магазин свежей рыбы,"ул. Древлянка, 18, Петрозаводск, Респ. Карелия, 185014",Петрозаводск,Петрозаводск,Республика Карелия,Russia,61.768507,34.3078329,4.1,77,OPERATIONAL,establishment|food|point_of_interest,ChIJZVKyvcjtoUYRg046nVnnOZI,сельскохозяйственный рынок,check
Новый амбар,"ул. Заводская, 22, Петрозаводск, Респ. Карелия, 185031",Петрозаводск,Петрозаводск,Республика Карелия,Russia,61.8091058,34.2955432,,,OPERATIONAL,establishment|point_of_interest,ChIJeVlmlJfuoUYRSp3ES8TtdJo,оптовая база продуктов питания,check
Овощной ларек,"пер. Серпуховской, Петрозаводск, Респ. Карелия, 185007",Петрозаводск,Петрозаводск,Республика Карелия,Russia,61.7824572,34.3090901,4.2,14,OPERATIONAL,establishment|food|grocery_or_supermarket|point_of_interest|store,ChIJa45iEy3soUYRy8SqSxbR3rI,сельскохозяйственный рынок,check
Онего Опт плюс магазин продуктов Питания,"ул. Заводская, 26, Петрозаводск, Респ. Карелия, 185035",Петрозаводск,Петрозаводск,Республика Карелия,Russia,61.80879599999999,34.292773,,,OPERATIONAL,establishment|point_of_interest,ChIJRxocU0TsoUYRBHO3dJrrSt0,оптовая база продуктов питания,yes
"ООО ""Житница""","Шуйское ш., 6, Петрозаводск, Респ. Карелия, 185031",Петрозаводск,Петрозаводск,Республика Карелия,Russia,61.812704,34.2874849,,,OPERATIONAL,establishment|point_of_interest|storage,ChIJQ08Z8sDuoUYRx30qVA_nXUU,оптовая база продуктов питания,check
"ООО ""Кареловощторг плюс""","Шуйское ш., 6, Склад 9, Петрозаводск, Респ. Карелия, 185023",Петрозаводск,Петрозаводск,Республика Карелия,Russia,61.8128091,34.2886256,,,OPERATIONAL,establishment|food|point_of_interest|store,ChIJzZx78ZXuoUYR3-N0ahSdfUI,оптовый продовольственный рынок,check
"ООО ""КМП""","ул. Заводская, 24, Петрозаводск, Респ. Карелия, 185031",Петрозаводск,Петрозаводск,Республика Карелия,Russia,61.8089482,34.2939235,,,OPERATIONAL,establishment|food|point_of_interest|store,ChIJT9DuopfuoUYRuW-3HQuE-gw,оптовый продовольственный рынок,check
Оптовая база,"Шуйское ш., 6, Петрозаводск, Респ. Карелия, 185023",Петрозаводск,Петрозаводск,Республика Карелия,Russia,61.8124687,34.2875143,,,OPERATIONAL,establishment|point_of_interest,ChIJg0n_75XuoUYRexIdbbOAGKU,оптовый продовольственный рынок,yes
Петровский Ликеро-водочный завод,"ул. Ригачина, 55, Петрозаводск, Респ. Карелия, 185005",Петрозаводск,Петрозаводск,Республика Карелия,Russia,61.776017,34.4167851,4.9,18,OPERATIONAL,establishment|liquor_store|point_of_interest|store,ChIJRxocU0TsoUYR92yl3KVsrYg,оптовая база продуктов питания,check
"ПетроМакс опт,","Пряжинское ш., 2 км, Петрозаводск, Респ. Карелия, 185013",Петрозаводск,Петрозаводск,Республика Карелия,Russia,61.8243711,34.2454952,,,OPERATIONAL,establishment|food|point_of_interest,ChIJDwG3qN3uoUYRCEBUOdtxCOc,плодоовощная база оптовая,yes
Продукты Оптом,"Шуйское ш., 6, Петрозаводск, Респ. Карелия, 185031",Петрозаводск,Петрозаводск,Республика Карелия,Russia,61.81274000000001,34.2874887,4.3,3,OPERATIONAL,establishment|food|grocery_or_supermarket|point_of_interest|store,ChIJzZx78ZXuoUYRB3JtLBKD2Kg,оптовый продовольственный рынок,yes
Продфронт,"Шуйское ш., 8-а, Петрозаводск, Респ. Карелия, 185021",Петрозаводск,Петрозаводск,Республика Карелия,Russia,61.81439100000001,34.2896391,5,1,OPERATIONAL,establishment|food|point_of_interest,ChIJRxocU0TsoUYRNDTc8QzQReE,оптовая база продуктов питания,check
Рыба Карелии,"Первомайский пр., Петрозаводск, Респ. Карелия, 185035",Петрозаводск,Петрозаводск,Республика Карелия,Russia,61.7631187,34.4237076,3.7,14,OPERATIONAL,establishment|food|point_of_interest|store,ChIJ7V7NCrztoUYR58MmJI73OO8,оптовый продовольственный рынок,check
Рыбопродукт,"ул. Заводская, 20 строение 3, Петрозаводск, Респ. Карелия, 185031",Петрозаводск,Петрозаводск,Республика Карелия,Russia,61.8113154,34.2919991,3.5,2,OPERATIONAL,establishment|food|point_of_interest|store,ChIJ0Yk5tpfuoUYR7ZEsFaWd6tE,оптовый продовольственный рынок,check
"Сампо, Хлебозавод","Первомайский пр., 76, Петрозаводск, Респ. Карелия, 185013",Петрозаводск,Петрозаводск,Республика Карелия,Russia,61.8039375,34.2997888,3.7,61,OPERATIONAL,establishment|food|point_of_interest,ChIJRxocU0TsoUYRcYYRWBQP9mI,оптовая база продуктов питания,check
Светофор,"Шуйское ш., 2 а, Петрозаводск, Респ. Карелия, 185023",Петрозаводск,Петрозаводск,Республика Карелия,Russia,61.8094552,34.2908239,4.1,539,OPERATIONAL,establishment|point_of_interest|store,ChIJYU8Dk57voUYR5cTABtS0umk,оптовый продовольственный рынок,check
СеверТорг,"Повенецкая ул. 4Б, Петрозаводск, Карелия респ., 185013, Петрозаводск, Респ. Карелия, 185030",Петрозаводск,Петрозаводск,Республика Карелия,Russia,61.77229269999999,34.349067,4.5,13,OPERATIONAL,establishment|food|point_of_interest,ChIJvWQUzEfsoUYRsq7wXvrdzcY,оптовый продовольственный рынок,check
Славмо,"Антонова ул., 1, Петрозаводск, Респ. Карелия, 185033",Петрозаводск,Петрозаводск,Республика Карелия,Russia,61.7648707,34.4354821,4.5,38,OPERATIONAL,establishment|food|point_of_interest,ChIJRxocU0TsoUYR3Fazm0Tq5b8,оптовая база продуктов питания,check
"Сладкий мир,","ул. Заводская, 26, Петрозаводск, Респ. Карелия, 185031",Петрозаводск,Петрозаводск,Республика Карелия,Russia,61.80879599999999,34.2927729,5,1,OPERATIONAL,establishment|point_of_interest,ChIJXznNZ5buoUYRu7jhvkmkHIs,оптовый продовольственный рынок,check
Терве,"Шуйское ш., 2А, Петрозаводск, Респ. Карелия, 185000",Петрозаводск,Петрозаводск,Республика Карелия,Russia,61.8097499,34.2912855,5,1,OPERATIONAL,establishment|food|grocery_or_supermarket|point_of_interest|store,ChIJbVsBTpbuoUYRIUM0WCRapII,оптовый продовольственный рынок,check
Технология Вкуса,"ул. Коммунистов, 50 ст 16, Петрозаводск, Респ. Карелия, 185016",Петрозаводск,Петрозаводск,Республика Карелия,Russia,61.7731523,34.4119681,,,OPERATIONAL,establishment|point_of_interest,ChIJZxsDA5btoUYRtnsdgE7nDkE,оптовая база продуктов питания,check
Торговые ряды,"Торговые ряды, Антонова ул., 7А, Петрозаводск, Респ. Карелия, 185000",Петрозаводск,Петрозаводск,Республика Карелия,Russia,61.7613151,34.4294774,,,OPERATIONAL,establishment|point_of_interest,ChIJRZWl58LsoUYRVOa1UjMQCSo,сельскохозяйственный рынок,check
Торговый Центр «Добрыня»,"ул. Ровио, 11, Петрозаводск, Респ. Карелия, 185026",Петрозаводск,Петрозаводск,Республика Карелия,Russia,61.7635113,34.3747254,3.8,317,OPERATIONAL,establishment|point_of_interest|shopping_mall,ChIJRxocU0TsoUYR6ZeVRaqLsHo,сельскохозяйственный рынок,check
Торговый Центр ЧАПАЕВСКИЙ,"ул. Чапаева, 49, Петрозаводск, Респ. Карелия, 185002",Петрозаводск,Петрозаводск,Республика Карелия,Russia,61.7814735,34.3190868,4.2,759,OPERATIONAL,establishment|point_of_interest|shopping_mall,ChIJZwnrrDPsoUYRFmkD_EJ43Y4,сельскохозяйственный рынок,check
"ТТК ""Атлант""","ул. Коммунистов, 50с11, Петрозаводск, Респ. Карелия, 185000",Петрозаводск,Петрозаводск,Республика Карелия,Russia,61.7745129,34.401255,,,OPERATIONAL,establishment|point_of_interest,ChIJ7-DiAPTsoUYRKDdaOM-oing,оптовая база продуктов питания,check
"Форель Федоренко Магазин ""У Якоря""","пр. Ленина, 4, Петрозаводск, Респ. Карелия, 185035",Петрозаводск,Петрозаводск,Республика Карелия,Russia,61.793112,34.37219700000001,4.5,749,OPERATIONAL,establishment|food|point_of_interest|store,ChIJTwlehVPtoUYR7ZlRLzRrYOc,сельскохозяйственный рынок,check
Центральный,"ул. Антикайнена, 34, Петрозаводск, Респ. Карелия, 185035",Петрозаводск,Петрозаводск,Республика Карелия,Russia,61.78816399999999,34.353618,3.8,591,OPERATIONAL,establishment|point_of_interest|shopping_mall,ChIJRxocU0TsoUYRpPRLLBeROTk,оптовый продовольственный рынок,check
Чайно-кофейная Компания,"ул. Заводская, 5, Петрозаводск, Респ. Карелия, 185031",Петрозаводск,Петрозаводск,Республика Карелия,Russia,61.8084801,34.2973569,4,9,OPERATIONAL,establishment|food|point_of_interest|store,ChIJL2-7hpfuoUYRAs7GDUUX7q8,оптовая база продуктов питания,check
"""Рыба-Кости""","ул. Океанская, д.82, Петропавловск-Камчатский, Камчатский край, 683013",Петропавловск-Камчатский,Петропавловск-Камчатский,Камчатский край,Russia,52.9843313,158.6735845,4.7,22,OPERATIONAL,establishment|point_of_interest,ChIJIylt0Z-Z4VgR1VXUmdfhqVc,оптовая база продуктов питания,check
Maryfish,"ул. Чубарова, 16, Петропавловск-Камчатский, Камчатский край, 683023",Петропавловск-Камчатский,Петропавловск-Камчатский,Камчатский край,Russia,53.0761773,158.6153162,5,4,OPERATIONAL,establishment|food|point_of_interest|store,ChIJ-85v2aqX4VgRXYWoZ0Sxpdc,оптовый продовольственный рынок,check
Salmonica,"ул. Пограничная, 2, Павильон 373, Петропавловск-Камчатский, Камчатский край, 683003",Петропавловск-Камчатский,Петропавловск-Камчатский,Камчатский край,Russia,53.0368022,158.6600119,4.2,62,OPERATIONAL,establishment|food|point_of_interest,ChIJ-fsZmlKX4VgRjooh8tau20o,сельскохозяйственный рынок,check
Агротек Маркет,"ул. Мишенная, 120, Петропавловск-Камчатский, Камчатский край, 683016",Петропавловск-Камчатский,Петропавловск-Камчатский,Камчатский край,Russia,53.0462717,158.617626,4.1,159,OPERATIONAL,establishment|food|point_of_interest|store,ChIJJSSm4RWX4VgR6WDHYyOM86E,сельскохозяйственный рынок,yes
Агротек-маркет СВ,"ул. Ларина, 7/1, Петропавловск-Камчатский, Камчатский край, 683002",Петропавловск-Камчатский,Петропавловск-Камчатский,Камчатский край,Russia,53.0726471,158.6475067,4.2,597,OPERATIONAL,establishment|food|grocery_or_supermarket|point_of_interest|store|supermarket,ChIJ7WIqkiiR4VgRNWf6NWPQ35o,оптовый продовольственный рынок,yes
Бери Сам,"ул. Чубарова, 16, Петропавловск-Камчатский, Камчатский край, 683006",Петропавловск-Камчатский,Петропавловск-Камчатский,Камчатский край,Russia,53.0732648,158.614572,2,1,OPERATIONAL,establishment|food|grocery_or_supermarket|point_of_interest|store,ChIJ9SJy_M-W4VgRQzrSERfUY7c,оптовая база продуктов питания,check
Братишка,"ТД ""Братишка, пр. Победы, 57/1, Петропавловск-Камчатский, Камчатский край, 683000",Петропавловск-Камчатский,Петропавловск-Камчатский,Камчатский край,Russia,53.0694455,158.5940347,3.9,183,OPERATIONAL,establishment|food|grocery_or_supermarket|point_of_interest|store,ChIJcV4YPeaW4VgRVtpUD3Wxtio,оптовый продовольственный рынок,check
ВОСТОЧНЫЙ ПОЛЮС,"Вулканная ул., 49/1, Петропавловск-Камчатский, Камчатский край, 683032",Петропавловск-Камчатский,Петропавловск-Камчатский,Камчатский край,Russia,53.0812903,158.6204119,4.5,8,OPERATIONAL,establishment|point_of_interest,ChIJk4ri6eiW4VgRuAzinsK1n24,оптовый продовольственный рынок,check
ИП Монжаренко С.А.,"Вулканная ул., 21, склад 12, Петропавловск-Камчатский, Камчатский край, 683006",Петропавловск-Камчатский,Петропавловск-Камчатский,Камчатский край,Russia,53.07573739999999,158.6065349,4.8,4,OPERATIONAL,establishment|point_of_interest,ChIJzxLhYMSW4VgReViD259PKRE,оптовая база продуктов питания,check
Камчатимпэкс,"ул. Атласова, 23, Петропавловск-Камчатский, Камчатский край, 683032",Петропавловск-Камчатский,Петропавловск-Камчатский,Камчатский край,Russia,53.0376184,158.6698261,5,1,OPERATIONAL,establishment|food|point_of_interest,ChIJVVVVVUGX4VgR9s-VUp6HGIk,оптовая база продуктов питания,check
Камчатрыбпром,"ул. Ленинградская, 35, Петропавловск-Камчатский, Камчатский край, 683003",Петропавловск-Камчатский,Петропавловск-Камчатский,Камчатский край,Russia,53.0341331,158.6476739,5,1,OPERATIONAL,establishment|food|point_of_interest,ChIJVVVVVUGX4VgRg3wrMlzNDFY,оптовая база продуктов питания,check
Комсомольская площадь,"ул. Ленинградская, 49, Петропавловск-Камчатский, Камчатский край, 683000",Петропавловск-Камчатский,Петропавловск-Камчатский,Камчатский край,Russia,53.0365653,158.6549998,3.8,994,OPERATIONAL,establishment|point_of_interest|shopping_mall,ChIJmXXQBlKX4VgRkud8gSsd-cg,оптовый продовольственный рынок,check
Кытэгыл Камчатка,"ул. Абеля, 41, Петропавловск-Камчатский, Камчатский край, 683023",Петропавловск-Камчатский,Петропавловск-Камчатский,Камчатский край,Russia,53.063362,158.603582,5,1,OPERATIONAL,establishment|food|point_of_interest,ChIJ4TEFqG2X4VgR3DH3CG-81B0,оптовая база продуктов питания,check
Лето,"ул. Вулканная, 21А, Петропавловск-Камчатский, Камчатский край, 683000",Петропавловск-Камчатский,Петропавловск-Камчатский,Камчатский край,Russia,53.0742178,158.6028822,,,OPERATIONAL,establishment|food|point_of_interest|store,ChIJBd9VDMOW4VgRDa1HoLF2W0I,оптовый продовольственный рынок,check
Молокозавод Петропавловский,"пр. Победы, 16, Петропавловск-Камчатский, Камчатский край, 683000",Петропавловск-Камчатский,Петропавловск-Камчатский,Камчатский край,Russia,53.0714962,158.5996446,2.9,15,OPERATIONAL,establishment|food|point_of_interest,ChIJVVVVVUGX4VgRp_gv-AXy7kY,оптовая база продуктов питания,check
новый рынок старый рынок,"ул. Академика Королёва, 67, Петропавловск-Камчатский, Камчатский край, 683009",Петропавловск-Камчатский,Петропавловск-Камчатский,Камчатский край,Russia,53.06499059999999,158.6442062,4.3,53,OPERATIONAL,establishment|point_of_interest,ChIJA5WT-dSQ4VgRFJ4CMQfraUw,сельскохозяйственный рынок,yes
Овощи и фрукты,"ул. Тушканова, 11, Петропавловск-Камчатский, Камчатский край, 683000",Петропавловск-Камчатский,Петропавловск-Камчатский,Камчатский край,Russia,53.0609812,158.6289358,5,1,OPERATIONAL,establishment|food|point_of_interest|store,ChIJVbMZ5yiX4VgRdPHtISmqpTw,плодоовощная база оптовая,check
Овощи и фрукты,"ул. Академика Курчатова, 39/2, Петропавловск-Камчатский, Камчатский край, 683009",Петропавловск-Камчатский,Петропавловск-Камчатский,Камчатский край,Russia,53.0619082,158.6540805,3.5,2,OPERATIONAL,establishment|food|point_of_interest|store,ChIJB4MKoNGQ4VgROyiOWvAMMBI,плодоовощная база оптовая,check
"ООО ""Гранд Айс""","ул. Пограничная, 89, Петропавловск-Камчатский, Камчатский край, 683032",Петропавловск-Камчатский,Петропавловск-Камчатский,Камчатский край,Russia,53.0308647,158.6904144,4.5,30,OPERATIONAL,establishment|point_of_interest,ChIJsaWjygma4VgRdSLdDCO1Gbk,плодоовощная база оптовая,check
ООО АПУКИНСКОЕ,"Халактырское ш., 9, Петропавловск-Камчатский, Камчатский край, 683011",Петропавловск-Камчатский,Петропавловск-Камчатский,Камчатский край,Russia,53.0283737,158.7108306,3.4,19,OPERATIONAL,establishment|food|point_of_interest,ChIJUWaC3o-Ns18RsdmNNLf9R3g,оптовая база продуктов питания,check
Оптово-розничный продовольственный магазин,"ул. Чубарова, 16, Петропавловск-Камчатский, Камчатский край, 683006",Петропавловск-Камчатский,Петропавловск-Камчатский,Камчатский край,Russia,53.0732648,158.614572,3.5,4,OPERATIONAL,establishment|food|grocery_or_supermarket|point_of_interest|store,ChIJLXnBoNqW4VgRpBTG1NAG7bE,оптовый продовольственный рынок,yes
"ПОЛАРИС, рыбодобывающая компания","ул. Советская, 16, 5 офис, Петропавловск-Камчатский, Камчатский край, 683001",Петропавловск-Камчатский,Петропавловск-Камчатский,Камчатский край,Russia,53.0152978,158.6509119,4.5,13,OPERATIONAL,establishment|food|point_of_interest,ChIJvzMvROaZ4VgRKjF-AVNY5Dw,оптовая база продуктов питания,check
Продукты,"ул. Чубарова, 16, Петропавловск-Камчатский, Камчатский край, 683006",Петропавловск-Камчатский,Петропавловск-Камчатский,Камчатский край,Russia,53.0758972,158.6182556,,,OPERATIONAL,establishment|food|point_of_interest|store,ChIJqfamN86W4VgRBRfEg8NUdpE,оптовый продовольственный рынок,check
Рыбный рынок,"Автостанция ""КП"", ул. Пограничная, Петропавловск-Камчатский, Камчатский край, 683003",Петропавловск-Камчатский,Петропавловск-Камчатский,Камчатский край,Russia,53.0364218,158.6593573,4.4,1351,OPERATIONAL,establishment|food|point_of_interest,ChIJW3-Y8lKX4VgRhlCStTv9sDU,оптовый продовольственный рынок,yes
Рыбный рынок,"Петропавловск-Камчатский, Камчатский край, 683024",Петропавловск-Камчатский,Петропавловск-Камчатский,Камчатский край,Russia,53.0565245,158.6361422,4.3,117,OPERATIONAL,establishment|food|point_of_interest,ChIJy8H-Fi6X4VgRJRLgLMuUA-w,сельскохозяйственный рынок,yes
Рыбодобывающая Компания,"ул. Пограничная, 22Б, Петропавловск-Камчатский, Камчатский край, 683032",Петропавловск-Камчатский,Петропавловск-Камчатский,Камчатский край,Russia,53.0348431,158.6695204,5,1,OPERATIONAL,establishment|food|point_of_interest,ChIJAQBwYayQ4VgREX59SGGxii8,оптовая база продуктов питания,check
Рыболовецкий колхоз им. В.И. Ленина,"ул. Космонавтов, 40, Петропавловск-Камчатский, Камчатский край, 683905",Петропавловск-Камчатский,Петропавловск-Камчатский,Камчатский край,Russia,53.0529119,158.6084904,4.4,228,OPERATIONAL,establishment|food|point_of_interest,ChIJEyOsqBmX4VgR_UQyzqpMtik,сельскохозяйственный рынок,check
Рыболовецкий колхоз им. Ленина,"Выставка-ярмарка камчатских товаропроизводителей, ул. Ленинская, 62, 1 этаж, Петропавловск-Камчатский, Камчатский край, 683000",Петропавловск-Камчатский,Петропавловск-Камчатский,Камчатский край,Russia,53.0213501,158.6471558,4.4,74,OPERATIONAL,establishment|food|grocery_or_supermarket|point_of_interest|store,ChIJvX--nuGZ4VgRPkoZD3cp4xA,сельскохозяйственный рынок,check
Рынок,"пр. Циолковского, 25, Петропавловск-Камчатский, Камчатский край, 683000",Петропавловск-Камчатский,Петропавловск-Камчатский,Камчатский край,Russia,53.0565334,158.674069,3.9,110,OPERATIONAL,atm|establishment|finance|food|grocery_or_supermarket|point_of_interest|store,ChIJA5fQUsGQ4VgRMgZGrVdSo0w,оптовый продовольственный рынок,yes
Семейная Корзинка,"ул. Абеля, 6, Петропавловск-Камчатский, Камчатский край, 683006",Петропавловск-Камчатский,Петропавловск-Камчатский,Камчатский край,Russia,53.06746279999999,158.5987138,4.2,226,OPERATIONAL,establishment|food|grocery_or_supermarket|point_of_interest|store,ChIJAQBQnueW4VgR1TXxpucOqdg,оптовый продовольственный рынок,check
Сыры оптом,"ул. Вулканная, 21А, Петропавловск-Камчатский, Камчатский край, 683000",Петропавловск-Камчатский,Петропавловск-Камчатский,Камчатский край,Russia,53.0744176,158.6010533,4.2,5,OPERATIONAL,establishment|food|point_of_interest|store,ChIJa3udqsOW4VgRocETfiTLMsE,оптовый продовольственный рынок,yes
ТК «Галант Плаза» (рынок на КП),"ул. Пограничная, 2/2, Петропавловск-Камчатский, Камчатский край, 683003",Петропавловск-Камчатский,Петропавловск-Камчатский,Камчатский край,Russia,53.0368515,158.6590525,4.4,1083,OPERATIONAL,establishment|point_of_interest|shopping_mall,ChIJz7GpiVKX4VgR4kGz88p8yEY,оптовый продовольственный рынок,yes
Топ-склад,"ул. Вулканная, 21А, Петропавловск-Камчатский, Камчатский край, 683000",Петропавловск-Камчатский,Петропавловск-Камчатский,Камчатский край,Russia,53.0758684,158.5991089,4.7,16,OPERATIONAL,establishment|food|point_of_interest|storage,ChIJf8S0zcOW4VgR1ZC-Ddfoni8,оптовая база продуктов питания,check
Торговый ряд № 2,"6 км Рынок ""Универсальный, 50 Лет Октября просп., 16, Петропавловск-Камчатский, Камчатский край, 683023",Петропавловск-Камчатский,Петропавловск-Камчатский,Камчатский край,Russia,53.05632199999999,158.6367296,3.9,423,OPERATIONAL,establishment|point_of_interest|shopping_mall,ChIJp55rDy6X4VgReR1BYrgwREc,оптовый продовольственный рынок,check
Торговый ряд № 5,"Рынок универсальный, 50 Лет Октября просп., 16, 2 этаж, Петропавловск-Камчатский, Камчатский край, 683023",Петропавловск-Камчатский,Петропавловск-Камчатский,Камчатский край,Russia,53.0566803,158.6361867,4,732,OPERATIONAL,establishment|point_of_interest,ChIJxfznEy6X4VgRnRS5ypASMOE,оптовый продовольственный рынок,check
"ТЫМЛАТСКИЙ РЫБОКОМБИНАТ, розничная сеть","пл. Щедрина, 1, вход с торца, Петропавловск-Камчатский, Камчатский край, 683004",Петропавловск-Камчатский,Петропавловск-Камчатский,Камчатский край,Russia,53.0068326,158.6589118,4.7,46,OPERATIONAL,establishment|food|point_of_interest,ChIJ_8REmeuZ4VgRUinR7AzO7CQ,оптовая база продуктов питания,check
Ультра Упаковка (Розница/ Опт),"Unnamed Road, Петропавловск-Камчатский, Камчатский край, 683024",Петропавловск-Камчатский,Петропавловск-Камчатский,Камчатский край,Russia,53.0577996,158.6361095,4.7,23,OPERATIONAL,establishment|point_of_interest|store,ChIJQZK5gteX4VgRN4BXFd2IDsw,оптовый продовольственный рынок,yes
Универсальный Рынок Северо-Восток,"Петропавловск-Камчатский, Камчатский край, 683002",Петропавловск-Камчатский,Петропавловск-Камчатский,Камчатский край,Russia,53.0730149,158.6427887,4.1,174,OPERATIONAL,establishment|point_of_interest,ChIJG5CyvoGR4VgReKCfQ_bGXcQ,сельскохозяйственный рынок,yes
Фридом,"ул. Кутузова, 12 б, Петропавловск-Камчатский, Камчатский край, 683032",Петропавловск-Камчатский,Петропавловск-Камчатский,Камчатский край,Russia,53.0325243,158.690111,4.4,27,OPERATIONAL,bakery|establishment|food|point_of_interest|store,ChIJD1MmtSeX4VgRAgK5mGL84F0,оптовая база продуктов питания,check
Хоррокс,"пл. Щедрина, 1, Петропавловск-Камчатский, Камчатский край, 683004",Петропавловск-Камчатский,Петропавловск-Камчатский,Камчатский край,Russia,53.0068326,158.6589118,,,OPERATIONAL,establishment|food|point_of_interest,ChIJY6-szL6Z4VgRBOL_prtibGU,оптовая база продуктов питания,check
Центральный рынок,"50 Лет Октября просп., 16, Петропавловск-Камчатский, Камчатский край, 683024",Петропавловск-Камчатский,Петропавловск-Камчатский,Камчатский край,Russia,53.056015,158.6363373,4.2,2578,OPERATIONAL,establishment|point_of_interest|shopping_mall,ChIJeekxGC6X4VgR3YUxr7PWZd4,оптовый продовольственный рынок,yes
Шамса,"д., б-р Рыбацкой Славы, 4, Петропавловск-Камчатский, Камчатский край, 683024",Петропавловск-Камчатский,Петропавловск-Камчатский,Камчатский край,Russia,53.0546383,158.6399147,3.7,403,OPERATIONAL,establishment|food|grocery_or_supermarket|point_of_interest|store,ChIJ4yMnITKX4VgRHP-eVAROBik,сельскохозяйственный рынок,check
"Шамса-Боттлерс, ООО","пр. Победы, 32, Петропавловск-Камчатский, Камчатский край, 683023",Петропавловск-Камчатский,Петропавловск-Камчатский,Камчатский край,Russia,53.073103,158.5907763,4,1,OPERATIONAL,establishment|point_of_interest,ChIJq6q6IumW4VgRRd4Uywgv0C0,плодоовощная база оптовая,check
ЯРМАРКА НА СРВ,"Сахалинская ул., 2a, Петропавловск-Камчатский, Камчатский край, 683030",Петропавловск-Камчатский,Петропавловск-Камчатский,Камчатский край,Russia,52.9705042,158.6918909,4.1,403,OPERATIONAL,establishment|point_of_interest,ChIJ__8vwm2Z4VgRjFZoTcSFMJ4,оптовый продовольственный рынок,yes
Крестьянский рынок,"Торговая улица, 12, Пирогово, республика Удмуртия, 427022",Пирогово,Ижевск,Удмуртская Республика,Russia,56.783322,53.1662545,4.1,390,OPERATIONAL,establishment|food|point_of_interest|storage|store,ChIJ1-mofM494UMRpmcQHcWDbOM,сельскохозяйственный рынок,yes
OGUZAGRO,"Тепличная ул., Дом 10, 129, Подольск, Московская обл., 142134",Подольск,Подольск,Московская область,Russia,55.469382,37.547962,,,OPERATIONAL,establishment|food|point_of_interest,ChIJtUmoF5OpSkERxfWecFR4GOM,оптовая база продуктов питания,check
Авокадо,"ул. Кирова, 60, Подольск, Московская обл., 142117",Подольск,Подольск,Московская область,Russia,55.4242232,37.5219314,,,OPERATIONAL,establishment|point_of_interest,ChIJGXriFGqpSkERUbU-bZm38mg,оптовая база продуктов питания,check
Агрос Плюс,"пр. Авиаторов, 12, Подольск, Московская обл., 142134",Подольск,Подольск,Московская область,Russia,55.461789,37.552879,,,OPERATIONAL,establishment|food|point_of_interest,ChIJ_5Zk7QOpSkERTe9hjlkqwk4,оптовый продовольственный рынок,yes
ВОМАРКЕТ,"б-р 65-летия Победы, 8-2-23, Подольск, Московская обл., 142118",Подольск,Подольск,Московская область,Russia,55.419622,37.4846139,5,1,OPERATIONAL,establishment|food|point_of_interest|store,ChIJz5VIzE1XNUERI7u1TQnE5rc,оптовый продовольственный рынок,check
Домовой,"Комсомольская ул., 3, Центральный рынок, Подольск, Московская обл., 142100",Подольск,Подольск,Московская область,Russia,55.429182,37.54968909999999,4.1,4078,OPERATIONAL,establishment|hardware_store|home_goods_store|point_of_interest|store,ChIJU4gk0F-oSkERmu2kB0oT9RA,оптовый продовольственный рынок,check
Зеленовский,"Зеленовская Большая ул., 27А, Подольск, Московская обл., 142100",Подольск,Подольск,Московская область,Russia,55.43298369999999,37.5430821,4.2,104,OPERATIONAL,establishment|point_of_interest|shopping_mall,ChIJ90lR3keoSkERoQIXxKj-JeM,сельскохозяйственный рынок,check
Икра-икра,"Комсомольская ул., 3, Подольск, Московская обл., 142100",Подольск,Подольск,Московская область,Russia,55.4290068,37.5503839,4.3,64,OPERATIONAL,establishment|food|grocery_or_supermarket|point_of_interest|store,ChIJvda5m2FRtUYR7PJGBH98I3M,оптовый продовольственный рынок,check
Милксити,"пр. Юных Ленинцев, 59, Подольск, Московская обл., 142111",Подольск,Подольск,Московская область,Russia,55.480689,37.5641029,5,2,OPERATIONAL,establishment|food|point_of_interest,ChIJt9AdjDypSkERGMOWhlFWQr8,оптовая база продуктов питания,check
"Ооо ""Подольский Рыбокомбинат""","ул. Правды, дом 30, Подольск, Московская обл., 142115",Подольск,Подольск,Московская область,Russia,55.40658060000001,37.55555210000001,2,4,OPERATIONAL,establishment|food|point_of_interest,ChIJS_JlegOoSkERSeGty8q7xY8,оптовая база продуктов питания,check
ПЛАНЕТА ФРЕШ,"ул. Филиппова, 3, Подольск, Московская обл., 142115",Подольск,Подольск,Московская область,Russia,55.4070063,37.5783108,,,OPERATIONAL,establishment|food|point_of_interest,ChIJewYxveKnSkERErqhQqQol-Q,оптовая база продуктов питания,check
Подольская оптовая база,"вулиця Марка Вовчка, 21, Київ, Украина, 02000",Подольск,Подольск,Московская область,Russia,50.4966743,30.4707185,3.9,1187,OPERATIONAL,establishment|food|grocery_or_supermarket|point_of_interest|store,ChIJU1K7fYzN1EARcMoM4OANHtw,плодоовощная база оптовая,yes
Подольский комбинат питания и оптово-розничной торговли,"Ленинградский пр-д, 2, Подольск, Московская обл., 142121",Подольск,Подольск,Московская область,Russia,55.426235,37.503072,5,6,OPERATIONAL,establishment|food|point_of_interest,ChIJiWbOjSFKtUYRiRvmiBecrXw,оптовая база продуктов питания,yes
Подольский Рынок,"ул. Машиностроителей, 44, Подольск, Московская обл., 142115",Подольск,Подольск,Московская область,Russia,55.4115774,37.5804628,4.3,30,OPERATIONAL,establishment|point_of_interest,ChIJ-RZwIQqoSkERPMW-7bSbZ-o,оптовый продовольственный рынок,yes
Подольский хлебокомбинат,"ул. Лобачева, 19, Подольск, Московская обл., 142116",Подольск,Подольск,Московская область,Russia,55.4411451,37.5731669,4.3,41,OPERATIONAL,establishment|food|point_of_interest,ChIJz8qln16oSkERaIxlUGRMU0A,оптовая база продуктов питания,check
"Продуктовая оптово-розничная сеть ""Великая""","ул. Кирова, 57, Подольск, Московская обл., 142117",Подольск,Подольск,Московская область,Russia,55.422387,37.519139,,,OPERATIONAL,establishment|food|point_of_interest|store,ChIJAUKaGhSpSkERxR8iCgtGw6k,оптовый продовольственный рынок,yes
Продуктовый,"Железнодорожная ул., 9, Подольск, Московская обл., 142103",Подольск,Подольск,Московская область,Russia,55.4227558,37.562389,4.1,42,OPERATIONAL,establishment|food|grocery_or_supermarket|point_of_interest|store,ChIJ_ad9vRSoSkERwFbDo4oP2NI,оптовый продовольственный рынок,check
Прошу к столу,"Кутузовская ул., Подольск, Московская обл., 142117",Подольск,Подольск,Московская область,Russia,55.397045,37.53975519999999,,,OPERATIONAL,establishment|food|grocery_or_supermarket|point_of_interest|store,ChIJ17-TthtXNUERggJNNhtNA4w,сельскохозяйственный рынок,check
Ремит,"Художественный пр-д, 2Д, Подольск, Московская обл., 142111",Подольск,Подольск,Московская область,Russia,55.4706322,37.5737888,4.6,250,OPERATIONAL,establishment|food|point_of_interest|store,ChIJMVi2bR-pSkERDw_qEtlYYsk,оптовая база продуктов питания,check
Русская рыбная компания,"ул. Правды, 30, Подольск, Московская обл., 142115",Подольск,Подольск,Московская область,Russia,55.40661369999999,37.5556013,3.7,22,OPERATIONAL,establishment|food|point_of_interest,ChIJS_JlegOoSkER9b80bSHKeoI,оптовая база продуктов питания,check
"Склад ООО ""Виалта""","142155, Российская Федерация, Московская область, (территория АТП-, 1, Профсоюзная ул., 6, Подольск, Московская обл., 142134",Подольск,Подольск,Московская область,Russia,55.4634211,37.5566311,,,OPERATIONAL,establishment|food|point_of_interest,ChIJkek-5ZpZNUERWlXrsiSB8nE,оптовая база продуктов питания,check
Союзпромснаб,"Советская ул., 36, 1 Помещение, Подольск, Московская обл.",Подольск,Подольск,Московская область,Russia,55.432976,37.553203,5,1,OPERATIONAL,establishment|food|point_of_interest,ChIJX2YAu0aoSkERJGqnn8i8Izs,оптовая база продуктов питания,check
Стейлон,"Рязановское шocce, 11, Подольск, Московская обл., 142103",Подольск,Подольск,Московская область,Russia,55.47369,37.5615615,,,OPERATIONAL,establishment|food|point_of_interest,ChIJ-7F9dxGpSkERkqfLSFvi0sY,плодоовощная база оптовая,check
"ТПК ""МИРТ""","Революционный просп., 18, Подольск, Московская обл., 142116",Подольск,Подольск,Московская область,Russia,55.4323604,37.558777,,,OPERATIONAL,establishment|food|point_of_interest,ChIJ-ercH2-pSkERRwZ-OlhAbIY,оптовая база продуктов питания,check
ТЦ Корстон,"Ленинградская ул., 7, Подольск, Московская обл., 142121",Подольск,Подольск,Московская область,Russia,55.4268216,37.5016074,4,3184,OPERATIONAL,establishment|point_of_interest|shopping_mall,ChIJab6jaNOpSkEREMGyrGhSGTs,сельскохозяйственный рынок,check
ТЦ Станица,"Советская ул., 23, Подольск, Московская обл.",Подольск,Подольск,Московская область,Russia,55.4292102,37.5477381,3.9,241,OPERATIONAL,establishment|point_of_interest|shopping_mall,ChIJ2R-eJ0eoSkERzUtIKVJt--g,оптовый продовольственный рынок,check
ТЦ Центральный,"ул. Бол. Серпуховская, 5, Подольск, Московская обл., 142100",Подольск,Подольск,Московская область,Russia,55.429236,37.546731,4.3,608,OPERATIONAL,establishment|point_of_interest|shopping_mall,ChIJEfaPujioSkERdixMm4aaYeU,сельскохозяйственный рынок,check
Фермерский рынок Кузнечики,"Подольск, Московская обл., 142121",Подольск,Подольск,Московская область,Russia,55.4222483,37.4880049,4.4,70,OPERATIONAL,establishment|point_of_interest,ChIJqQRCbh5XNUERcWHW_30nNus,оптовый продовольственный рынок,yes
Ярмарка Кутузово,"ул. Станционная, 2 стр 1, Подольск, Московская обл., 142100",Подольск,Подольск,Московская область,Russia,55.4051342,37.5481463,4.1,215,OPERATIONAL,bakery|establishment|food|grocery_or_supermarket|liquor_store|point_of_interest|restaurant|store,ChIJiY2T0QKoSkERJvkIhw3Y42Q,сельскохозяйственный рынок,yes
"СХАО ""Овощевод""","ул. Гсп, 69А, Подстёпки, Самарская обл., 445143",Подстёпки,Тольятти,Самарская область,Russia,53.585613,49.211396,4.5,213,OPERATIONAL,establishment|food|grocery_or_supermarket|point_of_interest|store,ChIJ1a4OljJ_aEERTq8AARLw6cI,плодоовощная база оптовая,check
Агат Кэш Энд Кэри,"Промзона, торг. база ""Гроосмайер"", пос. Сидоровка, Респ. Татарстан, 423820",пос. Сидоровка,Набережные Челны,Республика Татарстан,Russia,55.6591453,52.2709465,4.4,158,OPERATIONAL,establishment|point_of_interest|shopping_mall,ChIJ-bOPTjD0X0ERuWe2g27ogwc,оптовый продовольственный рынок,check
Закамье,"ул. Магистральная, а/я 31, пос. Сидоровка, Респ. Татарстан, 423820",пос. Сидоровка,Набережные Челны,Республика Татарстан,Russia,55.661523,52.27475099999999,4.3,649,OPERATIONAL,establishment|point_of_interest|shopping_mall,ChIJKYZneCT0X0ERk-s0AdTZeno,оптовый продовольственный рынок,check
УлМаркет,"Центральная ул., 1А, поселок Загородный, Ульяновская обл., 432051",поселок Загородный,Ульяновск,Ульяновская область,Russia,54.2348544,48.3008534,5,1,OPERATIONAL,establishment|food|meal_delivery|point_of_interest,ChIJz4Mun-81XUERpToYHxmAuCI,оптовый продовольственный рынок,check
оптовая база цветов флорэстиль,"Советский пер., 4В, Пригородное, Тамбовская обл., 392524",Пригородное,Тамбов,Тамбовская область,Russia,52.684844,41.4239279,5,4,OPERATIONAL,establishment|point_of_interest,ChIJszgnVw8VOUERSr51Co8xCCM,плодоовощная база оптовая,yes
Август-вест,"ул. Советской Армии, 56, Псков, Псковская обл., 180000",Псков,Псков,Псковская область,Russia,57.78680379999999,28.3546024,4.5,2,OPERATIONAL,establishment|food|point_of_interest|store,ChIJA35vG8oewEYRF3p7ikHD9Yw,оптовый продовольственный рынок,check
Апельсин,"ул. Киселева, 8, Псков, Псковская обл., 180007",Псков,Псков,Псковская область,Russia,57.8203732,28.3122084,3,2,OPERATIONAL,establishment|point_of_interest,ChIJA35vG8oewEYR50J85JIEeeE,плодоовощная база оптовая,check
База овощей и фруктов,"ул. Воровского, 6 к1, Псков, Псковская обл., 180000",Псков,Псков,Псковская область,Russia,57.82098380000001,28.3416158,4.5,41,OPERATIONAL,establishment|food|grocery_or_supermarket|point_of_interest|store,ChIJKzHkuBUZwEYRwSoffFNXoYE,оптовый продовольственный рынок,yes
Бакалея Оптом и в розницу,"ул. Ижорского Батальона, 4, склад 32, Псков, Псковская обл., 180020",Псков,Псков,Псковская область,Russia,57.8353899,28.3016564,5,1,OPERATIONAL,establishment|food|point_of_interest,ChIJ3Yp44pQewEYRoC_VKAB-Obc,оптовая база продуктов питания,yes
ДоМеста,"ул. Юбилейная, 32, Псков, Псковская обл., 180024",Псков,Псков,Псковская область,Russia,57.810633,28.2978362,4.8,150,OPERATIONAL,establishment|food|point_of_interest|store,ChIJxQofitwewEYRm21rTGMYR_s,оптовый продовольственный рынок,check
Ивица,"Индустриальная ул., 18, Псков, Псковская обл., 180021",Псков,Псков,Псковская область,Russia,57.82686280000001,28.3760088,4.5,2,OPERATIONAL,establishment|point_of_interest,ChIJo3OUNVsZwEYRGC6nNoSQeis,оптовый продовольственный рынок,check
ИП Лашин А.А.,"Пожиговская ул., 5, Псков, Псковская обл., 180021",Псков,Псков,Псковская область,Russia,57.836552,28.381189,5,1,OPERATIONAL,establishment|food|point_of_interest,ChIJNaisFlgZwEYR_aUSahimucI,оптовая база продуктов питания,check
ИП Морозова Е.Н.,"ул. Калинина, 13/1, Псков, Псковская обл., 180000",Псков,Псков,Псковская область,Russia,57.80839390000001,28.3336383,4.1,9,OPERATIONAL,establishment|food|point_of_interest,ChIJA35vG8oewEYRIJlB5yOw8r0,оптовая база продуктов питания,check
ИП Павлов В.Н.,"ул. Киселева, 18 а, Псков, Псковская обл., 180007",Псков,Псков,Псковская область,Russia,57.81593299999999,28.3136908,1,1,OPERATIONAL,establishment|point_of_interest,ChIJA35vG8oewEYRhxwjQxV6yKw,плодоовощная база оптовая,check
Мега Холод,"ул. Советской Армии, 56, Псков, Псковская обл., 180004",Псков,Псков,Псковская область,Russia,57.786813,28.354599,2.2,9,OPERATIONAL,establishment|point_of_interest,ChIJA35vG8oewEYRBYduxPI2uKs,оптовый продовольственный рынок,check
"МП ""Совхоз Шелонский""","рынок ""Нива"", Коммунальная ул., 57А, Псков, Псковская обл., 180024",Псков,Псков,Псковская область,Russia,57.81911900000001,28.284239,5,2,OPERATIONAL,establishment|food|grocery_or_supermarket|point_of_interest|store,ChIJlYOcOucewEYR5D-AXsDPPdg,сельскохозяйственный рынок,check
Нива,"Коммунальная ул., 57-А, Псков, Псковская обл., 180024",Псков,Псков,Псковская область,Russia,57.8191667,28.2841667,4.2,1478,OPERATIONAL,establishment|point_of_interest,ChIJ6bNWI-cewEYRN5zkxW283Xw,оптовый продовольственный рынок,check
Овощи,"ул. Киселева, 18а, Псков, Псковская обл., 180007",Псков,Псков,Псковская область,Russia,57.81581399999999,28.3136719,,,OPERATIONAL,establishment|food|point_of_interest|store,ChIJY6BVy9EewEYRqf8kEnLATh8,плодоовощная база оптовая,check
"Овощная база ""Фруктович""","Невский пер., 1, Псков, Псковская обл., 180006",Псков,Псков,Псковская область,Russia,57.8291993,28.3254872,4.3,73,OPERATIONAL,establishment|food|grocery_or_supermarket|point_of_interest|store|supermarket,ChIJPwdgm7cewEYRh0VArCH2_GA,плодоовощная база оптовая,yes
"ООО ""АРЕАЛ""","ул. Яна Райниса, 41, Псков, Псковская обл., 180002",Псков,Псков,Псковская область,Russia,57.797068,28.3280465,5,1,OPERATIONAL,establishment|food|point_of_interest,ChIJTcXXKnQZwEYRFf1B9ruKNtE,оптовая база продуктов питания,check
"ООО ""Дива Плюс""","ул. Ижорского Батальона, 4, Псков, Псковская обл., 180020",Псков,Псков,Псковская область,Russia,57.834467,28.29951,3,2,OPERATIONAL,establishment|point_of_interest,ChIJ3wufNzMZwEYRgsaZ1D5fLJY,оптовый продовольственный рынок,check
"ООО ""Империал""","Pижский пр-т., 9, Псков, Псковская обл., 180024",Псков,Псков,Псковская область,Russia,57.8205246,28.2901279,4,31,OPERATIONAL,establishment|food|grocery_or_supermarket|point_of_interest|store,ChIJyUziUM4ewEYRzJxILK75WIw,сельскохозяйственный рынок,check
Оптовая База,"ул. Леона Поземского, 22-А, Псков, Псковская обл., 180006",Псков,Псков,Псковская область,Russia,57.8166773,28.3333286,5,1,OPERATIONAL,establishment|point_of_interest,ChIJA35vG8oewEYRzDxmHyq5ybI,оптовый продовольственный рынок,yes
Продукты питания оптом,"ул. Леона Поземского, 22, Псков, Псковская обл., 180006",Псков,Псков,Псковская область,Russia,57.82493530000001,28.3313599,,,OPERATIONAL,establishment|point_of_interest,ChIJCf6kB8oewEYRNQsUEv04q0Y,оптовый продовольственный рынок,yes
Проект-Псков,"ул. Морозовская ветка, 4, Псков, Псковская обл., 180005",Псков,Псков,Псковская область,Russia,57.80279249999999,28.3899653,1,1,OPERATIONAL,establishment|point_of_interest,ChIJA35vG8oewEYRIxnVH-cnK4A,оптовая база продуктов питания,check
Псковский Городской Молочный Завод,"ул. Рельсовая, 1, Псков, Псковская обл., 180006",Псков,Псков,Псковская область,Russia,57.8067874,28.3674401,4.1,21,OPERATIONAL,establishment|food|point_of_interest,ChIJA35vG8oewEYRVJua87mPUSE,оптовая база продуктов питания,check
Псковский молочный комбинат,"Крестовское ш., 1""А, Псков, Псковская обл., 180004",Псков,Псков,Псковская область,Russia,57.8072758,28.3686364,2.8,8,OPERATIONAL,establishment|food|point_of_interest,ChIJA35vG8oewEYR87_10k8nyvo,оптовый продовольственный рынок,check
Псковский Облпотребсоюз,"Советская ул., 35, Псков, Псковская обл., 180000",Псков,Псков,Псковская область,Russia,57.8118826,28.3346139,3,1,OPERATIONAL,establishment|point_of_interest,ChIJ4-3XdzIZwEYRwpAUJdgNfGI,оптовый продовольственный рынок,check
Псковский хлебокомбинат,"ул. Шоссейная, 1, Псков, Псковская обл., 180006",Псков,Псков,Псковская область,Russia,57.83483349999999,28.316483,4.6,206,OPERATIONAL,bakery|establishment|food|point_of_interest|store,ChIJA35vG8oewEYRfYMB1KBAtZI,оптовая база продуктов питания,check
Рыбный Магазин Новый Океан,"ул. Воровского, 1б, Псков, Псковская обл., 180000",Псков,Псков,Псковская область,Russia,57.82001940000001,28.3382784,4.4,44,OPERATIONAL,establishment|food|point_of_interest|store,ChIJ3wufNzMZwEYRsYCArc3S1Z8,оптовый продовольственный рынок,check
Садовый Рынок,"Текстильная ул., 9, Псков, Псковская обл., 180019",Псков,Псков,Псковская область,Russia,57.8312122,28.3495806,3.7,11,OPERATIONAL,establishment|point_of_interest,ChIJF0DENE0ZwEYRAsb_lpJ2J4A,сельскохозяйственный рынок,yes
Свежие фрукты и овощи,"ул. Яна Фабрициуса, 19, Псков, Псковская обл., 180017",Псков,Псков,Псковская область,Russia,57.80537219999999,28.3536986,5,1,OPERATIONAL,establishment|food|point_of_interest|store,ChIJ7ywsYCMZwEYR4i2xJ5HGPq8,плодоовощная база оптовая,check
Торговая Группа Союз,"Железнодорожная ул., 43, Псков, Псковская обл., 180004",Псков,Псков,Псковская область,Russia,57.79150839999999,28.364827,5,1,OPERATIONAL,establishment|food|point_of_interest,ChIJlxlxe-IYwEYRPYrvn-3BCmU,оптовый продовольственный рынок,check
"ТОРГОВЫЙ ДОМ ""ЛЕДА""","ул. Шоссейная, 3. к. 1, Псков, Псковская обл., 180006",Псков,Псков,Псковская область,Russia,57.8381553,28.3163167,3,2,OPERATIONAL,establishment|point_of_interest,ChIJRcliu74ewEYRdwvq00MDXEk,оптовая база продуктов питания,check
Универсальный Продукт,"ул. Ипподромная, 145А, Псков, Псковская обл., 180006",Псков,Псков,Псковская область,Russia,57.83036699999999,28.324628,5,1,OPERATIONAL,establishment|point_of_interest,ChIJiWBPKQQfwEYRZ0D41Ot5Zzo,оптовый продовольственный рынок,check
Фрукты-Овощи Псков,"ул. Морозовская ветка, 23, Псков, Псковская обл., 180004",Псков,Псков,Псковская область,Russia,57.80492129999999,28.3918535,4.7,23,OPERATIONAL,establishment|food|grocery_or_supermarket|point_of_interest|store,ChIJyb6ZH84ZwEYRVSfdzNKItyU,оптовый продовольственный рынок,check
Центральный Рынок,"ул. Воровского, 6, Псков, Псковская обл., 180000",Псков,Псков,Псковская область,Russia,57.8196356,28.3407645,3.9,696,OPERATIONAL,establishment|food|grocery_or_supermarket|point_of_interest|store|supermarket,ChIJA35vG8oewEYRITs7r4_FHVE,оптовый продовольственный рынок,yes
Птицефабрика,"Птицефабрика, Кабардино-Балкарская Респ., 360005",Птицефабрика,Нальчик,Кабардино-Балкарская Республика,Russia,43.4872559,43.6637704,4.4,19,OPERATIONAL,establishment|food|point_of_interest,ChIJsd1twagHWkARmHpoUQz2H8c,оптовая база продуктов питания,check
"Автостанция ""Верхний рынок""","ст1, 357500, ул. Мира, 9, Пятигорск, Ставропольский край, 357503",Пятигорск,Пятигорск,Ставропольский край,Russia,44.0411078,43.0690322,4.1,1107,OPERATIONAL,establishment|point_of_interest,ChIJ2331XDt2V0ARcx7DPlwZPBw,сельскохозяйственный рынок,yes
Аквалот,"ул. Ермолова, 32, Пятигорск, Ставропольский край, 357528",Пятигорск,Пятигорск,Ставропольский край,Russia,44.0482344,43.0099569,3.8,23,OPERATIONAL,establishment|food|point_of_interest,ChIJQe67dQudV0ARY9jbojuAxXM,плодоовощная база оптовая,check
Аргашоковский рынок,"24JH+RQ, Георгиевское ш., Пятигорск, Ставропольский край, 357502",Пятигорск,Пятигорск,Ставропольский край,Russia,44.0323107,43.1291118,4.1,26,OPERATIONAL,establishment|point_of_interest,ChIJL9EAPQV3V0AR93_rW37RQJQ,оптовый продовольственный рынок,yes
Бакалейный магазин СВОЯ КЛАДОВКА,"конт в 123, Степной пер., 49, Пятигорск, Ставропольский край, 357560",Пятигорск,Пятигорск,Ставропольский край,Russia,44.0275595,43.1245926,4,2185,OPERATIONAL,establishment|food|grocery_or_supermarket|point_of_interest|store,ChIJg6L20Y12V0ARJ4-urkxG9h8,сельскохозяйственный рынок,check
"Бештау-сервис, Рынок","ул. Украинская, 60, Пятигорск, Ставропольский край, 357500",Пятигорск,Пятигорск,Ставропольский край,Russia,44.0528361,43.040804,4.5,103,OPERATIONAL,establishment|point_of_interest,ChIJ8eZMLyd2V0ARs082fe_YLIA,сельскохозяйственный рынок,yes
Будет польза,"Кирова просп., 66, Пятигорск, Ставропольский край, 357500",Пятигорск,Пятигорск,Ставропольский край,Russia,44.0362435,43.0677066,5,2,OPERATIONAL,establishment|food|grocery_or_supermarket|point_of_interest|restaurant|store,ChIJZ_w-hYl3V0ARU8EquTjexto,оптовая база продуктов питания,check
Важная Рыба,"ул. Козлова, 28, Пятигорск, Ставропольский край, 357502",Пятигорск,Пятигорск,Ставропольский край,Russia,44.0393961,43.0638065,,,OPERATIONAL,establishment|point_of_interest,ChIJdbfm2SR3V0ARxfU55zqm2vM,оптовая база продуктов питания,check
Верхний Рынок,"ул. Леваневского, 16, Пятигорск, Ставропольский край, 357500",Пятигорск,Пятигорск,Ставропольский край,Russia,44.0419031,43.067505,4.6,499,OPERATIONAL,establishment|point_of_interest,ChIJ2fpkriR2V0AROqqBTordu1I,оптовый продовольственный рынок,yes
ГРиС,"ул. Дмитрия Донского, 56, Пятигорск, Ставропольский край, 357555",Пятигорск,Пятигорск,Ставропольский край,Russia,44.0379198,43.12491139999999,3.9,2717,OPERATIONAL,establishment|point_of_interest,ChIJBTcBCH52V0ARGY1ovH2n0q0,оптовый продовольственный рынок,check
Костанова С.Д.,"Промзона, 2, Пятигорск, Ставропольский край, 357500",Пятигорск,Пятигорск,Ставропольский край,Russia,44.0337667,43.0664369,3,2,OPERATIONAL,establishment|point_of_interest,ChIJ8eZMLyd2V0ARnyianiaps-k,плодоовощная база оптовая,check
Кочубея,"ул. Кочубея, 1А, Пятигорск, Ставропольский край, 357528",Пятигорск,Пятигорск,Ставропольский край,Russia,44.0374455,43.0377915,4.2,264,OPERATIONAL,establishment|food|grocery_or_supermarket|point_of_interest|store,ChIJMY-q13-dV0ARBg4GQJYrODU,оптовый продовольственный рынок,check
Лермонтовский рынок,"ул. 295 Стрелковой Дивизии, 1, Пятигорск, Ставропольский край, 357500",Пятигорск,Пятигорск,Ставропольский край,Russia,44.0617413,43.0647219,4,313,OPERATIONAL,establishment|point_of_interest,ChIJr7xtlfqdV0AR7MoEfozQ91Q,оптовый продовольственный рынок,yes
Мелиса,"Производственная ул., Пятигорск, Ставропольский край, 357528",Пятигорск,Пятигорск,Ставропольский край,Russia,44.0605468,42.9997596,5,1,OPERATIONAL,establishment|point_of_interest,ChIJdeI3pqudV0ARuHIk0LYNHHI,оптовая база продуктов питания,check
Наша Марка,"Торговый зал, Черкесское ш., 2А, Пятигорск, Ставропольский край, 357528",Пятигорск,Пятигорск,Ставропольский край,Russia,44.06287200000001,42.985208,4,30,OPERATIONAL,establishment|point_of_interest,ChIJyyPevficV0ARJuct7rwb1jo,плодоовощная база оптовая,check
Нижний Рынок,"ул. Крайнего, 47, Пятигорск, Ставропольский край, 357500",Пятигорск,Пятигорск,Ставропольский край,Russia,44.03774300000001,43.071337,4.2,947,OPERATIONAL,establishment|food|grocery_or_supermarket|point_of_interest|store,ChIJP9L9fjl2V0ARaBpI0qV5qcA,оптовый продовольственный рынок,yes
Овощи - Фрукты,"Коллективная ул., 1, Пятигорск, Ставропольский край, 357502",Пятигорск,Пятигорск,Ставропольский край,Russia,44.03155,43.045067,5,1,OPERATIONAL,establishment|food|grocery_or_supermarket|point_of_interest|store,ChIJjZdNONJ3V0ARB-VTQCN_NW4,плодоовощная база оптовая,check
Овощи и фрукты,"Бештаугорское ш., 8, Пятигорск, Ставропольский край, 357538",Пятигорск,Пятигорск,Ставропольский край,Russia,44.0591514,43.0413703,4.5,22,OPERATIONAL,establishment|food|grocery_or_supermarket|point_of_interest|store,ChIJuVKO3JSdV0ARbyhM0DwbQN4,сельскохозяйственный рынок,check
"ООО ""ЛАПА"" Администрация Верхнего Рынка","ул. Пастухова, 25, Пятигорск, Ставропольский край, 357502",Пятигорск,Пятигорск,Ставропольский край,Russia,44.0439374,43.067439,4.4,141,OPERATIONAL,establishment|food|grocery_or_supermarket|point_of_interest|restaurant|store,ChIJ90LGECN2V0AR2yXO90g8w1g,сельскохозяйственный рынок,check
Оптовая База,"Черкесское ш., 4, Пятигорск, Ставропольский край, 357500",Пятигорск,Пятигорск,Ставропольский край,Russia,44.053661,42.9933399,5,2,OPERATIONAL,establishment|point_of_interest|store,ChIJ8eZMLyd2V0ARWQNFc8hjmzk,плодоовощная база оптовая,yes
Оптово розничный супермаркет “Notos”,"Промзона, 2, Пятигорск, Ставропольский край, 357522",Пятигорск,Пятигорск,Ставропольский край,Russia,44.0638835,42.9904337,4.5,632,OPERATIONAL,establishment|food|grocery_or_supermarket|point_of_interest|store|supermarket,ChIJ3S3s0FWcV0AR5ND34at4-2k,оптовая база продуктов питания,yes
Оптово-розничная торговая база,"Черкесское ш., 22, Пятигорск, Ставропольский край, 357522",Пятигорск,Пятигорск,Ставропольский край,Russia,44.0628023,42.9824863,5,1,OPERATIONAL,establishment|point_of_interest,ChIJl3SX__icV0ARzMKapDMvmn4,плодоовощная база оптовая,yes
Оптово-розничный магазин продуктов питания И.П. Гречкин Р.Н.,"Промышленная ул., 11, Пятигорск, Ставропольский край, 357361",Пятигорск,Пятигорск,Ставропольский край,Russia,44.0726054,42.97832469999999,4.3,8,OPERATIONAL,establishment|food|point_of_interest,ChIJ2cpq1l2cV0ARopMidh7wSKw,оптовая база продуктов питания,yes
Оптово-Розничный Супермаркет,"Делегатская ул., 97, Пятигорск, Ставропольский край, 357528",Пятигорск,Пятигорск,Ставропольский край,Russia,44.044211,42.999587,,,OPERATIONAL,establishment|food|grocery_or_supermarket|point_of_interest|store|supermarket,ChIJWxeLzE6dV0ARPMj_CxDVYBo,плодоовощная база оптовая,yes
Оптовый Овощнлй Рынок,"Пятигорск, Ставропольский край, 357538",Пятигорск,Пятигорск,Ставропольский край,Russia,44.0498686,43.0396991,,,OPERATIONAL,establishment|food|grocery_or_supermarket|point_of_interest|store,ChIJAQAAAJCdV0ARJgaLN70hies,оптовый продовольственный рынок,yes
Провинция,"5, Черкесское ш., ул, Пятигорск, Ставропольский край, 357500",Пятигорск,Пятигорск,Ставропольский край,Russia,44.0551073,42.992119,,,OPERATIONAL,establishment|food|point_of_interest,ChIJ8eZMLyd2V0ARlRGNPRCoUG4,плодоовощная база оптовая,check
Продовольственная база Армоптторг,"Пятигорск, Ставропольский край, 357524",Пятигорск,Пятигорск,Ставропольский край,Russia,44.06531469999999,43.04830500000001,4.6,24,OPERATIONAL,establishment|food|grocery_or_supermarket|point_of_interest|store,ChIJ48IlzemdV0AR2RKHCDpV_nU,оптовая база продуктов питания,yes
Продуктовый,"пер. Малиновского, 18, Пятигорск, Ставропольский край, 357560",Пятигорск,Пятигорск,Ставропольский край,Russia,44.015903,43.0768648,3.4,7,OPERATIONAL,establishment|food|point_of_interest|store,ChIJw9OYYal3V0ARUe4maEicgSw,сельскохозяйственный рынок,check
Продуктовый склад,"ул. Ессентукская, Пятигорск, Ставропольский край, 357538",Пятигорск,Пятигорск,Ставропольский край,Russia,44.0479467,43.0351739,4.5,46,OPERATIONAL,establishment|food|grocery_or_supermarket|point_of_interest|store,ChIJYdJmNpudV0ARLaHFNUlPHhI,оптовый продовольственный рынок,check
Пятигорский Молочный Комбинат,"ул. Ермолова, 38, Пятигорск, Ставропольский край, 357500",Пятигорск,Пятигорск,Ставропольский край,Russia,44.04921359999999,43.0055147,4.1,113,OPERATIONAL,establishment|food|point_of_interest|store,ChIJ8eZMLyd2V0ARzaC2V7OSNVw,оптовая база продуктов питания,check
Рыбалочка,"ул. Адмиральского, 57, Пятигорск, Ставропольский край, 357500",Пятигорск,Пятигорск,Ставропольский край,Russia,44.051342,43.036307,4.2,5,OPERATIONAL,establishment|food|point_of_interest|store,ChIJtTzGfpqdV0AR4jplb16hEPw,оптовая база продуктов питания,check
Рынок Георгий,"ул. Юцкая, 75, Пятигорск, Ставропольский край, 357500",Пятигорск,Пятигорск,Ставропольский край,Russia,44.017722,43.0747608,4.3,35,OPERATIONAL,establishment|point_of_interest,ChIJ4Q31-5R3V0AR7B0kCFQXoAM,оптовый продовольственный рынок,yes
Рынок Первомайский,"Коллективная ул., 8, Пятигорск, Ставропольский край, 357502",Пятигорск,Пятигорск,Ставропольский край,Russia,44.0323882,43.04452939999999,4.3,576,OPERATIONAL,establishment|food|grocery_or_supermarket|point_of_interest|store,ChIJp8AbttN3V0ARAjJL_v-Tz5Q,оптовый продовольственный рынок,yes
Содр,"ул. Ермолова, 32 а, Пятигорск, Ставропольский край, 357560",Пятигорск,Пятигорск,Ставропольский край,Russia,44.0482858,43.0096357,4,4,OPERATIONAL,establishment|point_of_interest,ChIJxdBmDX-dV0ARVvnhI11LEuQ,оптовая база продуктов питания,check
Торговля Солью,"Пятигорск, Ставропольский край, 357528",Пятигорск,Пятигорск,Ставропольский край,Russia,44.0592911,42.9790789,5,2,OPERATIONAL,establishment|point_of_interest,ChIJ6XankPucV0ARoQuV9vcgyCc,плодоовощная база оптовая,check
Три пескаря,"ул. Ермолова, 32А, Пятигорск, Ставропольский край, 357500",Пятигорск,Пятигорск,Ставропольский край,Russia,44.0504037,43.0081126,4.4,32,OPERATIONAL,establishment|food|point_of_interest,ChIJv0il1AudV0ARfDnKCTlOkl8,плодоовощная база оптовая,check
Универсальный рынок Лира,"трасса Пятигорск-Георгиевск, 2-й км, Пятигорск, Ставропольский край, 357565",Пятигорск,Ставрополь,Ставропольский край,Russia,44.0353374,43.1311597,4.2,6018,OPERATIONAL,clothing_store|establishment|point_of_interest|shoe_store|store,ChIJ8eZMLyd2V0ARJqTkkzR7oY4,сельскохозяйственный рынок,yes
Фермер КМВ,"Пятигорск, Ставропольский край, 357361",Пятигорск,Пятигорск,Ставропольский край,Russia,44.0639648,42.9816093,4.7,19,OPERATIONAL,establishment|point_of_interest|store,ChIJx0blXyCdV0ARhm98Ygxrjeg,плодоовощная база оптовая,check
ФишОпт Пятигорск,"2 км Георгиевского шоссе, участок 24, склад 5, Пятигорск, Ставропольский край, 357500",Пятигорск,Пятигорск,Ставропольский край,Russia,44.0316305,43.1565903,,,OPERATIONAL,establishment|food|point_of_interest,ChIJmQ2CH-h1V0ARAGfKy1jkRlk,плодоовощная база оптовая,yes
Фрукты,"Лермонтовский рынок, ул. 295 Стрелковой Дивизии, 1, Пятигорск, Ставропольский край, 357532",Пятигорск,Пятигорск,Ставропольский край,Russia,44.061816,43.064543,4.5,2,OPERATIONAL,establishment|food|point_of_interest|store,ChIJF_bOv_qdV0ARYmtyNn5d_7g,плодоовощная база оптовая,check
Центральный оптовый склад,"Черкесское ш., 2А, Пятигорск, Ставропольский край, 357528",Пятигорск,Пятигорск,Ставропольский край,Russia,44.063066,42.9853881,,,OPERATIONAL,establishment|food|grocery_or_supermarket|point_of_interest|store|supermarket,ChIJuf_FjPicV0ARdm4Bn5I1GhU,плодоовощная база оптовая,yes
ЭЛЬКОФФ,"ул. Пестова, 36 корпус 2, Пятигорск, Ставропольский край, 357502",Пятигорск,Пятигорск,Ставропольский край,Russia,44.02823350000001,43.0418798,5,10,OPERATIONAL,establishment|food|point_of_interest,ChIJfcopMc53V0ARdi2gxQPTHPQ,плодоовощная база оптовая,check
"Оптово-прод.база ""ГЛОБУС""","Р306, Чеченская Респ., 366030",Р306,Грозный,Чеченская Республика,Russia,43.292633,45.8177108,4.6,306,OPERATIONAL,establishment|food|grocery_or_supermarket|point_of_interest|store,ChIJDWeGjo_XUUARArr0BIWB740,оптовая база продуктов питания,yes
Амбар,"пр-т. Ленина, 8, Разумное, Белгородская обл., 308510",Разумное,Белгород,Белгородская область,Russia,50.5325261,36.6836162,4.4,595,OPERATIONAL,establishment|point_of_interest,ChIJiU3OCCRpJkER3Zh6abhEnls,сельскохозяйственный рынок,check
Скотный рынок,"Респ. Дагестан, 368008",Респ. Дагестан,Хасавюрт,Республика Дагестан,Russia,43.2073515,46.5997006,3.8,148,OPERATIONAL,establishment|point_of_interest,ChIJlRX1bf1rTkARgPO0Q2OQYQ0,сельскохозяйственный рынок,yes
Владимирский Тракт,"а/м, ш. Автомагистраль Москва-Нижний Новгород, вл.19, Реутов, Московская обл., 143968",Реутов,Балашиха,Московская область,Russia,55.7786111,37.85361109999999,4.2,5216,OPERATIONAL,establishment|home_goods_store|point_of_interest|shopping_mall|store,ChIJW9TO2cnYSkERfRf7tJN4BBI,оптовый продовольственный рынок,check
Восток,"Транспортная ул., 12, Реутов, Московская обл., 143960",Реутов,Балашиха,Московская область,Russia,55.7824897,37.86354439999999,4,387,OPERATIONAL,establishment|point_of_interest,ChIJiS7sB-oQS0ERG9-yZUtASKw,оптовый продовольственный рынок,check
Городской продуктовый рынок,"Ашхабадская ул., 4, Реутов, Московская обл., 143964",Реутов,Балашиха,Московская область,Russia,55.75461199999999,37.863048,4.1,589,OPERATIONAL,establishment|food|grocery_or_supermarket|point_of_interest|store,ChIJOcxY_1LKSkERNE-LEs6hghE,оптовый продовольственный рынок,yes
Лавторг продукт,"Никольская ул., 1, Реутов, Московская обл., 143960",Реутов,Балашиха,Московская область,Russia,55.7636672,37.87588119999999,4.3,3,OPERATIONAL,establishment|food|point_of_interest|store,ChIJiwKo3p3KSkERpuYir8PWR8o,оптовый продовольственный рынок,check
ООО ВИНОЛ,"ул. Фабричная, 4, Реутов, Московская обл., 143960",Реутов,Балашиха,Московская область,Russia,55.76453009999999,37.877732,2.8,4,OPERATIONAL,establishment|point_of_interest,ChIJf3uycK_LSkER99pcZhZNqrE,оптовая база продуктов питания,check
"ООО ХАВИАР - Красная и черная икра, рыбная, мясная, овощная и фруктовая консервация","Никольская ул., 1, Реутов, Московская обл., 143960",Реутов,Балашиха,Московская область,Russia,55.7636039,37.8758786,4.7,12,OPERATIONAL,establishment|food|point_of_interest|store,ChIJS_oMDJ7KSkERzq90wlpx80c,оптовая база продуктов питания,check
Оптовая Овощная База,"Оптовая овощная база, Реутов, Московская обл., 143964",Реутов,Москва,Москва,Russia,55.7572111,37.8457946,4.2,62,OPERATIONAL,establishment|food|grocery_or_supermarket|point_of_interest|store,ChIJ9Wp2rvjKSkERVmlVoXdlyBU,плодоовощная база оптовая,yes
ОптХолод,"ш. Автомагистраль Москва-Нижний Новгород, 29, Реутов, Московская обл., 143960",Реутов,Балашиха,Московская область,Russia,55.7800515,37.8589151,4.8,4,OPERATIONAL,establishment|food|point_of_interest,ChIJX3ZIwhCzSkERc5kOhyE9gtw,оптовая база продуктов питания,yes
Вещевой рынок,"Махачкала, Респ. Дагестан, Россия, 367001",Россия,Махачкала,Республика Дагестан,Russia,42.9880946,47.5018889,4.7,3,OPERATIONAL,establishment|point_of_interest,ChIJB7LDZ2mgTkARhQXzzSm9qrQ,сельскохозяйственный рынок,yes
Колхозный рынок,"Казань, Респ. Татарстан, Россия, 420111",Россия,Казань,Республика Татарстан,Russia,55.7870076,49.1104502,4.7,6,OPERATIONAL,establishment|point_of_interest|transit_station,ChIJzY48xxutXkERcNKkRdGF5Qk,сельскохозяйственный рынок,yes
Колхозный рынок,"Уфа, Респ. Башкортостан, Россия, 450112",Россия,Уфа,Республика Башкортостан,Russia,54.8235749,56.083232,4,30,OPERATIONAL,establishment|point_of_interest|transit_station,ChIJ7Y9R2hhI2UMRnJStwhsywzI,сельскохозяйственный рынок,yes
Колхозный рынок,"Тольятти, Самарская обл., Россия, 445045",Россия,Тольятти,Самарская область,Russia,53.486697,49.488812,4,2,OPERATIONAL,establishment|point_of_interest|transit_station,ChIJAWsKSZ5_aEERAz0UpxZSlI4,сельскохозяйственный рынок,yes
Колхозный рынок,"Тольятти, Самарская обл., Россия, 445045",Россия,Тольятти,Самарская область,Russia,53.48637,49.489724,,,OPERATIONAL,establishment|point_of_interest|transit_station,ChIJR7waTp5_aEER-vIKuDVOI2E,сельскохозяйственный рынок,yes
"Колхозный рынок (Рынок ""ВГТЗ"")","Волгоград, Волгоградская обл., Россия, 400006",Россия,Волгоград,Волгоградская область,Russia,48.80068199999999,44.597191,5,1,OPERATIONAL,establishment|point_of_interest|transit_station,ChIJt5hKtFC0GkERnD1gSE3HXWg,сельскохозяйственный рынок,yes
"КОР, Терминал 6","Екатеринбург, Свердловская обл., Россия, 620072",Россия,Екатеринбург,Свердловская область,Russia,56.8440932,60.69692149999999,5,9,OPERATIONAL,establishment|food|point_of_interest,ChIJGbSjqUNswUMR8t6N3nP4pbk,оптовый продовольственный рынок,yes
Нюша,"Тверь, Тверская обл., Россия, 170024",Россия,Тверь,Тверская область,Russia,56.8499421,35.8359135,4.1,37,OPERATIONAL,establishment|food|point_of_interest,ChIJza5zBMCHtkYR4w5bTP4SPRI,оптовая база продуктов питания,check
Оптовая база,"Тверь, Тверская обл., Россия, 170033",Россия,Тверь,Тверская область,Russia,56.8291035,35.913725,,,OPERATIONAL,establishment|point_of_interest,ChIJEU4LYj6HtkYRAHiTXNt7cV4,оптовый продовольственный рынок,yes
ОПТОВАЯ БАЗА,"Улан-Удэ, Респ. Бурятия, Россия, 670045",Россия,Улан-Удэ,Республика Бурятия,Russia,51.8238233,107.6064439,4.7,12,OPERATIONAL,establishment|point_of_interest,ChIJV_4p5kDbr10RQEH-UzquouU,оптовый продовольственный рынок,yes
Оптово-розничная продуктовая база,"Грозный, Чеченская Респ., Россия, 364068",Россия,Грозный,Чеченская Республика,Russia,43.32937709999999,45.712293,5,1,OPERATIONAL,establishment|point_of_interest,ChIJ8RBVB0PRUUARau-mkvhnOJU,плодоовощная база оптовая,yes
оптово-розничный центр,"Тверь, Тверская обл., Россия, 170017",Россия,Тверь,Тверская область,Russia,56.8224296,35.9743232,4.5,153,OPERATIONAL,establishment|florist|point_of_interest|store,ChIJh-9IANqAtkYRAj6srUvs6GQ,оптовый продовольственный рынок,yes
Оптовый склад,"Сургут, Ханты-Мансийский автономный округ, Россия, 628401",Россия,Сургут,Ханты-Мансийский АО,Russia,61.2418609,73.4828579,5,2,OPERATIONAL,establishment|food|point_of_interest|store,ChIJpQMYY2qXc0MRv9d7m2vR_nM,оптовый продовольственный рынок,yes
Продуктовая база,"Пенза, Пензенская обл., Россия, 440034",Россия,Пенза,Пензенская область,Russia,53.167283,45.0208147,,,OPERATIONAL,establishment|point_of_interest,ChIJC-4TQ3IAQUER_hl26hkMb-o,плодоовощная база оптовая,yes
Продуктовая база №1,"Оренбург, Оренбургская обл., Россия, 460060",Россия,Оренбург,Оренбургская область,Russia,51.8167631,55.16416,,,OPERATIONAL,establishment|point_of_interest,ChIJSSxPB_j2e0ERRvmnCylGLHI,плодоовощная база оптовая,yes
Рынок (Химмаш),"Саранск, Респ. Мордовия, Россия, 430031",Россия,Саранск,Республика Мордовия,Russia,54.194011,45.238228,4.6,8,OPERATIONAL,establishment|point_of_interest|transit_station,ChIJF-FmYAYJREERSZBO35H2-GA,сельскохозяйственный рынок,yes
Сельскохозяйственный рынок,"Волгоград, Волгоградская обл., Россия, 400006",Россия,Волгоград,Волгоградская область,Russia,48.7998998,44.5961473,,,OPERATIONAL,establishment|point_of_interest,ChIJVX9a01C0GkERCXK5wRW6cq4,сельскохозяйственный рынок,yes
Строительный рынок,"Брянск, Брянская обл., Россия, 241013",Россия,Брянск,Брянская область,Russia,53.3186589,34.2786278,,,OPERATIONAL,establishment|point_of_interest,ChIJqXtqZcypMkERIKbXqUzD6gY,сельскохозяйственный рынок,yes
Строительный рынок,"Якутск, Респ. Саха (Якутия), Россия, 677007",Россия,Якутск,Республика Саха (Якутия),Russia,61.99558149999999,129.710584,5,2,OPERATIONAL,establishment|point_of_interest,ChIJxRB8Bno19lsRQxA1mKbGxPY,сельскохозяйственный рынок,yes
Фруктовый рай,"Набережные Челны, Респ. Татарстан, Россия, 423818",Россия,Набережные Челны,Республика Татарстан,Russia,55.7540613,52.4311504,2,4,OPERATIONAL,establishment|point_of_interest|store,ChIJge5eTNke4EMRjc9Brn7rxPw,плодоовощная база оптовая,check
Центральный рынок,"Липецк, Липецкая обл., Россия, 398001",Россия,Липецк,Липецкая область,Russia,52.605989,39.572635,3,5,OPERATIONAL,establishment|point_of_interest|transit_station,ChIJe50K2b0UOkERcBNvv_Fjkqk,оптовый продовольственный рынок,yes
Центральный рынок,"Чебоксары, Чувашская Респ., Россия, 428003",Россия,Чебоксары,Чувашская Республика,Russia,56.122455,47.24892999999999,4.4,17,OPERATIONAL,establishment|point_of_interest|transit_station,ChIJIeyaMO03WkERETmJutEUCmw,сельскохозяйственный рынок,yes
Центральный рынок,"Калининград, Калининградская обл., Россия, 236040",Россия,Калининград,Калининградская область,Russia,54.71986099999999,20.508634,3.7,12,OPERATIONAL,establishment|point_of_interest|transit_station,ChIJBQ0q5gYW40YR5A5WGm9tGJs,сельскохозяйственный рынок,yes
Центральный рынок,"Иваново, Ивановская обл., Россия, 153000",Россия,Иваново,Ивановская область,Russia,56.98882889999999,40.9690011,3.7,9,OPERATIONAL,establishment|point_of_interest|transit_station,ChIJiaIR_CEUTUERi9NrvUcI7lo,сельскохозяйственный рынок,yes
Салехардский комбинат,"2 б, ул. Ленина, г. Салехард, Ямало-Ненецкий АО, Россия 629007, Ямало-Ненецкий автономный округ, 629007",Россия 629007,Салехард,Ямало-Ненецкий АО,Russia,66.5223194,66.5806453,4.6,20,OPERATIONAL,establishment|food|point_of_interest,ChIJbdcRBFsEgUQRwbqSLljmyR8,оптовый продовольственный рынок,check
"""Ростагроснаб"" Оптово-розничная база","Врубовая ул., 38, Ростов-на-Дону, Ростовская обл., 344023",Ростов-на-Дону,Ростов-на-Дону,Ростовская область,Russia,47.2512671,39.7379396,4.2,80,OPERATIONAL,establishment|home_goods_store|point_of_interest|storage|store,ChIJKURUmc6540ARdyT-LlpJdP0,оптовый продовольственный рынок,yes
Danone,"ул. Вавилова, 67А, Ростов-на-Дону, Ростовская обл., 344064",Ростов-на-Дону,Ростов-на-Дону,Ростовская область,Russia,47.2748893,39.6812777,4.1,9,OPERATIONAL,establishment|food|point_of_interest,ChIJ-_EbjRa540ARJsd-SYg4okM,оптовая база продуктов питания,check
БАЗА 2,"Врубовая ул., 40, Ростов-на-Дону, Ростовская обл., 344023",Ростов-на-Дону,Ростов-на-Дону,Ростовская область,Russia,47.2512435,39.7354621,4.3,7,OPERATIONAL,establishment|point_of_interest,ChIJRYaJhM6540ARxxt_fodU-P4,оптовый продовольственный рынок,yes
"Бум, Продуктовая База","ул. 40-я Линия, 57, Ростов-на-Дону, Ростовская обл., 344030",Ростов-на-Дону,Ростов-на-Дону,Ростовская область,Russia,47.240112,39.772925,3,4,OPERATIONAL,establishment|point_of_interest,ChIJGYwC8O-540ARxqhnl72-PtE,плодоовощная база оптовая,yes
Веста-Фуд,"ул. Вавилова, 62/1, Ростов-на-Дону, Ростовская обл., 344064",Ростов-на-Дону,Ростов-на-Дону,Ростовская область,Russia,47.2751466,39.6873409,4.4,43,OPERATIONAL,establishment|food|point_of_interest,ChIJFwor-Ki540ARts81-KDwzaw,оптовая база продуктов питания,check
Гурман Булкинъ опт,"ул. Доватора, 110, Ростов-на-Дону, Ростовская обл., 344041",Ростов-на-Дону,Ростов-на-Дону,Ростовская область,Russia,47.2389807,39.63585459999999,,,OPERATIONAL,establishment|food|point_of_interest,ChIJZ_jlbua540ARLnFR6MQZlLA,оптовая база продуктов питания,yes
"Джинибалаев А.д., Продовольственная База","Троллейбусная ул., 10, Ростов-на-Дону, Ростовская обл., 344000",Ростов-на-Дону,Ростов-на-Дону,Ростовская область,Russia,47.266134,39.768636,5,2,OPERATIONAL,establishment|point_of_interest,ChIJFwor-Ki540AR76yxzavrbsk,плодоовощная база оптовая,yes
Донпродукт+,"Стартовая ул., 3/11, офис 202, Ростов-на-Дону, Ростовская обл., 344092",Ростов-на-Дону,Ростов-на-Дону,Ростовская область,Russia,47.2954766,39.694906,,,OPERATIONAL,establishment|point_of_interest,ChIJTY1VOAXI40ARR9RnQLbDq0E,оптовая база продуктов питания,check
Донские Зори,"ул. Волкова, 16, Ростов-на-Дону, Ростовская обл., 344000",Ростов-на-Дону,Ростов-на-Дону,Ростовская область,Russia,47.28317089999999,39.7173725,4.5,133,OPERATIONAL,establishment|food|grocery_or_supermarket|point_of_interest|store,ChIJDTyClvC340ARBfqpHUiQSbo,сельскохозяйственный рынок,check
Западный,"пр-т. Коммунистический, 32/3, Ростов-на-Дону, Ростовская обл., 344091",Ростов-на-Дону,Ростов-на-Дону,Ростовская область,Russia,47.2082646,39.6285056,4.3,1791,OPERATIONAL,establishment|point_of_interest,ChIJOX38YTC_40ARuKX4LlQdy-E,оптовый продовольственный рынок,check
Мужики,"Береговая ул., 4с4, Ростов-на-Дону, Ростовская обл., 344092",Ростов-на-Дону,Ростов-на-Дону,Ростовская область,Russia,47.21236589999999,39.7033809,4.5,55,OPERATIONAL,establishment|point_of_interest,ChIJdS86z_-540ARKTxHVdpza6I,плодоовощная база оптовая,check
МЯСНОФФ-ДОН,"Совхозная ул., 2а, Ростов-на-Дону, Ростовская обл., 344055",Ростов-на-Дону,Ростов-на-Дону,Ростовская область,Russia,47.222023,39.5754051,4.1,18,OPERATIONAL,establishment|food|point_of_interest,ChIJYxbZ47zA40ARUfmj_1p48S4,оптовая база продуктов питания,check
Надежда,"Врубовая ул., 40, Ростов-на-Дону, Ростовская обл., 344023",Ростов-на-Дону,Ростов-на-Дону,Ростовская область,Russia,47.2516213,39.7406264,3.3,7,OPERATIONAL,establishment|point_of_interest,ChIJd-Yni86540AR4iy9oe7E72c,плодоовощная база оптовая,check
Нахичеванский Базар,"Базарная пл., 2, Ростов-на-Дону, Ростовская обл., 344037",Ростов-на-Дону,Ростов-на-Дону,Ростовская область,Russia,47.2330637,39.7644622,4.3,4124,OPERATIONAL,establishment|point_of_interest,ChIJFwor-Ki540ARWa4tNDk4NsY,оптовый продовольственный рынок,yes
Новый Базар,"пр. Космонавтов, Ростов-на-Дону, Ростовская обл., 344092",Ростов-на-Дону,Ростов-на-Дону,Ростовская область,Russia,47.2804844,39.717769,4.4,466,OPERATIONAL,establishment|point_of_interest,ChIJiWy2Qfi340ARFqt_ecqdlqg,оптовый продовольственный рынок,yes
Овощи Фрукты,"ул. Станиславского, 250, Ростов-на-Дону, Ростовская обл., 344082",Ростов-на-Дону,Ростов-на-Дону,Ростовская область,Russia,47.22293,39.738097,4.5,26,OPERATIONAL,establishment|food|grocery_or_supermarket|point_of_interest|store,ChIJf1rltp2540ARd--WwIjAWRE,оптовый продовольственный рынок,check
Овощи Фрукты,"ул. Портовая, 248, Ростов-на-Дону, Ростовская обл., 344000",Ростов-на-Дону,Ростов-на-Дону,Ростовская область,Russia,47.2007236,39.6654756,3.5,8,OPERATIONAL,establishment|food|point_of_interest|store,ChIJ72NNic2-40AR7X504ka3AUo,плодоовощная база оптовая,check
Овощная база № 4,"Ленточная ул., 1, Ростов-на-Дону, Ростовская обл., 344041",Ростов-на-Дону,Ростов-на-Дону,Ростовская область,Russia,47.238747,39.638685,4.6,25,OPERATIONAL,establishment|point_of_interest|storage,ChIJ-_EbjRa540ARfqIEgIZsxJM,плодоовощная база оптовая,yes
"ООО ""Александровскии ""","просп. 40-Летия Победы, 63/4, Ростов-на-Дону, Ростовская обл., 344072",Ростов-на-Дону,Ростов-на-Дону,Ростовская область,Russia,47.2395033,39.8137934,4.3,601,OPERATIONAL,establishment|point_of_interest,ChIJFwor-Ki540AReMFirSfST_g,оптовый продовольственный рынок,check
"ООО ""Элеонора""","пр-т. Коммунистический, 49, Ростов-на-Дону, Ростовская обл., 344091",Ростов-на-Дону,Ростов-на-Дону,Ростовская область,Russia,47.20723330000001,39.61800909999999,4.2,402,OPERATIONAL,cafe|establishment|food|point_of_interest,ChIJFwor-Ki540ARblQFvXVwESI,оптовый продовольственный рынок,check
ООО Продовольственная база,"ул. Орская, Ростов-на-Дону, Ростовская обл., 344065",Ростов-на-Дону,Ростов-на-Дону,Ростовская область,Russia,47.2690574,39.7696597,4.4,67,OPERATIONAL,establishment|food|point_of_interest,ChIJ9cAkMnG340ARAUSGO8afkBA,оптовый продовольственный рынок,yes
"Оптовая база ""Крепкий Орешек""","ул. 1-ая Луговая, 10, Ростов-на-Дону, Ростовская обл., 344002",Ростов-на-Дону,Ростов-на-Дону,Ростовская область,Russia,47.199965,39.700889,5,3,OPERATIONAL,establishment|point_of_interest,ChIJW2_jck-540ARHdeBr9aWZo8,плодоовощная база оптовая,yes
"Оптово-розничная продуктовая база ""Ленточная""","Предботаническая ул., 71, Ростов-на-Дону, Ростовская обл., 344041",Ростов-на-Дону,Ростов-на-Дону,Ростовская область,Russia,47.2376663,39.6379357,4.3,260,OPERATIONAL,establishment|point_of_interest|shopping_mall,ChIJDSSQsKK440ARnBvRYt0fa6Q,оптовый продовольственный рынок,yes
Оптово-строительная база ТН,"ул. Природная, 2Е, Ростов-на-Дону, Ростовская обл., 344039",Ростов-на-Дону,Ростов-на-Дону,Ростовская область,Russia,47.2478904,39.6592712,4.2,20,OPERATIONAL,establishment|point_of_interest,ChIJkXj3alrH40ARNCGHuydE9Qk,плодоовощная база оптовая,yes
Основа ПТО,"ул. Петрожицкого, 8Б, Ростов-на-Дону, Ростовская обл., 344111",Ростов-на-Дону,Ростов-на-Дону,Ростовская область,Russia,47.2502441,39.8356605,4,21,OPERATIONAL,establishment|point_of_interest,ChIJ-_EbjRa540ARZ_JiW6h5pk0,оптовая база продуктов питания,check
"Основа, склад","Троллейбусная ул., 10, Ростов-на-Дону, Ростовская обл., 344065",Ростов-на-Дону,Ростов-на-Дону,Ростовская область,Russia,47.266134,39.768636,4.5,4,OPERATIONAL,establishment|food|point_of_interest,ChIJ-_EbjRa540AR6WPcKUeIudo,плодоовощная база оптовая,check
"Основа, склад","ул. Вавилова, 59/2, Ростов-на-Дону, Ростовская обл., 344064",Ростов-на-Дону,Ростов-на-Дону,Ростовская область,Russia,47.2624206,39.68621520000001,5,1,OPERATIONAL,establishment|food|grocery_or_supermarket|point_of_interest|store,ChIJC3G8_2y440ARcPJ8TWf2Wao,оптовая база продуктов питания,check
Плодоовощторг,"Ленточная ул., 7, Ростов-на-Дону, Ростовская обл., 344041",Ростов-на-Дону,Ростов-на-Дону,Ростовская область,Russia,47.2386081,39.6385727,,,OPERATIONAL,establishment|point_of_interest,ChIJtY14Cpi440AR_Vt517QHy10,плодоовощная база оптовая,yes
Привоз,"ул. Зорге, 13, Ростов-на-Дону, Ростовская обл., 344090",Ростов-на-Дону,Ростов-на-Дону,Ростовская область,Russia,47.2199879,39.63132220000001,4.2,1686,OPERATIONAL,establishment|point_of_interest|shopping_mall,ChIJxYFBX7W440ARWboSfl-PxcI,оптовый продовольственный рынок,check
Продовольственный Рынок,"Железнодорожный р-н, Ростов-на-Дону, Ростовская обл., 344004",Ростов-на-Дону,Ростов-на-Дону,Ростовская область,Russia,47.2120621,39.6653629,4.3,242,OPERATIONAL,establishment|food|grocery_or_supermarket|point_of_interest|store,ChIJzSEiuSm540ARQx8O7U38Y7M,оптовый продовольственный рынок,yes
Продукты оптом и в розницу,"Ленточная ул., 1, Ростов-на-Дону, Ростовская обл., 344021",Ростов-на-Дону,Ростов-на-Дону,Ростовская область,Russia,47.2391556,39.6394229,,,OPERATIONAL,establishment|point_of_interest,ChIJ1dXtxPu540AR_t79hhCTKrA,оптовая база продуктов питания,yes
Росвнешпром,"пер. Семашко, 21/60, Ростов-на-Дону, Ростовская обл., 344002",Ростов-на-Дону,Ростов-на-Дону,Ростовская область,Russia,47.21771830000001,39.7146343,4.3,287,OPERATIONAL,establishment|point_of_interest|shopping_mall,ChIJFwor-Ki540ARHD-51aXv4S0,сельскохозяйственный рынок,check
"Рынок ""Шайба""","ул. Добровольского, 30, Ростов-на-Дону, Ростовская обл., 344114",Ростов-на-Дону,Ростов-на-Дону,Ростовская область,Russia,47.2942223,39.7032611,4.1,3788,OPERATIONAL,establishment|point_of_interest,ChIJFdukvxzI40ARdp5hC5zLysw,оптовый продовольственный рынок,yes
Рынок «Восточный»,"ул. Лелюшенко, 19/4, Ростов-на-Дону, Ростовская обл., 344045",Ростов-на-Дону,Ростов-на-Дону,Ростовская область,Russia,47.30128990000001,39.7468994,4.1,3473,OPERATIONAL,establishment|point_of_interest,ChIJ-_EbjRa540ARww6TO2UUZO0,оптовый продовольственный рынок,yes
Рынок Квадро,"пр. Космонавтов, 22А, 30А, Ростов-на-Дону, Ростовская обл., 344113",Ростов-на-Дону,Ростов-на-Дону,Ростовская область,Russia,47.294568,39.7142744,4.2,4146,OPERATIONAL,establishment|point_of_interest,ChIJEcUPwC6-B0ERQFzQfcHPDE4,оптовый продовольственный рынок,yes
Рынок На Переходном,"Unnamed Road, Ростов-на-Дону, Ростовская обл., 344101",Ростов-на-Дону,Ростов-на-Дону,Ростовская область,Russia,47.2122552,39.6864938,4.7,3,OPERATIONAL,establishment|point_of_interest,ChIJJTE3BUm540ARI7ruzYxGDWU,сельскохозяйственный рынок,yes
Северный Рынок,"пр. Космонавтов, 4/16, Ростов-на-Дону, Ростовская обл., 344092",Ростов-на-Дону,Ростов-на-Дону,Ростовская область,Russia,47.2827778,39.7169444,4.5,4179,OPERATIONAL,establishment|food|grocery_or_supermarket|point_of_interest|store,ChIJy2WNwPC340ARfxHOEqHIbBk,оптовый продовольственный рынок,yes
Сельхоз Ярмарка Выходного Дня,"Некрасовская ул., 24, Ростов-на-Дону, Ростовская обл., 344001",Ростов-на-Дону,Ростов-на-Дону,Ростовская область,Russia,47.2231242,39.6659975,4.1,7,OPERATIONAL,establishment|point_of_interest,ChIJ_-eyQ9y440ARhhZ3Usfoa8c,сельскохозяйственный рынок,yes
Славсоль,"Геологическая ул., 5, Ростов-на-Дону, Ростовская обл., 344065",Ростов-на-Дону,Ростов-на-Дону,Ростовская область,Russia,47.266305,39.770969,5,2,OPERATIONAL,establishment|food|point_of_interest,ChIJj072QXC340ARj_WJSxB_UA8,оптовая база продуктов питания,check
Союз 98,"38/1, Можайская ул., Ростов-на-Дону, Ростовская обл., 344009",Ростов-на-Дону,Ростов-на-Дону,Ростовская область,Russia,47.2736066,39.817188,4.4,192,OPERATIONAL,establishment|point_of_interest|shopping_mall,ChIJ3Se_GyO340ARSnMKC-kjN0o,оптовый продовольственный рынок,check
ТК Видный,"ул. Думенко, 32, Ростов-на-Дону, Ростовская обл., 344045",Ростов-на-Дону,Ростов-на-Дону,Ростовская область,Russia,47.298011,39.75303299999999,4.3,447,OPERATIONAL,establishment|point_of_interest|shopping_mall,ChIJE-mI3si340AR0gcKaFA7beQ,сельскохозяйственный рынок,check
Универсальный Оптово-розничный Рынок,"пр. Шолохова, 9А, Ростов-на-Дону, Ростовская обл., 344019",Ростов-на-Дону,Ростов-на-Дону,Ростовская область,Russia,47.2390262,39.7464094,3,3,OPERATIONAL,establishment|point_of_interest,ChIJ-_EbjRa540AR90zoroN2jyY,сельскохозяйственный рынок,yes
"Фермерская Ярмарка ГПЗ-10, Ростов-на-Дону","ул. Малиновского, 3д, Ростов-на-Дону, Ростовская обл., 344033",Ростов-на-Дону,Ростов-на-Дону,Ростовская область,Russia,47.19867439999999,39.613037,3.8,5,OPERATIONAL,establishment|point_of_interest,ChIJmeVvHhe_40ARSOqCHWiTf-s,сельскохозяйственный рынок,yes
Центральный рынок,"Будённовский просп., 12, Ростов-на-Дону, Ростовская обл., 344002",Ростов-на-Дону,Ростов-на-Дону,Ростовская область,Russia,47.216835,39.70967570000001,4.3,12173,OPERATIONAL,establishment|point_of_interest,ChIJF4TPERO540ARCO9M6_IJhOc,оптовый продовольственный рынок,yes
Чебоко,"ул. Доватора, 19, Ростов-на-Дону, Ростовская обл., 344041",Ростов-на-Дону,Ростов-на-Дону,Ростовская область,Russia,47.2446113,39.6474305,4.7,33,OPERATIONAL,establishment|food|point_of_interest|store,ChIJj_uh7pq440ARRn9hElQZKj4,оптовая база продуктов питания,check
Южная Сырная Компания,"ул. Орская, 31б, Ростов-на-Дону, Ростовская обл., 344065",Ростов-на-Дону,Ростов-на-Дону,Ростовская область,Russia,47.2904256,39.7768769,4.7,12,OPERATIONAL,establishment|food|point_of_interest|store,ChIJnXr3xM-540AR4hX1nLpEHUU,оптовая база продуктов питания,check
Вежливые продукты,"Рязанская обл., 390525",Рязанская обл.,Рязань,Рязанская область,Russia,54.7347903,39.840684,4.6,15,OPERATIONAL,establishment|food|point_of_interest,ChIJv2MaRHDlSUER80PoEAIG1KQ,оптовая база продуктов питания,check
"Балт-Ост, производственно-оптовая компания","Высоковольтная ул., 40, Рязань, Рязанская обл., 390029",Рязань,Рязань,Рязанская область,Russia,54.620252,39.700503,2.2,24,OPERATIONAL,establishment|food|point_of_interest,ChIJswErGWriSUERh2_lJamDEeQ,оптовая база продуктов питания,yes
ИП Клюшников,"пр. Шабулина, 18а, склад 6а, Рязань, Рязанская обл., 390010",Рязань,Рязань,Рязанская область,Russia,54.6575354,39.6764969,,,OPERATIONAL,establishment|food|grocery_or_supermarket|point_of_interest|store,ChIJbXhlCR_jSUERo_T37Rvb1J8,оптовый продовольственный рынок,check
Кофейный двор,"Ряжское ш., 20 стр.1, Рязань, Рязанская обл., 390000",Рязань,Рязань,Рязанская область,Russia,54.5757854,39.7749983,4.9,7,OPERATIONAL,establishment|food|point_of_interest,ChIJ45HAiNofNkERbTwGLhp9wgA,оптовая база продуктов питания,check
Магнит-опт,"Рязань, Рязанская обл., 390010",Рязань,Рязань,Рязанская область,Russia,54.6558765,39.6625569,4.1,180,OPERATIONAL,establishment|food|grocery_or_supermarket|point_of_interest|store,ChIJefyTR6_jSUERvS8tq9DKW04,оптовый продовольственный рынок,yes
"Мир семян офис, оптовый отдел, оптовый интернет-магазин.","Куйбышевское ш., 25ст18, Рязань, Рязанская обл., 390047",Рязань,Рязань,Рязанская область,Russia,54.60277,39.767451,4,1,OPERATIONAL,establishment|food|point_of_interest,ChIJDVRnGhbiSUERGR978nWLOfY,оптовая база продуктов питания,yes
Окское Подворье,"ул. 14-я Линия, д.2, стр. 1 ТЦ ""Алина"", ул. Новоселов 30А ТЦ ""Сити"", ул. Промышленная, д.34 5-я база, проезд Шабулина, д. 18А Рынок ""Молодежный"", ул. Новаторов, д. 3Б, Рязань, Рязанская обл., 390026",Рязань,Рязань,Рязанская область,Russia,54.6567564,39.6718584,5,1,OPERATIONAL,establishment|point_of_interest,ChIJr1Lbpc7jSUER0pyDrcsbcUw,оптовый продовольственный рынок,check
"ООО ""Полинка""","ул. Касимовское ш., 5, стр. 2, Рязань, Рязанская обл., 390027",Рязань,Рязань,Рязанская область,Russia,54.62518499999999,39.775758,,,OPERATIONAL,establishment|food|point_of_interest,ChIJPToT-33hSUERq1BlN-6TQks,оптовая база продуктов питания,check
"ООО ""Русь""","Рязань, Рязанская обл., 390043",Рязань,Рязань,Рязанская область,Russia,54.6577875,39.6739605,,,OPERATIONAL,establishment|food|point_of_interest|store,ChIJx127LG_jSUERTUQijpIvD_4,оптовый продовольственный рынок,check
Оптовая Компания,"ул. Щорса, 38/11, Рязань, Рязанская обл., 390025",Рязань,Рязань,Рязанская область,Russia,54.59442300000001,39.709686,5,1,OPERATIONAL,establishment|point_of_interest,ChIJs4Zu3ADiSUER4y_Aot_WDtg,плодоовощная база оптовая,yes
Оптово-розничный торговый центр,"ул. Есенина, 13, Рязань, Рязанская обл., 390006",Рязань,Рязань,Рязанская область,Russia,54.626893,39.765665,,,OPERATIONAL,establishment|food|grocery_or_supermarket|point_of_interest|store,ChIJAfpEDdTjSUERyBeJEzYJGS8,оптовый продовольственный рынок,yes
Оптовый склад,"ул. Чкалова, 38, Рязань, Рязанская обл., 390029",Рязань,Рязань,Рязанская область,Russia,54.6234885,39.69570849999999,,,OPERATIONAL,establishment|food|point_of_interest|store,ChIJl51AoELiSUER-5bFWDNOhrA,оптовый продовольственный рынок,yes
ОЧИЩЕННЫЕ ОВОЩИ ОПТОМ,"ул. Осипенко, д.95, Рязань, Рязанская обл., 390026",Рязань,Рязань,Рязанская область,Russia,54.6080193,39.6902144,,,OPERATIONAL,establishment|point_of_interest,ChIJAcCVMHPiSUERrtmJjqmpk74,плодоовощная база оптовая,yes
Первомайский сельскохозяйственный рынок,"Первомайский пр., 56, Рязань, Рязанская обл., 390013",Рязань,Рязань,Рязанская область,Russia,54.6293732,39.7189236,4.2,757,OPERATIONAL,establishment|point_of_interest,ChIJR3_V2TXiSUERwNX2kwYG5G0,оптовый продовольственный рынок,yes
Полетаевский,"ул. Гагарина, 164, Рязань, Рязанская обл., 390026",Рязань,Рязань,Рязанская область,Russia,54.6103101,39.715231,4.1,3170,OPERATIONAL,establishment|point_of_interest|shopping_mall,ChIJ335ZtBfiSUERRc-d7sKynck,оптовый продовольственный рынок,check
Привокзальный рынок,"Малое ш., 25, Рязань, Рязанская обл., 390013",Рязань,Рязань,Рязанская область,Russia,54.6315372,39.7113991,3.9,103,OPERATIONAL,establishment|point_of_interest,ChIJ_TTGl0_iSUERdWgLR3biyN8,оптовый продовольственный рынок,yes
Провиант,"ул. Чкалова, 10-а, Рязань, Рязанская обл., 390013",Рязань,Рязань,Рязанская область,Russia,54.6285683,39.7052765,5,1,OPERATIONAL,establishment|food|point_of_interest|store,ChIJ0T3D3ETiSUER4Q1nHPISdTs,оптовый продовольственный рынок,check
Продуктовая База №5,"пр. Шабулина, 18, Рязань, Рязанская обл., 390010",Рязань,Рязань,Рязанская область,Russia,54.6564418,39.6706265,4.2,1571,OPERATIONAL,establishment|food|grocery_or_supermarket|point_of_interest|store,ChIJL9Qkc-DiSUERPvkvZS0novc,оптовый продовольственный рынок,yes
Продуктовый Рынок,"ул. Гоголя, 35Б, Рязань, Рязанская обл., 390035",Рязань,Рязань,Рязанская область,Russia,54.60218709999999,39.7154643,4.9,8,OPERATIONAL,establishment|point_of_interest,ChIJ1UU00gTiSUERMpCsRb4lEeg,оптовый продовольственный рынок,yes
Роспродукт,"ул. Чкалова, 72, Рязань, Рязанская обл., 390029",Рязань,Рязань,Рязанская область,Russia,54.6165505,39.6828672,4.3,21,OPERATIONAL,establishment|food|point_of_interest,ChIJZ1mB2mjiSUERu9AgAlOptDc,оптовый продовольственный рынок,check
РУДО-ТОРГАЛКО,"д, ул. Западная, 1, Рязань, Рязанская обл., 390044",Рязань,Рязань,Рязанская область,Russia,54.639514,39.66802000000001,3,1,OPERATIONAL,establishment|point_of_interest,ChIJN0P4aHLiSUERNujYpUk607g,оптовая база продуктов питания,check
Русское Поле,"пр. Шабулина, 8В, Рязань, Рязанская обл., 390043",Рязань,Рязань,Рязанская область,Russia,54.65517699999999,39.66819,5,1,OPERATIONAL,establishment|food|point_of_interest,ChIJxzkT-d3iSUERMqd__1Cxuhg,оптовая база продуктов питания,check
"Рынок ""Дашково-Песочня""","ул. Новоселов, 26Б, Рязань, Рязанская обл., 390037",Рязань,Рязань,Рязанская область,Russia,54.6095967,39.80230239999999,4.2,2084,OPERATIONAL,establishment|point_of_interest,ChIJlXys7ArhSUERNBoNA-OD3VM,оптовый продовольственный рынок,yes
Рынок на Высоковольтной,"Высоковольтная ул., 40, Рязань, Рязанская обл., 390029",Рязань,Рязань,Рязанская область,Russia,54.6203083,39.69967219999999,3.9,590,OPERATIONAL,establishment|point_of_interest,ChIJswErGWriSUERHFAWZXXg6Pc,оптовый продовольственный рынок,yes
Рязань Продукт,"пр. Шабулина, 10, Рязань, Рязанская обл., 390043",Рязань,Рязань,Рязанская область,Russia,54.65600999999999,39.6726716,4.7,6,OPERATIONAL,establishment|food|grocery_or_supermarket|point_of_interest|store,ChIJ6VeU8OTiSUERbegVcEhf5tg,оптовый продовольственный рынок,check
Та Еда,"ул. Соборная, 23, Рязань, Рязанская обл., 390000",Рязань,Рязань,Рязанская область,Russia,54.6297688,39.7375149,4.4,188,OPERATIONAL,establishment|food|grocery_or_supermarket|point_of_interest|store,ChIJo-oFVzTiSUER-00HPkcxQQg,оптовый продовольственный рынок,check
"Фабрика Домашних Продуктов ""Лина""","ул. 14-я Линия, 2, Рязань, Рязанская обл., 390026",Рязань,Рязань,Рязанская область,Russia,54.61062740000001,39.6926083,4.1,38,OPERATIONAL,establishment|food|point_of_interest,ChIJp9F8lnLiSUER0p4srKdDlhM,оптовая база продуктов питания,check
Центральный рынок,"Спартаковская ул., 30 литера а, Рязань, Рязанская обл., 390000",Рязань,Рязань,Рязанская область,Russia,54.625056,39.737068,4,1626,OPERATIONAL,establishment|point_of_interest,ChIJeT68ODHiSUERZHA0kfd4TIA,оптовый продовольственный рынок,yes
Эталон вкуса,"390010, Рязань, 18А, литера Я, пр. Шабулина, склад 4, Рязань, Рязанская обл., 390010",Рязань,Рязань,Рязанская область,Russia,54.656297,39.677179,,,OPERATIONAL,establishment|point_of_interest,ChIJH2dd2N_iSUERJegoDCjYwKs,оптовая база продуктов питания,check
Овощная База,"ул. Щукина, 56, Садовые Участки, Брянская обл., 241019",Садовые Участки,Брянск,Брянская область,Russia,53.2427672,34.3182046,3.9,140,OPERATIONAL,establishment|food|point_of_interest,ChIJRYAWWkpYLUERLfXtsWHShbE,оптовый продовольственный рынок,yes
Фудсиб,"ул. Пасечная, 1а, Садовый, Новосибирская обл., 630531",Садовый,Новосибирск,Новосибирская область,Russia,55.1218668,82.9263127,4,2305,OPERATIONAL,establishment|food|grocery_or_supermarket|point_of_interest|store,ChIJncScIEHw30IRQo04rIWbn9U,оптовый продовольственный рынок,check
Fruit City,"ул. Мира, 18, Салехард, Ямало-Ненецкий автономный округ, 629008",Салехард,Салехард,Ямало-Ненецкий АО,Russia,66.5315677,66.62362689999999,,,OPERATIONAL,establishment|food|grocery_or_supermarket|point_of_interest|store,ChIJBQXa0J4FgUQR_benoEg0dak,плодоовощная база оптовая,check
Fruit City,"просп. Молодежи, Салехард, Ямало-Ненецкий автономный округ, 629003",Салехард,Салехард,Ямало-Ненецкий АО,Russia,66.5371017,66.586765,,,OPERATIONAL,establishment|point_of_interest,ChIJF0CQxF4EgUQRggaTcH1wl7U,плодоовощная база оптовая,check
Hurtova Baza Produktiv,"вулиця Польова, 83, Харків, Харківська область, Украина, 61000",Салехард,Салехард,Ямало-Ненецкий АО,Russia,49.9686276,36.26770339999999,3.9,857,OPERATIONAL,establishment|point_of_interest|shopping_mall,ChIJpR5so4AKJ0ERksyzoow2Op4,плодоовощная база оптовая,check
"Кондитерская Пекарня ""Сладкий Рай""","Ул. Полярная 3 Б, Салехард, Ямало-Ненецкий автономный округ, 629003",Салехард,Салехард,Ямало-Ненецкий АО,Russia,66.5621567,66.5692024,3.4,14,OPERATIONAL,bakery|establishment|food|point_of_interest|store,ChIJ3XWUb-gEgUQRcWBtfyxtwXg,оптовая база продуктов питания,check
Лик-Ямал,"ул. Сергея Лазо, 12, Салехард, Ямало-Ненецкий автономный округ, 629001",Салехард,Салехард,Ямало-Ненецкий АО,Russia,66.5285351,66.667193,1,2,OPERATIONAL,establishment|point_of_interest,ChIJZYyjIMgFgUQR_MGfEo-3Rfw,оптовая база продуктов питания,check
магазин Фрукты-Овощи,"Салехард, Ямало-Ненецкий автономный округ, 629008",Салехард,Салехард,Ямало-Ненецкий АО,Russia,66.5331487,66.62082769999999,4.4,33,OPERATIONAL,establishment|food|grocery_or_supermarket|point_of_interest|store,ChIJJ1CfGk4EgUQR4lrO_fCnIyc,плодоовощная база оптовая,check
Открытый Рынок,"ул. Маяковского, 17, Салехард, Ямало-Ненецкий автономный округ, 629003",Салехард,Салехард,Ямало-Ненецкий АО,Russia,66.54251769999999,66.5825788,4.1,145,OPERATIONAL,establishment|home_goods_store|point_of_interest|store,ChIJr1MI2PUEgUQR7IQci4RjeG4,оптовый продовольственный рынок,yes
"Рынок ""Дары Ямала""","ул. Чубынина, 34, Салехард, Ямало-Ненецкий автономный округ, 629007",Салехард,Салехард,Ямало-Ненецкий АО,Russia,66.5351751,66.60671239999999,3.9,751,OPERATIONAL,atm|establishment|finance|food|grocery_or_supermarket|point_of_interest|store,ChIJNZrRf1oEgUQRvo787uaDL5M,оптовый продовольственный рынок,yes
СПК «ЯМАЛ-ТЕР»,"микрорайон Полярный, дом 3, Салехард, Ямало-Ненецкий автономный округ, 629003",Салехард,Салехард,Ямало-Ненецкий АО,Russia,66.550073,66.6028111,,,OPERATIONAL,establishment|food|point_of_interest,ChIJAQAAAPwEgUQRkeESiJul1Ng,оптовая база продуктов питания,check
Торговый павильон «Ямальские олени»,"ул. Ленина, 2 В, Салехард, Ямало-Ненецкий автономный округ, 629007",Салехард,Салехард,Ямало-Ненецкий АО,Russia,66.5222607,66.5822108,5,1,OPERATIONAL,establishment|point_of_interest|store,ChIJt_pj08IFgUQRIKqT4oUiCWA,оптовый продовольственный рынок,check
Ямал Продукт,"ул. Ленина, 2 В, Салехард, Ямало-Ненецкий автономный округ, 629007",Салехард,Салехард,Ямало-Ненецкий АО,Russia,66.5223037,66.5820401,4.6,123,OPERATIONAL,establishment|food|grocery_or_supermarket|point_of_interest|store,ChIJQ49kaGkEgUQRDel1tavlMoY,оптовый продовольственный рынок,check
"""Фермерский рынок""","ул. 9-я просека, 114А, Самара, Самарская обл., 443031",Самара,Самара,Самарская область,Russia,53.26493079999999,50.2106462,4.4,9,OPERATIONAL,establishment|point_of_interest,ChIJs-Kycv0YZkER0rsX45gL_ac,оптовый продовольственный рынок,yes
GFC Russia - продукты для Horeca,"пр-д Мальцева, 4К13, Самара, Самарская обл., 443022",Самара,Самара,Самарская область,Russia,53.1874626,50.24410820000001,2,2,OPERATIONAL,establishment|food|point_of_interest,ChIJcyTzbiUdZkERxpLsWbMgncY,оптовая база продуктов питания,check
"Агропарк ""Самара"" - ФудМаркет","Волжское ш., 106, Самара, Самарская обл., 443072",Самара,Самара,Самарская область,Russia,53.2757546,50.2552168,4.1,1092,OPERATIONAL,establishment|point_of_interest,ChIJIzsBUuUZZkERyKO6u_QmeqE,оптовый продовольственный рынок,yes
Бакалея,"Заводское ш., Самара, Самарская обл., 443022",Самара,Самара,Самарская область,Russia,53.193539,50.2314039,4.6,5,OPERATIONAL,establishment|food|point_of_interest,ChIJj8uxt3IcZkER7-Fjd4MvgQQ,оптовый продовольственный рынок,check
Далимо,"Заводское ш., 20, Самара, Самарская обл., 443022",Самара,Самара,Самарская область,Russia,53.2013864,50.2608526,4.1,212,OPERATIONAL,establishment|food|point_of_interest,ChIJ5xHxYe-maEERzRUs_bHyYjo,оптовая база продуктов питания,check
Железнодорожная торговая компания,"ул. Буянова, 13, Самара, Самарская обл., 443041",Самара,Самара,Самарская область,Russia,53.188104,50.114866,4,1,OPERATIONAL,establishment|food|point_of_interest|restaurant,ChIJrcWqFW0eZkERIS6nA60JN9M,оптовая база продуктов питания,check
Корвет,"Заводское ш., 14/3, Самара, Самарская обл., 443022",Самара,Самара,Самарская область,Russia,53.1988639,50.2547613,5,1,OPERATIONAL,establishment|food|point_of_interest,ChIJVzcqLXQcZkERF9n4PqSVKJw,плодоовощная база оптовая,check
МикФрут,"ул. Олимпийская, 68, Самара, Самарская обл., 443051",Самара,Самара,Самарская область,Russia,53.2535591,50.2907333,3.9,116,OPERATIONAL,establishment|point_of_interest,ChIJ_-i3XIwZZkERnOT4YCY1bfA,оптовый продовольственный рынок,check
Мой - Кировский вещевой рынок,"пр. Кирова, 34 б, Самара, Самарская обл., 443052",Самара,Самара,Самарская область,Russia,53.2115556,50.2710243,3.8,5967,OPERATIONAL,establishment|point_of_interest,ChIJS8r0EZUbZkER7cJKRzXHr7Y,оптовый продовольственный рынок,yes
Овощи и фрукты,"ул. Товарная, 37, Самара, Самарская обл., 443044",Самара,Самара,Самарская область,Russia,53.2446564,50.3015415,,,OPERATIONAL,establishment|point_of_interest,ChIJVVVlICcaZkERyn9n0p8OgvQ,плодоовощная база оптовая,check
Овощная база,"ул. Уральская, 161, Самара, Самарская обл., 443061",Самара,Самара,Самарская область,Russia,53.13386819999999,50.1237745,4.2,26,OPERATIONAL,establishment|point_of_interest,ChIJu-do4nCnaEERRgIEFCt_WDo,оптовый продовольственный рынок,yes
"ООО ""ВКУСНЫЙ МИР""","ул. Верхне-Карьерная, 6Б, Самара, Самарская обл., 443070",Самара,Самара,Самарская область,Russia,53.1824211,50.17257,4.8,16,OPERATIONAL,establishment|point_of_interest|store,ChIJH1WisTIcZkERzrSt27pzU5Y,оптовая база продуктов питания,check
"ООО""Оптфрукт""","ул. Олимпийская, 68, склад 7, Самара, Самарская обл., 443051",Самара,Самара,Самарская область,Russia,53.253273,50.2943191,3,3,OPERATIONAL,establishment|food|point_of_interest,ChIJGXqyxMgbZkERD7woapZ3WtI,плодоовощная база оптовая,yes
"ОПТОВАЯ И РОЗНИЧНАЯ ДОСТАВКА ОВОЩЕЙ И ФРУКТОВ ДЛЯ МАГАЗИНОВ, РЕСТОРАНОВ, И ПРЕДПРИЯТИЙ ОБЩЕПИТА","ул. Олимпийская, 6, Самара, Самарская обл., 443051",Самара,Самара,Самарская область,Russia,53.23066499999999,50.2841092,,,OPERATIONAL,establishment|food|point_of_interest,ChIJiQVMVtIbZkERDz2B89R0PyM,плодоовощная база оптовая,yes
Оптовый Рынок,"ул. Товарная, 37е, Самара, Самарская обл., 443044",Самара,Самара,Самарская область,Russia,53.2463592,50.3077457,5,5,OPERATIONAL,establishment|point_of_interest,ChIJOWH0ByEaZkERuy6C3HOAm1c,оптовый продовольственный рынок,yes
Оптовый Рынок Ракита,"Unnamed Road, Самара, Самарская обл., 443044",Самара,Самара,Самарская область,Russia,53.2470065,50.30684369999999,3.8,5,OPERATIONAL,establishment|point_of_interest,ChIJvwOUVSAaZkERWNZ0XK5Vjq0,оптовый продовольственный рынок,yes
Оптовый рынок Самара,"пр-д Мальцева, 9, Самара, Самарская обл., 443022",Самара,Самара,Самарская область,Russia,53.1919361,50.23564,4.1,548,OPERATIONAL,establishment|point_of_interest|shopping_mall,ChIJkYbS53AcZkERxvQpXnpcPOI,оптовый продовольственный рынок,yes
Продуктовый рынок,"ул. Ташкентская, 170, Самара, Самарская обл., 443095",Самара,Самара,Самарская область,Russia,53.2576612,50.2426,4.3,11,OPERATIONAL,establishment|food|grocery_or_supermarket|point_of_interest|store,ChIJp-ui4AkZZkER-lYaMt4NT30,оптовый продовольственный рынок,yes
Продуктовый рынок Норд,"Заводское ш., 6, Самара, Самарская обл., 443083",Самара,Самара,Самарская область,Russia,53.1961796,50.245594,4,842,OPERATIONAL,establishment|point_of_interest,ChIJqbt0pXUcZkERBm6v5RXxNIE,оптовый продовольственный рынок,yes
Райские сады,"ул. Товарная, 37, Самара, Самарская обл., 443044",Самара,Самара,Самарская область,Russia,53.2462845,50.30827009999999,3.7,3,OPERATIONAL,establishment|food|point_of_interest,ChIJVVVlICcaZkER5wRx7Aj5UbQ,плодоовощная база оптовая,check
Ракита,"ул. Товарная, 37, Самара, Самарская обл., 443044",Самара,Самара,Самарская область,Russia,53.2465566,50.306024,4.2,80,OPERATIONAL,establishment|point_of_interest|storage,ChIJIb0j_SAaZkERLP2SP8OJlf0,оптовый продовольственный рынок,check
Русская рыбная компания,"пр-д Мальцева, д. 22, Самара, Самарская обл., 443022",Самара,Самара,Самарская область,Russia,53.1925512,50.23449180000001,5,1,OPERATIONAL,establishment|food|point_of_interest,ChIJwzS-0nocZkERQkpDEDhLUMc,оптовая база продуктов питания,check
Рынок 15-й Вещевой на кольцевой,"пр. Карла Маркса, 450 б, Самара, Самарская обл., 443091",Самара,Самара,Самарская область,Russia,53.24592029999999,50.2513126,3.9,2002,OPERATIONAL,clothing_store|establishment|food|grocery_or_supermarket|point_of_interest|store,ChIJnQpv5m0ZZkEREAf_HfTDkgA,оптовый продовольственный рынок,yes
Рынок продуктовый и вещевой,"ул. Ново-Садовая, 181Р, Самара, Самарская обл., 443086",Самара,Самара,Самарская область,Russia,53.2190164,50.164219,4.4,367,OPERATIONAL,establishment|point_of_interest,ChIJTU0TecAeZkER0NP5uDNm1g8,оптовый продовольственный рынок,yes
Рынок Рыбный,"Самара, Самарская обл., 443022",Самара,Самара,Самарская область,Russia,53.1922303,50.2342369,4.3,113,OPERATIONAL,establishment|point_of_interest|store,ChIJMwxLWHIcZkERNMBRm9_2OIA,оптовый продовольственный рынок,yes
Сaмарский Губернский рынок,"ул. Агибалова, 19, Самара, Самарская обл., 443001",Самара,Самара,Самарская область,Russia,53.1949181,50.12462000000001,4.2,2806,OPERATIONAL,establishment|point_of_interest,ChIJOwW2-WUeZkERsSuDpOm-2LE,оптовый продовольственный рынок,yes
Самаралакто Торговый Дом,"Заводское ш., 99, Самара, Самарская обл., 443052",Самара,Самара,Самарская область,Russia,53.1945232,50.2376496,5,1,OPERATIONAL,establishment|point_of_interest,ChIJw1Igb3McZkEROENs_bEuTUQ,оптовая база продуктов питания,check
САМАРСКАЯ ТОРГОВАЯ КОМПАНИЯ,"пр. Южный, 1а, Самара, Самарская обл., 443017",Самара,Самара,Самарская область,Russia,53.1712321,50.1753318,5,1,OPERATIONAL,establishment|food|point_of_interest,ChIJvQ9pIrYdZkERpT1bMDyapzY,оптовая база продуктов питания,check
Северная Земля,"ул. Товарная, 37А, Самара, Самарская обл., 443044",Самара,Самара,Самарская область,Russia,53.2462326,50.3081246,4,8,OPERATIONAL,establishment|food|point_of_interest,ChIJFZzfvy4aZkERx1q4eYejmWk,оптовая база продуктов питания,check
Солнечный,"Южное ш., 1/20, Самара, Самарская обл., 443085",Самара,Самара,Самарская область,Russia,53.131116,50.170331,3.9,620,OPERATIONAL,establishment|point_of_interest,ChIJ5TxZU2MdZkERr5fOAyI1hS8,оптовый продовольственный рынок,check
ТК Мегаполис Самарский Филиал,"ул. Дзержинского, 46, Самара, Самарская обл., 443070",Самара,Самара,Самарская область,Russia,53.18515799999999,50.17321399999999,4.1,17,OPERATIONAL,establishment|food|point_of_interest,ChIJIxIzkS4cZkERY4gwFjmvyUs,оптовая база продуктов питания,check
Торговая Марка «Певенка»,"Заводское ш., 7, корпус 1, Самара, Самарская обл., 443117",Самара,Самара,Самарская область,Russia,53.1803421,50.21039709999999,4.5,8,OPERATIONAL,establishment|food|point_of_interest,ChIJexB6vUYcZkERgpV-EvRTsrs,оптовая база продуктов питания,check
"Торговый Дом ""Фабрика Качества""","ул. Гагарина, 175, Самара, Самарская обл., 443083",Самара,Самара,Самарская область,Russia,53.201561,50.236177,4.3,23,OPERATIONAL,establishment|food|point_of_interest|store,ChIJBxztPAocZkER33W6iD2QeKc,оптовая база продуктов питания,check
Троицкий комплекс,"Галактионовская ул., 29, Самара, Самарская обл., 443020",Самара,Самара,Самарская область,Russia,53.1840173,50.0986138,4,1041,OPERATIONAL,establishment|point_of_interest,ChIJ4zcE3RAeZkERaNv59_NNVvg,сельскохозяйственный рынок,check
Троицкий рынок.,"Галактионовская ул., 29 Р, Самара, Самарская обл., 443020",Самара,Самара,Самарская область,Russia,53.18469049999999,50.0985614,4.1,895,OPERATIONAL,establishment|point_of_interest,ChIJa9bdIBEeZkERJ8G6NSe1fPc,оптовый продовольственный рынок,yes
"Фермерский Квартал, Рыбка","Московское ш. 18 км, 25С, Самара, Самарская обл., 443072",Самара,Самара,Самарская область,Russia,53.2760538,50.2724025,4.3,279,OPERATIONAL,establishment|food|grocery_or_supermarket|point_of_interest|store,ChIJdTUuzJAXZkERgPVYQ6p9kL8,оптовый продовольственный рынок,check
Чайно-Кофейная Компания,"ул. Академика Павлова, 80, Самара, Самарская обл., 443011",Самара,Самара,Самарская область,Russia,53.2299873,50.1839583,5,1,OPERATIONAL,establishment|food|point_of_interest|store,ChIJOWGuzggcZkERa8Neg_ofQLg,оптовая база продуктов питания,check
Экомаркет,"ул. Победы, 78, Самара, Самарская обл., 443058",Самара,Самара,Самарская область,Russia,53.208661,50.2387654,5,2,OPERATIONAL,establishment|food|point_of_interest,ChIJcc9yy0EbZkER9QvAFJdgEY8,оптовая база продуктов питания,check
"Элитория плюс, ООО","Некрасовская ул., 46, Самара, Самарская обл., 443010",Самара,Самара,Самарская область,Russia,53.189543,50.0944781,4.1,12,OPERATIONAL,establishment|food|point_of_interest,ChIJd3AfWoseZkER5o8vc0ZnaMM,оптовая база продуктов питания,check
"№ 2, Продбаза","пр. Бакунина, 6, Санкт-Петербург, 191024",Санкт-Петербург,Санкт-Петербург,Санкт-Петербург,Russia,59.930508,30.378097,5,1,OPERATIONAL,establishment|point_of_interest,ChIJh-cC5b4xlkYRMqoeB4VYK40,оптовая база продуктов питания,yes
База Салова 52,"Unnamed Road, Санкт-Петербург, 192236",Санкт-Петербург,Санкт-Петербург,Санкт-Петербург,Russia,59.88625129999999,30.3935608,4.3,78,OPERATIONAL,establishment|food|grocery_or_supermarket|point_of_interest|store,ChIJL0U53Q8vlkYRrf6N3SMfW9Y,плодоовощная база оптовая,yes
Балтфрут,"Магнитогорская ул., 17, Санкт-Петербург, 195027",Санкт-Петербург,Санкт-Петербург,Санкт-Петербург,Russia,59.937037,30.423868,2.3,18,OPERATIONAL,establishment|point_of_interest,ChIJvbnhQx_LSkERg9GZeEwsKRs,оптовая база продуктов питания,check
Василеостровский рынок,"Большой проспект Васильевского острова, 16, Санкт-Петербург, 199034",Санкт-Петербург,Санкт-Петербург,Санкт-Петербург,Russia,59.939362,30.2852814,4.5,5988,OPERATIONAL,establishment|food|grocery_or_supermarket|point_of_interest|store,ChIJryax59kwlkYRWrZOGI_vO1s,оптовый продовольственный рынок,yes
"ГК ""Империя"" - комплексные поставки продуктов питания","пр. Непокорённых, 63, корп. 33, Санкт-Петербург, 195067",Санкт-Петербург,Санкт-Петербург,Санкт-Петербург,Russia,59.991812,30.405501,4.4,17,OPERATIONAL,establishment|food|point_of_interest|storage|store,ChIJvTRbXb0zlkYRPCCTFNu73MY,оптовая база продуктов питания,check
Гранд Сервис,"пр. Непокорённых, 63, корпус 30/2, Санкт-Петербург, 195067",Санкт-Петербург,Санкт-Петербург,Санкт-Петербург,Russia,59.99266240000001,30.4112056,4.4,58,OPERATIONAL,establishment|food|point_of_interest,ChIJYaxnEa4zlkYResoL4TSyyQs,оптовая база продуктов питания,check
Долгоозерный рынок,"ул. Ильюшина, 14, Санкт-Петербург, 197372",Санкт-Петербург,Санкт-Петербург,Санкт-Петербург,Russia,60.0081769,30.2459575,4.3,2148,OPERATIONAL,establishment|food|grocery_or_supermarket|point_of_interest|store,ChIJU1AKbzI0lkYR-6Io7BurwN0,оптовый продовольственный рынок,yes
ЕвроФудс (EuroFoods),"Рябовское шоссе, д.120, лит. Б, Санкт-Петербург, 195043",Санкт-Петербург,Санкт-Петербург,Санкт-Петербург,Russia,59.9845888,30.5132318,4.8,29,OPERATIONAL,establishment|food|point_of_interest,ChIJW1Fx530tlkYRMfeyZnrEyh4,оптовая база продуктов питания,check
ЗАРЯ,"пр. Непокорённых, 63к22, Санкт-Петербург, 195067",Санкт-Петербург,Санкт-Петербург,Санкт-Петербург,Russia,59.9921529,30.4093781,4.8,28,OPERATIONAL,establishment|food|grocery_or_supermarket|point_of_interest|store,ChIJy7XvlK0zlkYRcTDtM66BaDk,плодоовощная база оптовая,check
Калининская База,"пр. Непокорённых, 63, Санкт-Петербург, 195067",Санкт-Петербург,Санкт-Петербург,Санкт-Петербург,Russia,59.98983020000001,30.42139479999999,4,614,OPERATIONAL,establishment|food|point_of_interest,ChIJCYw9Pa4zlkYRi8nYZH1i09k,плодоовощная база оптовая,yes
Калининская овощебаза,"корп. 12, пр. Непокорённых, 63, Санкт-Петербург, 195067",Санкт-Петербург,Санкт-Петербург,Санкт-Петербург,Russia,59.9932276,30.4020148,4,4,OPERATIONAL,establishment|food|grocery_or_supermarket|point_of_interest|store,ChIJ1UmZJa4zlkYR_kBJyyhS1uk,плодоовощная база оптовая,yes
Калининская овощебаза Конкурент,"проспект Непокорённых, 63к14с1, Санкт-Петербург, 195067",Санкт-Петербург,Санкт-Петербург,Санкт-Петербург,Russia,59.9936082,30.4007525,4.1,32,OPERATIONAL,establishment|point_of_interest,ChIJrfAiPq0zlkYRFG21FJYb-i4,плодоовощная база оптовая,yes
Кировский рынок,"пр. Стачек, 54, Санкт-Петербург, 198097",Санкт-Петербург,Санкт-Петербург,Санкт-Петербург,Russia,59.882653,30.265014,4.1,1520,OPERATIONAL,establishment|point_of_interest,ChIJieniUH46lkYR2FXG4l9xGN8,оптовый продовольственный рынок,yes
Колпинская Овощная База,"ул. Севастьянова, 23а, Санкт-Петербург, 196655",Санкт-Петербург,Санкт-Петербург,Санкт-Петербург,Russia,59.75747879999999,30.6112993,4.3,3,OPERATIONAL,establishment|point_of_interest,ChIJNwkQiIcnlkYRusQoH2BUVz4,плодоовощная база оптовая,yes
Кузнечный рынок,"Кузнечный пер., 3, Санкт-Петербург, 191025",Санкт-Петербург,Санкт-Петербург,Санкт-Петербург,Russia,59.92737440000001,30.3491751,3.9,1630,OPERATIONAL,establishment|point_of_interest|store,ChIJu75nlK8xlkYRkbKa-1OxqDI,оптовый продовольственный рынок,yes
Мальцевский рынок,"ул. Некрасова, 52, Санкт-Петербург, 191014",Санкт-Петербург,Санкт-Петербург,Санкт-Петербург,Russia,59.9386496,30.3655886,3.7,1396,OPERATIONAL,establishment|point_of_interest,ChIJhYBdiJgxlkYRkq8Dmbu2_B4,оптовый продовольственный рынок,yes
Овощебаза,"Софийская ул., 60, Санкт-Петербург, 192241",Санкт-Петербург,Санкт-Петербург,Санкт-Петербург,Russia,59.8614402,30.4219778,4.1,83,OPERATIONAL,establishment|food|grocery_or_supermarket|point_of_interest|store,ChIJbVM_l5ovlkYR-KAm5xVRleU,оптовый продовольственный рынок,yes
Овощная база Непокоренных 63,"пр. Непокорённых, Санкт-Петербург, 195067",Санкт-Петербург,Санкт-Петербург,Санкт-Петербург,Russia,59.9944167,30.413244,2.5,2,OPERATIONAL,establishment|point_of_interest,ChIJ-bGO0T8zlkYRaj52UXsCDlc,плодоовощная база оптовая,yes
Овощной рынок на Непокоренных,"пр. Непокорённых, 63к26, Санкт-Петербург, 195067",Санкт-Петербург,Санкт-Петербург,Санкт-Петербург,Russia,59.99342720000001,30.4101352,4.3,350,OPERATIONAL,establishment|food|point_of_interest|store,ChIJ2Y75za0zlkYRqIQ0XHAEMDY,оптовый продовольственный рынок,yes
"ООО ""ВЕЛИКОРОСС""","ул. Салова, 27И, Санкт-Петербург, 192102",Санкт-Петербург,Санкт-Петербург,Санкт-Петербург,Russia,59.8957786,30.3726863,4.5,154,OPERATIONAL,establishment|point_of_interest,ChIJy7UhrDcwlkYRLXs1GGPxqMw,плодоовощная база оптовая,check
"ООО ""Нарт""","Софийская ул., 60, Санкт-Петербург, 192241",Санкт-Петербург,Санкт-Петербург,Санкт-Петербург,Russia,59.8587156,30.4233661,4,451,OPERATIONAL,establishment|food|point_of_interest,ChIJYfHE0povlkYRDCFDxYlYt_U,оптовый продовольственный рынок,check
Оптовая База,"Софийская ул., 6, к. 6, Санкт-Петербург, 192236",Санкт-Петербург,Санкт-Петербург,Санкт-Петербург,Russia,59.88636019999999,30.3945408,4.3,1162,OPERATIONAL,establishment|food|grocery_or_supermarket|point_of_interest|store,ChIJ69hIjtsvlkYRGJuBsBgqSgU,оптовый продовольственный рынок,yes
Оптовый рынок овощей и фруктов,"Софийская ул., 60, Санкт-Петербург, 192241",Санкт-Петербург,Санкт-Петербург,Санкт-Петербург,Russia,59.85944000000001,30.422542,4.1,48,OPERATIONAL,establishment|food|point_of_interest|shopping_mall,ChIJYfHE0povlkYR1IIBK1_2X-s,оптовый продовольственный рынок,yes
Оптовый Склад,"4к3, Софийская ул., 4 корпус 3, Санкт-Петербург, 192102",Санкт-Петербург,Санкт-Петербург,Санкт-Петербург,Russia,59.889943,30.3904649,4.7,7,OPERATIONAL,establishment|food|grocery_or_supermarket|point_of_interest|store,ChIJqWV-p9kvlkYRnIHWzHwEbP4,оптовая база продуктов питания,yes
Плодовоовощная база,"Софийская ул., 60, Санкт-Петербург, 192241",Санкт-Петербург,Санкт-Петербург,Санкт-Петербург,Russia,59.85768820000001,30.4239477,4.1,71,OPERATIONAL,establishment|food|point_of_interest|store,ChIJi1kRxIQvlkYR_fu4whnGCUc,плодоовощная база оптовая,yes
Полюстровский Рынок,"Полюстровский пр., 45, Санкт-Петербург, 195197",Санкт-Петербург,Санкт-Петербург,Санкт-Петербург,Russia,59.9699034,30.3881235,4.2,6687,OPERATIONAL,establishment|point_of_interest,ChIJU9bIUS0ylkYREkPuKfVRDVM,оптовый продовольственный рынок,yes
Правобережный Рынок,"ул. Дыбенко, 16, Санкт-Петербург, 193168",Санкт-Петербург,Санкт-Петербург,Санкт-Петербург,Russia,59.904919,30.469152,4.1,2321,OPERATIONAL,establishment|food|grocery_or_supermarket|point_of_interest|store,ChIJJQRoCkQulkYRLmtzAj5bKhU,оптовый продовольственный рынок,yes
Продуктовый рынок,"пр. Стачек, 54, Санкт-Петербург, 198097",Санкт-Петербург,Санкт-Петербург,Санкт-Петербург,Russia,59.88266089999999,30.265048,4.3,211,OPERATIONAL,establishment|point_of_interest|shopping_mall,ChIJIdBxUH46lkYRSNr4YToTdTI,оптовый продовольственный рынок,yes
Продуктовый рынок Салова 52,"Софийская ул., 4 корпус 3, Санкт-Петербург, 192102",Санкт-Петербург,Санкт-Петербург,Санкт-Петербург,Russia,59.889817,30.391401,4.3,1674,OPERATIONAL,establishment|point_of_interest,ChIJ-_bfxd4vlkYRDhj7A2Rn_3A,оптовый продовольственный рынок,yes
РосПитание - оптовая поставка продуктов питания,"Невский пр., 3, Санкт-Петербург, 191186",Санкт-Петербург,Санкт-Петербург,Санкт-Петербург,Russia,59.93683679999999,30.3127669,4,2,OPERATIONAL,establishment|point_of_interest,ChIJhXBa7RoxlkYRD-SVZPSWT58,оптовая база продуктов питания,yes
Севко,"Мельничная ул., 14, 3 этаж, офис 311, Санкт-Петербург, 192019",Санкт-Петербург,Санкт-Петербург,Санкт-Петербург,Russia,59.914051,30.392644,4.5,2,OPERATIONAL,establishment|food|point_of_interest,ChIJqXXfv9ExlkYRMRSKbAE6rJ0,оптовая база продуктов питания,check
Сельскохозяйственный Рынок,"Торфяная дор., 2, Санкт-Петербург, 197374",Санкт-Петербург,Санкт-Петербург,Санкт-Петербург,Russia,59.98859179999999,30.2546776,4.3,355,OPERATIONAL,establishment|point_of_interest,ChIJhdFGpp82lkYRgzzD-TSVIQ4,сельскохозяйственный рынок,yes
Сельскохозяйственный Рынок,"Рынок Долгоозерный, ул. Ильюшина, 14, Санкт-Петербург, 197372",Санкт-Петербург,Санкт-Петербург,Санкт-Петербург,Russia,60.0074264,30.2458599,,,OPERATIONAL,establishment|point_of_interest,ChIJMSKHIDI0lkYRJPKL2aWoqqY,сельскохозяйственный рынок,yes
Сенной Рынок,"Московский пр-т., 4а, Санкт-Петербург, 190031",Санкт-Петербург,Санкт-Петербург,Санкт-Петербург,Russia,59.9245043,30.3197059,3.9,10795,OPERATIONAL,establishment|food|point_of_interest|store,ChIJD5uswwExlkYRKjto6Z0tiuI,оптовый продовольственный рынок,yes
Софийская база,"Софийская ул., 60, Санкт-Петербург, 192241",Санкт-Петербург,Санкт-Петербург,Санкт-Петербург,Russia,59.8586427,30.4227529,4,572,OPERATIONAL,establishment|food|point_of_interest,ChIJ1x8r25wvlkYRL9xDrhcIrLU,оптовый продовольственный рынок,yes
Софийский рынок,"Софийская ул., 60, Санкт-Петербург, 192241",Санкт-Петербург,Санкт-Петербург,Санкт-Петербург,Russia,59.8592364,30.4220823,3.9,988,OPERATIONAL,establishment|point_of_interest,ChIJ9ethI5svlkYRDstjEC2r4zc,оптовый продовольственный рынок,yes
"Торговый Дом ""Южный""","ул. Орджоникидзе, 44 корпус 5, Санкт-Петербург, 196143",Санкт-Петербург,Санкт-Петербург,Санкт-Петербург,Russia,59.845672,30.34567,4.1,132,OPERATIONAL,establishment|food|grocery_or_supermarket|point_of_interest|real_estate_agency|shopping_mall|store,ChIJfcRBvEgllkYRx9dDI8-WpiY,оптовый продовольственный рынок,check
Торговый дом ЛКЗ,"Лиговский пр., 123А, Санкт-Петербург, 191119",Санкт-Петербург,Санкт-Петербург,Санкт-Петербург,Russia,59.91855700000001,30.3516568,5,1,OPERATIONAL,establishment|food|point_of_interest,ChIJQTE8uLIxlkYRI2bOqi5FE2U,оптовая база продуктов питания,check
Фруктовиков,"Софийская ул., 60, к. 19/3, Санкт-Петербург, 192174",Санкт-Петербург,Санкт-Петербург,Санкт-Петербург,Russia,59.85958439999999,30.4313458,4.5,55,OPERATIONAL,establishment|food|point_of_interest,ChIJYfHE0povlkYRSxuzzuVBvOE,плодоовощная база оптовая,check
Фруктово-Овощная база,"корп. 2, пр. Непокорённых, 63, Санкт-Петербург, 195220",Санкт-Петербург,Санкт-Петербург,Санкт-Петербург,Russia,59.99268960000001,30.3779152,3.3,7,OPERATIONAL,establishment|point_of_interest,ChIJ6yMJHLwzlkYRe-GAyWU6cQU,плодоовощная база оптовая,yes
Хасанский рынок,"Санкт-Петербург, 195298",Санкт-Петербург,Санкт-Петербург,Санкт-Петербург,Russia,59.9355583,30.4901142,4.3,550,OPERATIONAL,establishment|point_of_interest,ChIJSeiCBOEtlkYRbRM4_AzmcCo,оптовый продовольственный рынок,yes
Шушары,"Первомайская ул., 15, Санкт-Петербург, 196626",Санкт-Петербург,Санкт-Петербург,Санкт-Петербург,Russia,59.8070713,30.3774408,3.7,288,OPERATIONAL,establishment|food|point_of_interest,ChIJK4cl1YonlkYReCf1knIQGyQ,плодоовощная база оптовая,check
Южный. Фермерские продукты,"пр. Юрия Гагарина, д. 34, к. 3, лит. А, Санкт-Петербург, 196143",Санкт-Петербург,Санкт-Петербург,Санкт-Петербург,Russia,59.8466682,30.3408654,4.2,1391,OPERATIONAL,establishment|food|point_of_interest|shopping_mall|store,ChIJG55IPEkllkYR0thm95P3Hss,оптовый продовольственный рынок,check
Юника Трейд,"Лиговский пр., 50 корпус 14, Санкт-Петербург, 191040",Санкт-Петербург,Санкт-Петербург,Санкт-Петербург,Russia,59.923289,30.3618581,,,OPERATIONAL,establishment|point_of_interest,ChIJBQdDmNYxlkYR14-Rt7kItYY,оптовая база продуктов питания,check
"BRUNVITT, Manufactura","Волгоградская ул., 1, Саранск, Респ. Мордовия, 430027",Саранск,Саранск,Республика Мордовия,Russia,54.1817931,45.2036989,,,OPERATIONAL,establishment|food|point_of_interest,ChIJNXhBLtYJREERvT4HGmnyW1M,оптовая база продуктов питания,check
prodmarket,"ул. Александра Невского, д.101, Саранск, Респ. Мордовия, 430027",Саранск,Саранск,Республика Мордовия,Russia,54.17216,45.154915,,,OPERATIONAL,establishment|food|point_of_interest,ChIJz0Fp8p4IREERVMnm7wYBQx0,оптовая база продуктов питания,yes
"АО ""Тепличное""","п. Озерный, Саранск, Респ. Мордовия, 430033",Саранск,Саранск,Республика Мордовия,Russia,54.218503,45.29191,4.6,70,OPERATIONAL,establishment|food|point_of_interest,ChIJTZlVaNQLREERLbccwnyadeA,оптовый продовольственный рынок,check
Далеан C,"1-я Промышленная, 17, Саранск, Респ. Мордовия, 430017",Саранск,Саранск,Республика Мордовия,Russia,54.2363131,45.1639028,,,OPERATIONAL,establishment|point_of_interest,ChIJa_ntf8IOREERb8HDNOxyuvU,плодоовощная база оптовая,check
ИП Бикеев,"ул. Рабочая, 173, Саранск, Респ. Мордовия, 430003",Саранск,Саранск,Республика Мордовия,Russia,54.2003211,45.1936465,,,OPERATIONAL,establishment|food|grocery_or_supermarket|point_of_interest|store,ChIJowexWcMJREERNozcWELuN0w,сельскохозяйственный рынок,check
Каскад,"Энергетическая ул., 37, Саранск, Респ. Мордовия, 430006",Саранск,Саранск,Республика Мордовия,Russia,54.2186066,45.18565960000001,5,1,OPERATIONAL,establishment|food|point_of_interest,ChIJNe5sTSwJREERIjQd3gI0uP4,оптовая база продуктов питания,check
ЛЕВ и ПЧЕЛКА,"пр. Ленина, 1, Саранск, Респ. Мордовия, 430005",Саранск,Саранск,Республика Мордовия,Russia,54.181953,45.18774699999999,5,2,OPERATIONAL,establishment|food|point_of_interest|store,ChIJDf_0qMUJREER3Qqf3Tbx_9U,оптовый продовольственный рынок,check
Молочный комбинат Саранский,"ул. Попова, 75, Саранск, Респ. Мордовия, 430032",Саранск,Саранск,Республика Мордовия,Russia,54.17398,45.124287,4,35,OPERATIONAL,establishment|food|point_of_interest|store,ChIJY4wpoewIREERc4FpiiGRIzY,оптовый продовольственный рынок,check
Мордовкоопкнига,"ТЦ ""СтройМир"", ул. Рабочая, 72, Саранск, Респ. Мордовия, 430000",Саранск,Саранск,Республика Мордовия,Russia,54.1908001,45.19397559999999,4,1,OPERATIONAL,book_store|establishment|point_of_interest|store,ChIJoZRpnugIREERH4QCtaSOROU,оптовый продовольственный рынок,check
Мордовоптцентр,"2-я Промышленная, 7, Саранск, Респ. Мордовия, 430006",Саранск,Саранск,Республика Мордовия,Russia,54.23356829999999,45.1921264,,,OPERATIONAL,establishment|point_of_interest,ChIJ4-142bcOREERfY7OC_58MzE,оптовый продовольственный рынок,yes
Мордовский бекон,"Александровское ш., 7, Саранск, Респ. Мордовия, 430006",Саранск,Саранск,Республика Мордовия,Russia,54.2108767,45.205893,3,2,OPERATIONAL,establishment|food|point_of_interest,ChIJsRg_5yQJREERvf73roQKGPI,оптовая база продуктов питания,check
Мясокомбинат Саранский ЗАО,"Александровское ш., 7, Саранск, Респ. Мордовия, 430006",Саранск,Саранск,Республика Мордовия,Russia,54.2124799,45.2103671,4.5,4,OPERATIONAL,establishment|food|point_of_interest,ChIJY4wpoewIREER1N8HmYl54WQ,оптовая база продуктов питания,check
"ОАО ""Консервный завод ""Саранский""","пр. Ленина, 54, Саранск, Респ. Мордовия, 430003",Саранск,Саранск,Республика Мордовия,Russia,54.20007529999999,45.1885062,4,54,OPERATIONAL,establishment|point_of_interest|store,ChIJLZA_7-kIREERw9btfXoeQ5I,оптовый продовольственный рынок,check
"ООО ""Хорошее дело. Мордовия""","ТД ""Чамзинские продукты"", ул. Богдана Хмельницкого, 75, офис 29, Саранск, Респ. Мордовия, 430011",Саранск,Саранск,Республика Мордовия,Russia,54.1871313,45.1686366,,,OPERATIONAL,establishment|point_of_interest,ChIJt0RADr8IREERBQ4aY8ijNJs,оптовая база продуктов питания,check
ООО Рынок Данко,"ул. Миронова, 1А, Саранск, Респ. Мордовия, 430013",Саранск,Саранск,Республика Мордовия,Russia,54.2138103,45.11506319999999,4,1163,OPERATIONAL,establishment|point_of_interest|shopping_mall,ChIJY4wpoewIREERdNhwypUQXP8,сельскохозяйственный рынок,yes
Опт и мал,"2-я Промышленная, 7, отдел 18, Саранск, Респ. Мордовия, 430006",Саранск,Саранск,Республика Мордовия,Russia,54.2336242,45.1903959,3.3,6,OPERATIONAL,establishment|food|grocery_or_supermarket|point_of_interest|store,ChIJLdLcHsgOREERlZCjHFFqiS8,оптовый продовольственный рынок,yes
Оптовая база,"ул. Рабочая, 70А, Саранск, Респ. Мордовия, 430003",Саранск,Саранск,Республика Мордовия,Russia,54.19006299999999,45.1936007,,,OPERATIONAL,establishment|point_of_interest,ChIJ1W4klugIREERdXxZMVaKP4c,оптовый продовольственный рынок,yes
Оптовичок,"ул. Коваленко, 25, Саранск, Респ. Мордовия, 430034",Саранск,Саранск,Республика Мордовия,Russia,54.2178896,45.1192781,,,OPERATIONAL,establishment|food|grocery_or_supermarket|point_of_interest|store|supermarket,ChIJe4TYxxUPREERGrW6NSyCo9o,оптовый продовольственный рынок,yes
Оптовый магазин,"ул. Коваленко, 16, Саранск, Респ. Мордовия, 430034",Саранск,Саранск,Республика Мордовия,Russia,54.2157468,45.1196718,4.8,4,OPERATIONAL,establishment|food|grocery_or_supermarket|point_of_interest|store,ChIJP9ZzfxUPREERjdIrsWFuiG0,оптовый продовольственный рынок,yes
Ох и рыбка,"ул. Рабочая, 102, Саранск, Респ. Мордовия, 430034",Саранск,Саранск,Республика Мордовия,Russia,54.1937208,45.1942204,5,2,OPERATIONAL,establishment|food|pet_store|point_of_interest|store,ChIJ0cfFn-cIREERMy3-jaO5OPs,оптовая база продуктов питания,check
Продсклад Победа,"ул. Косарева, 45а, Саранск, Респ. Мордовия, 430024",Саранск,Саранск,Республика Мордовия,Russia,54.2022377,45.2504056,4.1,321,OPERATIONAL,establishment|food|grocery_or_supermarket|point_of_interest|store,ChIJ6-R5dF4JREERH2x49akseAo,оптовый продовольственный рынок,check
Продсклад Победа,"Энергетическая ул., 49/1, Саранск, Респ. Мордовия, 430006",Саранск,Саранск,Республика Мордовия,Russia,54.2199004,45.1825593,4.3,468,OPERATIONAL,establishment|food|grocery_or_supermarket|point_of_interest|store,ChIJGSKGG9MOREERi11bVn8jUSk,сельскохозяйственный рынок,check
Птица,"ул. Войнова, 32А, Саранск, Респ. Мордовия, 430013",Саранск,Саранск,Республика Мордовия,Russia,54.2161849,45.11354559999999,4.3,20,OPERATIONAL,establishment|food|grocery_or_supermarket|point_of_interest|store,ChIJZxck2BQPREERil99pERdgoo,оптовый продовольственный рынок,check
Ринг,"ул. Веселовского, 62А, Саранск, Респ. Мордовия, 430000",Саранск,Саранск,Республика Мордовия,Russia,54.2254093,45.1320598,4.1,2043,OPERATIONAL,establishment|point_of_interest,ChIJJaaAJBkPREER7mdts44buuw,оптовый продовольственный рынок,check
Рыба,"ТК ""Юго-западный"", ул. Комарова, 2, Саранск, Респ. Мордовия, 430000",Саранск,Саранск,Республика Мордовия,Russia,54.1657636,45.148134,,,OPERATIONAL,establishment|food|point_of_interest,ChIJIQMguSYGREER3nYf7iAsi_g,оптовая база продуктов питания,check
Светотехстрой Рынок,"ул. Веселовского, 66, Саранск, Респ. Мордовия, 430021",Саранск,Саранск,Республика Мордовия,Russia,54.224588,45.1301041,3.6,16,OPERATIONAL,establishment|point_of_interest,ChIJeyc5qBkPREERPIU6wEnBfFg,оптовый продовольственный рынок,yes
СладоГрад,"2-я Промышленная, 7, Саранск, Респ. Мордовия, 430006",Саранск,Саранск,Республика Мордовия,Russia,54.233389,45.1916287,4.2,103,OPERATIONAL,bakery|establishment|food|point_of_interest|store,ChIJB9dE5bcOREER63ckOG1W8fs,оптовая база продуктов питания,check
Тепличное,"ул. Сущинского, 9в, Саранск, Респ. Мордовия, 430000",Саранск,Саранск,Республика Мордовия,Russia,54.2002431,45.2392905,3.8,10,OPERATIONAL,establishment|point_of_interest,ChIJuX5epA8JREERlt2j78JJHS8,оптовый продовольственный рынок,check
Тихий Океан,"ул. Рабочая, 173, Саранск, 430005",Саранск,Саранск,Республика Мордовия,Russia,54.1870843,45.1874532,4.3,87,OPERATIONAL,establishment|food|point_of_interest,ChIJS1OQ594IREERSXqI8sWUoDY,оптовая база продуктов питания,check
Торговый дом Эко Халял,"ул. Васенко, 36, Саранск, Респ. Мордовия, 430011",Саранск,Саранск,Республика Мордовия,Russia,54.1946401,45.1684929,3.7,6,OPERATIONAL,establishment|point_of_interest,ChIJcbfFZ8YIREERDycOh08Fi1A,оптовая база продуктов питания,check
Торговый комплекс Заречный,"ул. Косарева, 50, Саранск, Респ. Мордовия, 430031",Саранск,Саранск,Республика Мордовия,Russia,54.1929501,45.2392282,4.1,1761,OPERATIONAL,establishment|point_of_interest,ChIJIeth-AsJREER0kdkjbHjBOQ,сельскохозяйственный рынок,check
ФЕРМЕР,"ул. Рабочая, 126, Саранск, Респ. Мордовия, 430003",Саранск,Саранск,Республика Мордовия,Russia,54.2029241,45.1928967,5,4,OPERATIONAL,establishment|food|point_of_interest|store,ChIJRw7i7dIJREER7N6Nz7dgSgo,сельскохозяйственный рынок,check
Фрукты,"ул. Рабочая, 100, Саранск, Респ. Мордовия, 430000",Саранск,Саранск,Республика Мордовия,Russia,54.1933685,45.1939108,,,OPERATIONAL,establishment|food|point_of_interest|store,ChIJEzvXpOcIREERDoseLjRO02E,плодоовощная база оптовая,check
Фрукты оптом и в розницу,"ул. Рабочая, 72, Саранск, Респ. Мордовия, 430003",Саранск,Саранск,Республика Мордовия,Russia,54.19108139999999,45.1925955,,,OPERATIONAL,establishment|food|point_of_interest|store,ChIJIxk9gegIREERzKJ_pG7_TSY,оптовый продовольственный рынок,yes
Фрут Сервис,"2-я Промышленная, 7, Саранск, Респ. Мордовия, 430006",Саранск,Саранск,Республика Мордовия,Russia,54.2344239,45.1909833,,,OPERATIONAL,establishment|food|point_of_interest|store,ChIJqVQq-7cOREERIbV_-P0Mpfs,оптовый продовольственный рынок,check
Центральный рынок,"ул. Полежаева, 57, Саранск, Респ. Мордовия, 430005",Саранск,Саранск,Республика Мордовия,Russia,54.1896211,45.1838943,4.2,3659,OPERATIONAL,establishment|point_of_interest,ChIJNSVK7-kIREERaRczQPmyuPM,оптовый продовольственный рынок,yes
"""Дары Полей""","13 г, Сокурский тракт, Саратов, Саратовская обл., 410080",Саратов,Саратов,Саратовская область,Russia,51.611712,45.95642,4.5,8,OPERATIONAL,establishment|food|point_of_interest,ChIJjyUfBDfGFEERowKti08I32k,оптовая база продуктов питания,check
Вагнер А.Н.,"ул. Депутатская, 2, Саратов, Саратовская обл., 410047",Саратов,Саратов,Саратовская область,Russia,51.57228019999999,46.0364513,5,2,OPERATIONAL,establishment|food|point_of_interest,ChIJjw57B5HIFEERWaip_f1kLQs,оптовая база продуктов питания,check
ВЛАДИМИРСКИЙ РЫНОК,"ул. Огородная, 158А, Саратов, Саратовская обл., 410036",Саратов,Саратов,Саратовская область,Russia,51.5079146,45.9407091,4.3,140,OPERATIONAL,establishment|point_of_interest,ChIJr12WjijHFEERQtZ1W95N4yU,плодоовощная база оптовая,yes
Волгаторг,"2-й Детский пр-д, 62/68, Саратов, Саратовская обл., 410008",Саратов,Саратов,Саратовская область,Russia,51.52902899999999,45.971774,2,1,OPERATIONAL,establishment|point_of_interest,ChIJCbVVW_7GFEERX4MwFfuoXLY,оптовая база продуктов питания,check
Воскресенский Элеватор,"ул. Мичурина, 141, Саратов, Саратовская обл., 410002",Саратов,Саратов,Саратовская область,Russia,51.5287464,46.0469186,4,1,OPERATIONAL,establishment|point_of_interest,ChIJ98YpBuzHFEER6LDgQaxfjDM,оптовая база продуктов питания,check
"Гроздь, сеть магазинов ООО ""Центр Реструктуризации""","пр. Строителей, 3, Саратов, Саратовская обл., 410044",Саратов,Саратов,Саратовская область,Russia,51.590478,45.9672636,4,114,OPERATIONAL,establishment|food|grocery_or_supermarket|point_of_interest|store,ChIJK0xTZvbFFEER_4XoTI57Zqw,оптовая база продуктов питания,check
"ГУ УК ""Сельхозрынок""","Усть-Курдюмская yлица, 8, Саратов, Саратовская обл., 410018",Саратов,Саратов,Саратовская область,Russia,51.5656906,46.0651076,4.3,560,OPERATIONAL,establishment|food|grocery_or_supermarket|point_of_interest|store,ChIJb9QXx2DIFEERnkSptnOpaE4,сельскохозяйственный рынок,yes
Звездный,"Сокурский тракт, 13, Саратов, Саратовская обл., 410080",Саратов,Саратов,Саратовская область,Russia,51.6143213,45.9557401,4,325,OPERATIONAL,establishment|point_of_interest,ChIJK0w2cXHPFEER5D_6f-1k3t0,оптовый продовольственный рынок,check
КолпитСаратов,"ул. Пугачёва Е. И, 147/151, Саратов, Саратовская обл., 410005",Саратов,Саратов,Саратовская область,Russia,51.5426267,46.0166328,,,OPERATIONAL,establishment|point_of_interest,ChIJ-Vt4v8vHFEEReA5H81UNeao,оптовая база продуктов питания,check
Комбинат Детского Питания,"Сокурский тракт, 20, Саратов, Саратовская обл., 410041",Саратов,Саратов,Саратовская область,Russia,51.6131109,45.96930940000001,4.2,34,OPERATIONAL,establishment|food|point_of_interest,ChIJ-4n8K5nPFEERiOPXfMbC7NY,оптовая база продуктов питания,check
Компания Продукты&Фрукты,"ул. Танкистов, 69, Саратов, Саратовская обл., 410082",Саратов,Саратов,Саратовская область,Russia,51.567035,46.0223416,5,7,OPERATIONAL,establishment|food|point_of_interest,ChIJHZiZRNHJFEERBX0sW6ow1tM,оптовая база продуктов питания,check
Коробейник,"Новоастраханское ш., 81к5, Саратов, Саратовская обл., 410039",Саратов,Саратов,Саратовская область,Russia,51.49875590000001,45.9268776,4.4,53,OPERATIONAL,establishment|point_of_interest|shopping_mall,ChIJmZASf9TAFEERN1F3777GzaU,оптовый продовольственный рынок,check
Крытый рынок,"Саратов, Саратовская обл., 410056",Саратов,Саратов,Саратовская область,Russia,51.5327028,46.02052399999999,4.3,2341,OPERATIONAL,establishment|point_of_interest,ChIJZwNY_rjHFEERuM8dnnvRD_c,оптовый продовольственный рынок,yes
"Любовь Морковь | Магазин цветов Саратов | Цветы оптом, база цветов, цветы и букеты","ул. Гоголя, 29, 1 этаж, Саратов, Саратовская обл., 410029",Саратов,Саратов,Саратовская область,Russia,51.53727130000001,46.0326775,4.9,30,OPERATIONAL,establishment|florist|home_goods_store|point_of_interest|store,ChIJm2CsrrjHFEERhoRuqQBkOr0,плодоовощная база оптовая,yes
Народный Рынок,"ул. Антонова, 4, Саратов, Саратовская обл., 410080",Саратов,Саратов,Саратовская область,Russia,51.6020528,45.9696843,4.1,89,OPERATIONAL,establishment|food|grocery_or_supermarket|point_of_interest|store,ChIJHXDnt0LPFEERD3oNJAkYHWA,оптовый продовольственный рынок,yes
"ООО "" АНАМИ""","ул. Гоголя, 130, Саратов, Саратовская обл., 410012",Саратов,Саратов,Саратовская область,Russia,51.5402426,46.0204961,5,1,OPERATIONAL,establishment|point_of_interest,ChIJ1QfAdcLHFEEReIIYhb94siY,оптовая база продуктов питания,check
"ООО ""Славянские поля""","просп. 50 Лет Октября, 118А, офис 920, Саратов, Саратовская обл., 410052",Саратов,Саратов,Саратовская область,Russia,51.58108319999999,45.97126009999999,1,1,OPERATIONAL,establishment|food|point_of_interest,ChIJ2SFjlcvHFEERdRe1WPHUpBs,плодоовощная база оптовая,check
"ООО ""ШЕЛКОВИЦА""","песчано-уметский тракт, Саратов, Саратовская обл., 410086",Саратов,Саратов,Саратовская область,Russia,51.60586989999999,45.8818999,3.7,11,OPERATIONAL,establishment|point_of_interest|store,ChIJ4wt402zFFEERg6Z4nrN2tok,плодоовощная база оптовая,check
ООО АМБАР,"1-я Садовая ул., 4а, Саратов, Саратовская обл., 413100",Саратов,Саратов,Саратовская область,Russia,51.5453762,46.0407602,,,OPERATIONAL,establishment|point_of_interest,ChIJ97I3uDbHFEERf7Xt4NRbrgM,плодоовощная база оптовая,check
Осьминог,"ул. Гоголя, 69, Саратов, Саратовская обл., 410000",Саратов,Саратов,Саратовская область,Russia,51.5390097,46.0246266,4.3,103,OPERATIONAL,establishment|food|point_of_interest|store,ChIJ6ZkpvcjHFEERT3455oo3PP4,оптовая база продуктов питания,check
Поволжская торговая компания,"ул. Депутатская, 2, Саратов, Саратовская обл., 410047",Саратов,Саратов,Саратовская область,Russia,51.5717369,46.0380301,4.4,16,OPERATIONAL,establishment|food|point_of_interest|store,ChIJb_9e6zjHFEERK97j35x2dM0,оптовый продовольственный рынок,check
Посейдон-2000,"БЦ ""Дикомп"", ул. Танкистов, 37, Саратов, Саратовская обл., 410019",Саратов,Саратов,Саратовская область,Russia,51.5513173,46.01823659999999,5,1,OPERATIONAL,establishment|food|point_of_interest,ChIJEdicfy3GFEERLBy8jJHtlgQ,плодоовощная база оптовая,check
Привоз,"ул. Университетская, 109, Саратов, Саратовская обл., 410005",Саратов,Саратов,Саратовская область,Russia,51.54982949999999,46.0091383,4,2294,OPERATIONAL,establishment|point_of_interest,ChIJCxWKjTPGFEERncayzUiuwP0,оптовый продовольственный рынок,check
Привоз,"ул. Большая Горная, 336-в, Саратов, Саратовская обл., 410005",Саратов,Саратов,Саратовская область,Russia,51.548493,46.00854030000001,4.2,299,OPERATIONAL,establishment|food|grocery_or_supermarket|point_of_interest|store,ChIJGxYVdTTGFEERknSr1S-vrJE,оптовый продовольственный рынок,check
Привокзальный,"ул. Аткарская, 37, Саратов, Саратовская обл., 410012",Саратов,Саратов,Саратовская область,Russia,51.5428996,46.0019948,4.1,176,OPERATIONAL,establishment|point_of_interest|shopping_mall,ChIJVYZV7krGFEER_bbKjVbQdJY,оптовый продовольственный рынок,check
Продсклад Победа,"Сокурский тракт, 20б, Саратов, Саратовская обл., 410080",Саратов,Саратов,Саратовская область,Russia,51.6149165,45.9664973,4.3,794,OPERATIONAL,establishment|food|grocery_or_supermarket|point_of_interest|store,ChIJMV0E-L7PFEERZHBbhKDrZ94,оптовый продовольственный рынок,check
Продсклад Победа,"ул. Большая Горная, 340, Саратов, Саратовская обл., 410005",Саратов,Саратов,Саратовская область,Russia,51.5495828,46.007501,4.3,703,OPERATIONAL,establishment|food|grocery_or_supermarket|point_of_interest|store,ChIJLzAtVjPGFEERsipWyzwneLg,оптовый продовольственный рынок,check
Русская бакалея,"Мирный пер., 5, Саратов, Саратовская обл., 410012",Саратов,Саратов,Саратовская область,Russia,51.53161069999999,46.0160358,5,1,OPERATIONAL,establishment|food|point_of_interest|store,ChIJWU1NhrnHFEERwfTSvtcsWQU,оптовый продовольственный рынок,check
Рынок,"3-я Дачная, 1корп.3, Саратов, Саратовская обл., 410065",Саратов,Саратов,Саратовская область,Russia,51.5776907,45.9723839,4.2,263,OPERATIONAL,establishment|point_of_interest,ChIJmUokCgfGFEERP5ROudL7i4A,оптовый продовольственный рынок,yes
Садко,"Новоастраханское ш., 75, Саратов, Саратовская обл., 410000",Саратов,Саратов,Саратовская область,Russia,51.50251859999999,45.9305225,4.4,425,OPERATIONAL,establishment|point_of_interest|shopping_mall,ChIJl1bMYdPAFEERFTZDk_ZIeS8,оптовый продовольственный рынок,check
САРАТОВ-97 Оптовый Рынок,"1-й Сокурский пр., 19, Саратов, Саратовская обл., 410041",Саратов,Саратов,Саратовская область,Russia,51.6103753,45.9581329,4,70,OPERATIONAL,establishment|point_of_interest,ChIJjyUfBDfGFEER50pVufas9zc,оптовый продовольственный рынок,yes
"СарПродТрейд, ООО","б/н, Сокурский тракт, Саратов, Саратовская обл., 410062",Саратов,Саратов,Саратовская область,Russia,51.6072302,45.9430861,4.2,50,OPERATIONAL,establishment|food|point_of_interest|store,ChIJecnqclPGFEERJ6jlskHsdrE,оптовый продовольственный рынок,check
Сенной Рынок,"ул. Большая Горная, 310 А, Саратов, Саратовская обл., 410005",Саратов,Саратов,Саратовская область,Russia,51.546644,46.0176445,4.2,12203,OPERATIONAL,electronics_store|establishment|food|grocery_or_supermarket|point_of_interest|store,ChIJZ7kpw8zHFEERzHL0iGeyTaA,оптовый продовольственный рынок,yes
Склад цветов,"ул. Гоголя, 29, Саратов, Саратовская обл., 410003",Саратов,Саратов,Саратовская область,Russia,51.5371348,46.032635,3.9,11,OPERATIONAL,establishment|point_of_interest|storage,ChIJh0ssPcTHFEERQEeEwjlLh9U,плодоовощная база оптовая,check
СЛАВЯНСКИЙ РЫНОК,"просп. 50 Лет Октября, 93, Саратов, Саратовская обл., 410052",Саратов,Саратов,Саратовская область,Russia,51.5792906,45.9713223,4.1,967,OPERATIONAL,establishment|food|grocery_or_supermarket|point_of_interest|store,ChIJa4f7-hfGFEERhckNvuzUPxE,оптовый продовольственный рынок,yes
Совхоз-Весна,"7-й км Вольского шоссе, Саратов, Саратовская обл., 410536",Саратов,Саратов,Саратовская область,Russia,51.6539742,46.0109803,4.4,82,OPERATIONAL,establishment|food|point_of_interest,ChIJhRIapqm_FEER3lkxelKmNW4,оптовая база продуктов питания,check
Солнечный Рынок,"ул. Тархова, 29A/1, Саратов, Саратовская обл., 410035",Саратов,Саратов,Саратовская область,Russia,51.60974539999999,46.0015405,4.2,1753,OPERATIONAL,establishment|food|point_of_interest|restaurant|shopping_mall,ChIJ8QUbDzvPFEERrdI2KLaPojU,оптовый продовольственный рынок,yes
ТК На Буровой,"ул. Благодарова, 1а, Саратов, Саратовская обл., 410086",Саратов,Саратов,Саратовская область,Russia,51.5981899,45.906247,4.3,177,OPERATIONAL,establishment|food|point_of_interest|store,ChIJrawvQ57FFEERF1SCP-JPzYQ,оптовая база продуктов питания,check
Тк На Топольчанской,"Топольчанская ул., Саратов, Саратовская обл., 410007",Саратов,Саратов,Саратовская область,Russia,51.60223620000001,46.0109155,4.2,514,OPERATIONAL,establishment|point_of_interest|shopping_mall,ChIJtaQJpjHPFEERs_VNlv1BYuA,оптовый продовольственный рынок,check
Универсальный рынок,"ул. Московская, 152, Саратов, Саратовская обл., 410000",Саратов,Саратов,Саратовская область,Russia,51.538317,46.0174702,4.2,1255,OPERATIONAL,establishment|point_of_interest|shopping_mall,ChIJJRXk0snHFEERfPrDyTQzSjU,оптовый продовольственный рынок,yes
Фруктовый мир Саратов,"Московское ш., 14, Саратов, Саратовская обл., 410062",Саратов,Саратов,Саратовская область,Russia,51.6018483,45.9204889,,,OPERATIONAL,establishment|point_of_interest,ChIJCz0WbIPFFEERuF73eqtD6G0,плодоовощная база оптовая,check
Цветопт 24,"ул. Тархова, 29А, Саратов, Саратовская обл., 410035",Саратов,Саратов,Саратовская область,Russia,51.60997649999999,45.9959893,5,1,OPERATIONAL,establishment|florist|point_of_interest|store,ChIJ2xigKrXPFEER_E1xqPvO8nY,плодоовощная база оптовая,yes
"Центр Цветов, оптово-розничный магазин.","ул. Чернышевского, 157, Саратов, Саратовская обл., 410028",Саратов,Саратов,Саратовская область,Russia,51.52387,46.034073,4.6,5,OPERATIONAL,establishment|florist|point_of_interest|store,ChIJg5qVEpTHFEERhyrCbxxo8aE,плодоовощная база оптовая,yes
"""На вертолётке""","ул. Южная, 165, Северодвинск, Архангельская обл., 164507",Северодвинск,Северодвинск,Архангельская область,Russia,64.5457782,39.8120891,3.9,202,OPERATIONAL,establishment|point_of_interest,ChIJWZfWiVBCGEQRLLExYKv50Fs,оптовый продовольственный рынок,check
Lui coffee (Луи кофе) — компания по обжарке кофе в Северодвинске,"ул. Новая, 1А, Северодвинск, Архангельская обл., 164500",Северодвинск,Северодвинск,Архангельская область,Russia,64.55330169999999,39.8495911,5,1,OPERATIONAL,establishment|food|point_of_interest|store,ChIJd3jIczVCGEQRTdxAlueE_uU,оптовая база продуктов питания,check
№ 4 Магазин Русский Гастроном,"ул. Логинова, 9, Северодвинск, Архангельская обл., 164509",Северодвинск,Северодвинск,Архангельская область,Russia,64.5965169,39.81085059999999,3.5,10,OPERATIONAL,establishment|food|grocery_or_supermarket|point_of_interest|store,ChIJTYdcKj5CGEQRfLVvPMBzmec,сельскохозяйственный рынок,check
"АО ""Северодвинск-Молоко""","29, проезд Грузовой, г. Северодвинск, Архангельская обл., Россия 164521, Северодвинск, Архангельская обл., 164523",Северодвинск,Северодвинск,Архангельская область,Russia,64.5589772,39.8672856,2.9,19,OPERATIONAL,establishment|food|point_of_interest,ChIJTYdcKj5CGEQRKChwAxPCIl8,оптовая база продуктов питания,check
Арт Пакет,"ул. Первомайская, 20, Северодвинск, Архангельская обл., 164520",Северодвинск,Северодвинск,Архангельская область,Russia,64.57011899999999,39.8289538,4.6,137,OPERATIONAL,establishment|point_of_interest|store,ChIJY15sDD1CGEQRVNBilf_hFwQ,оптовый продовольственный рынок,check
Бристоль,"ул. Юбилейная, 21, Северодвинск, Архангельская обл., 164500",Северодвинск,Северодвинск,Архангельская область,Russia,64.5425293,39.8042992,4.3,20,OPERATIONAL,establishment|food|grocery_or_supermarket|point_of_interest|store,ChIJPZFDyTpCGEQRIhoNHZcuQyc,сельскохозяйственный рынок,check
Булочная,"ул. Юбилейная, 49, Северодвинск, Архангельская обл., 164523",Северодвинск,Северодвинск,Архангельская область,Russia,64.54172559999999,39.7765679,5,2,OPERATIONAL,establishment|food|point_of_interest,ChIJZbnIf_ZCGEQRoSI5WXz4Ka0,оптовая база продуктов питания,check
Гарант,"ул. Юбилейная, 11, Северодвинск, Архангельская обл., 164500",Северодвинск,Северодвинск,Архангельская область,Russia,64.54324489999999,39.8213906,4.4,130,OPERATIONAL,establishment|food|grocery_or_supermarket|point_of_interest|store,ChIJJa1rzVNCGEQRYSSUC7Qc2dY,сельскохозяйственный рынок,check
Гарант,"Ломоносова ул. 90, Северодвинск, Архангельская обл., 164500, Северодвинск, Архангельская обл., 164512",Северодвинск,Северодвинск,Архангельская область,Russia,64.55240119999999,39.7911293,4.4,198,OPERATIONAL,establishment|food|grocery_or_supermarket|point_of_interest|store,ChIJTYdcKj5CGEQRxqCF45ICNiw,сельскохозяйственный рынок,check
Гарант,"ул. Капитана Воронина, 38, Северодвинск, Архангельская обл., 164500",Северодвинск,Северодвинск,Архангельская область,Russia,64.5559557,39.8105133,4,97,OPERATIONAL,establishment|food|grocery_or_supermarket|point_of_interest|store,ChIJB9yH80NCGEQR3ntoAEAPJCM,сельскохозяйственный рынок,check
"Главная линия, ООО","просп. Беломорский, 3, Северодвинск, Архангельская обл., 164520",Северодвинск,Северодвинск,Архангельская область,Russia,64.5727951,39.8419887,,,OPERATIONAL,establishment|point_of_interest,ChIJcakYoSNCGEQRpkoX_kXGwNU,оптовая база продуктов питания,check
Молочная Кухня № 1,"пр. Ленина, 13, Северодвинск, Архангельская обл., 164501",Северодвинск,Северодвинск,Архангельская область,Russia,64.563672,39.82567700000001,4,2,OPERATIONAL,establishment|food|health|point_of_interest,ChIJPZFDyTpCGEQRGsg9qqeYSnY,оптовая база продуктов питания,check
Оптовый Центр Архипова,"Двинская ул., 18, Северодвинск, Архангельская обл., 164520",Северодвинск,Северодвинск,Архангельская область,Russia,64.5866049,39.8801637,,,OPERATIONAL,establishment|home_goods_store|point_of_interest|store,ChIJRVwDJ7NBGEQRuEYiIVoneio,оптовая база продуктов питания,yes
Петр&скй,"ул. Мира, 7, Северодвинск, Архангельская обл., 164509",Северодвинск,Северодвинск,Архангельская область,Russia,64.592968,39.8066767,3.8,144,OPERATIONAL,establishment|food|grocery_or_supermarket|point_of_interest|store,ChIJPZFDyTpCGEQRaN1Y8ryxtdI,оптовый продовольственный рынок,check
Петровский,"ул. Гагарина, 13, Северодвинск, Архангельская обл., 164501",Северодвинск,Северодвинск,Архангельская область,Russia,64.55987449999999,39.8154794,3.6,425,OPERATIONAL,establishment|food|grocery_or_supermarket|point_of_interest|store,ChIJTYdcKj5CGEQRihXFVQkTZz4,оптовый продовольственный рынок,check
Петровский,"ул. Первомайская, 22, Северодвинск, Архангельская обл., 164502",Северодвинск,Северодвинск,Архангельская область,Russia,64.5693959,39.8275003,3.8,80,OPERATIONAL,establishment|food|grocery_or_supermarket|point_of_interest|store,ChIJvQWeoz1CGEQRDfRl8yJHWWI,сельскохозяйственный рынок,check
Петровский,"просп. Морской, 54, Северодвинск, Архангельская обл., 164500",Северодвинск,Северодвинск,Архангельская область,Russia,64.5391092,39.7784548,3.9,64,OPERATIONAL,establishment|food|grocery_or_supermarket|point_of_interest|store,ChIJ5zOnS_FCGEQRQl2vzFsoXX8,сельскохозяйственный рынок,check
"Плюшкин дом,","ТЦ ""Циркульный, ул. Ломоносова, 104, Северодвинск, Архангельская обл., 164514",Северодвинск,Северодвинск,Архангельская область,Russia,64.5497462,39.7756103,3.7,10,OPERATIONAL,establishment|food|point_of_interest,ChIJH1SzXmBCGEQRzZnHfIMG-e8,оптовая база продуктов питания,check
Русский,"Железнодорожная ул., 13, Северодвинск, Архангельская обл., 164520",Северодвинск,Северодвинск,Архангельская область,Russia,64.56916129999999,39.8511007,4.1,82,OPERATIONAL,establishment|food|point_of_interest|store,ChIJldM5DyVCGEQRX7Q-V9HsDgI,сельскохозяйственный рынок,check
Русский гастроном,"просп. Морской, 12, Северодвинск, Архангельская обл., 164514",Северодвинск,Северодвинск,Архангельская область,Russia,64.55306759999999,39.7769755,4.7,14,OPERATIONAL,establishment|food|grocery_or_supermarket|point_of_interest|store,ChIJLV3MJmFCGEQRbuoHdVNN9oE,сельскохозяйственный рынок,check
Рыбная торговля,"ул. Ломоносова, 51а, Северодвинск, Архангельская обл., 164504",Северодвинск,Северодвинск,Архангельская область,Russia,64.5553466,39.8138642,4.4,334,OPERATIONAL,establishment|food|point_of_interest|store,ChIJbZU5FkRCGEQRqAPGH_tsWP8,оптовый продовольственный рынок,check
Северодвинский торговый центр,"ул. Ломоносова, 118, Северодвинск, Архангельская обл., 164522",Северодвинск,Северодвинск,Архангельская область,Russia,64.54790009999999,39.7631019,3.8,221,OPERATIONAL,establishment|point_of_interest|shopping_mall,ChIJYQUYTIpCGEQRckG-7LuSV_I,сельскохозяйственный рынок,check
Солзенский Рыбзавод,"Архангельское ш., 30, Северодвинск, Архангельская обл., 164520",Северодвинск,Северодвинск,Архангельская область,Russia,64.57984669999999,39.8652653,,,OPERATIONAL,establishment|food|point_of_interest,ChIJia3epyZCGEQRxhRA6TA7YZY,оптовая база продуктов питания,check
Табак и Ко,"ул. Карла Маркса, 63А, Северодвинск, Архангельская обл., 164522",Северодвинск,Северодвинск,Архангельская область,Russia,64.5527078,39.7625245,,,OPERATIONAL,establishment|food|point_of_interest|store,ChIJoxWwb2JCGEQRqKFL5MJhxKQ,оптовый продовольственный рынок,check
Тепличное,"ул. Карла Маркса, дом 10а, Северодвинск, Архангельская обл., 164504",Северодвинск,Северодвинск,Архангельская область,Russia,64.56095669999999,39.8070754,4.4,7,OPERATIONAL,establishment|food|grocery_or_supermarket|point_of_interest|store,ChIJ-76Mw0FCGEQRURktiqXYrEA,сельскохозяйственный рынок,check
ТрейдНБ,"Северодвинск, Архангельская обл., 164501",Северодвинск,Северодвинск,Архангельская область,Russia,64.5623018,39.8235322,5,1,OPERATIONAL,establishment|point_of_interest,ChIJvaQ9Sj9CGEQRU0kdORJiDh0,оптовая база продуктов питания,check
Универмаг Якорь,"Железнодорожная ул., 19, Северодвинск, Архангельская обл., 164520",Северодвинск,Северодвинск,Архангельская область,Russia,64.566655,39.85313499999999,4.2,43,OPERATIONAL,establishment|point_of_interest|store,ChIJRX8B9C9CGEQRTTCMs8Ku1qc,сельскохозяйственный рынок,check
ЭскоБар,"ул. Торцева, 2в, Северодвинск, Архангельская обл., 164520",Северодвинск,Северодвинск,Архангельская область,Russia,64.571423,39.852311,,,OPERATIONAL,establishment|food|point_of_interest,ChIJubl2NCRCGEQRD6X4_1pXrro,оптовая база продуктов питания,check
Южный,"Железнодорожная ул., 52, Северодвинск, Архангельская обл., 164500",Северодвинск,Северодвинск,Архангельская область,Russia,64.5577735,39.8584769,3.9,1113,OPERATIONAL,establishment|point_of_interest|shopping_mall,ChIJZ4BOnyJCGEQR-atkajraH8o,оптовый продовольственный рынок,check
Овощевод,"13, ул. Молодежная, с. Семеновка, Йошкар-Ола, Республика Марий Эл, Россия 424918, ул. Молодежная, 13, Семеновка, Респ. Марий Эл, 424005",Семеновка,Йошкар-Ола,Республика Марий Эл,Russia,56.648981,47.9654044,4.6,9,OPERATIONAL,establishment|food|point_of_interest,ChIJVVVVVTHrWUERAnAKSpefQQg,оптовая база продуктов питания,check
FishКульт,"компания, ул. Крылова, 160, Симферополь",Симферополь,Симферополь,Республика Крым,Russia,44.9300448,34.115652,5,2,OPERATIONAL,establishment|food|point_of_interest,ChIJGQH_9mDe6kARDy8M5Fxm0aI,оптовая база продуктов питания,check
Ooo Oazys,"ул. Дмитрия Ульянова 62А, Симферополь",Симферополь,Симферополь,Республика Крым,Russia,44.9205114,34.097121,5,1,OPERATIONAL,establishment|point_of_interest,ChIJVXopKJLe6kARKiP5CNhFjaE,плодоовощная база оптовая,check
OptTorg,"ул. Чехова, 47, Симферополь",Симферополь,Симферополь,Республика Крым,Russia,44.9428369,34.1051532,,,OPERATIONAL,establishment|food|point_of_interest,ChIJAQBsEnfe6kARiFilZUntXnQ,плодоовощная база оптовая,check
Shen,"вул. Генерала Васильєва, 40, Симферополь",Симферополь,Симферополь,Республика Крым,Russia,44.9311567,34.0729147,4.7,420,OPERATIONAL,establishment|point_of_interest|store,ChIJretcajLc6kARjzhynfNb4oc,оптовая база продуктов питания,check
Добрый Кухарь,"Россия, Красноармейская ул., 1, Симферополь",Симферополь,Симферополь,Республика Крым,Russia,44.9469673,34.1148143,5,10,OPERATIONAL,establishment|food|point_of_interest,ChIJVVWVZnPe6kAR9ZH3Evo4kyE,оптовая база продуктов питания,check
Киевский рынок.,"ул. Киевская, 5-а, 36, Симферополь",Симферополь,Симферополь,Республика Крым,Russia,44.9489235,34.1269862,4.1,411,OPERATIONAL,establishment|point_of_interest,ChIJ5TzvDxLe6kAREj8SCo5WB4Q,оптовый продовольственный рынок,yes
Крымская продовольственная компания,"ул. Жени Дерюгиной, Симферополь",Симферополь,Симферополь,Республика Крым,Russia,44.9705303,34.1467628,3.4,11,OPERATIONAL,establishment|point_of_interest|storage,ChIJi2zb2rHg6kARjbJaUOll1do,плодоовощная база оптовая,yes
Крымхлеб,"ул. Севастопольская, 49, Симферополь",Симферополь,Симферополь,Республика Крым,Russia,44.9262412,34.08298550000001,4.1,82,OPERATIONAL,establishment|food|point_of_interest,ChIJ6-4-6Zze6kARVTKyhEy8fhc,плодоовощная база оптовая,check
КрымХолдинг,"ул. Субхи, 4, этаж 3, Симферополь",Симферополь,Симферополь,Республика Крым,Russia,44.9415016,34.0928058,,,OPERATIONAL,establishment|food|point_of_interest|store,ChIJVVWlitbd6kARh9cZ5NJIeE4,оптовая база продуктов питания,check
Куйбышевский рынок,"ул. Киевская, 60/1, Симферополь",Симферополь,Симферополь,Республика Крым,Russia,44.9591607,34.108632,3.9,2080,OPERATIONAL,establishment|food|grocery_or_supermarket|point_of_interest|store,ChIJJ63V5OTd6kARcjTyv01BALI,оптовый продовольственный рынок,yes
НОВАЯ ЖИЗНЬ,"Евпаторийское ш., 6, Симферополь",Симферополь,Симферополь,Республика Крым,Russia,44.9666895,34.0802394,,,OPERATIONAL,establishment|food|point_of_interest,ChIJ___D3ZDd6kARSiXESPOyKGM,плодоовощная база оптовая,check
"ОАО ""Крымхолод""","Евпаторийское ш., 6, Симферополь",Симферополь,Симферополь,Республика Крым,Russia,44.96670899999999,34.0802266,4.1,147,OPERATIONAL,establishment|point_of_interest|storage,ChIJ24y_3ZDd6kARz38U-692N6g,оптовая база продуктов питания,check
"ООО ""КРЫМПЛЮС""","а Крым, ул. Крымской Правды, 8, Симферополь",Симферополь,Симферополь,Республика Крым,Russia,44.93156949999999,34.0761846,,,OPERATIONAL,establishment|point_of_interest,ChIJny6yxyjc6kAROmTaPjUKMuw,плодоовощная база оптовая,check
"ООО ""МДК ЮГ""","ул. Крылова, 73, Симферополь",Симферополь,Симферополь,Республика Крым,Russia,44.93773830000001,34.1059566,3.2,5,OPERATIONAL,establishment|food|point_of_interest,ChIJRVzWp3ve6kARN3nev5oxJrk,плодоовощная база оптовая,check
ООО «Продукт Крыма»,"ул. Жени Дерюгиной, 4,корп.7, склад 1, Симферополь",Симферополь,Симферополь,Республика Крым,Russia,44.9694913,34.1475901,,,OPERATIONAL,establishment|food|point_of_interest,ChIJVYpo27Hg6kARktSKOm4M4OI,оптовая база продуктов питания,check
"Оптовый Комплекс ""Черное Море""","ул. Крылова, 123, Симферополь",Симферополь,Симферополь,Республика Крым,Russia,44.9335102,34.1124137,3,2,OPERATIONAL,establishment|point_of_interest,ChIJM0ZN9GPe6kARIDAsnZ_AIWY,плодоовощная база оптовая,yes
Привоз,"ул. Киевская, 144, Симферополь",Симферополь,Симферополь,Республика Крым,Russia,44.9793628,34.0877095,4,2795,OPERATIONAL,establishment|food|grocery_or_supermarket|point_of_interest|store,ChIJ23sGkn3n6kARdjFQX0s3lU0,оптовый продовольственный рынок,check
Рублёвский,"ул. Козлова, 8, Симферополь",Симферополь,Симферополь,Республика Крым,Russia,44.9442323,34.0931574,,,OPERATIONAL,establishment|food|point_of_interest,ChIJGbQ1F3ze6kAROzt8YolLvyE,оптовая база продуктов питания,check
Центральный Рынок,"ул. Козлова, 11, Симферополь",Симферополь,Симферополь,Республика Крым,Russia,44.9432319,34.0935849,4,280,OPERATIONAL,establishment|food|grocery_or_supermarket|point_of_interest|store,ChIJ22xDVDbc6kARiySckDOrQWI,оптовый продовольственный рынок,yes
ШАГ,"ул. Героев Сталинграда, 10, 2 этаж, офис 7, Симферополь",Симферополь,Симферополь,Республика Крым,Russia,44.9380075,34.0599908,5,1,OPERATIONAL,establishment|food|point_of_interest,ChIJNQkVUzbc6kAR4pSNNaib01U,оптовая база продуктов питания,check
Kaleydoskop,"вул. Глінки, 57, Сімферополь",Сімферополь,Симферополь,Республика Крым,Russia,44.9730686,34.1449406,5,3,OPERATIONAL,establishment|point_of_interest,ChIJhWdfD7Pg6kARS6pLy-8v6ZM,плодоовощная база оптовая,check
ООО «АГРОСЕРВИС 1»,"ул, Євпаторійське шосе, 6, Сімферополь",Сімферополь,Симферополь,Республика Крым,Russia,44.9666895,34.0802394,2.5,2,OPERATIONAL,establishment|food|point_of_interest,ChIJ___D3ZDd6kARQvYL1cX6bt8,оптовая база продуктов питания,yes
ООО «АГРОСЕРВИС 1»,"Мраморный переулок, 31, Сімферополь",Сімферополь,Симферополь,Республика Крым,Russia,44.9682255,34.0721837,,,OPERATIONAL,establishment|food|point_of_interest,ChIJ2xol_d3d6kARNJfMVUT3fJY,оптовая база продуктов питания,yes
ООО «Продукт Крыма»,"пгт Грэсовский ул.Большевика, вулиця Попова, 7/7, кв.45, Сімферополь",Сімферополь,Симферополь,Республика Крым,Russia,45.0091806,34.023159,,,OPERATIONAL,establishment|food|point_of_interest,ChIJ2xol_d3d6kARfODIpNX1CyY,оптовая база продуктов питания,check
Оптовый Рынок,"Славянск-на-Кубани, Краснодарский край, 353561",Славянск-на-Кубани,Новороссийск,Краснодарский край,Russia,45.24802649999999,38.0924104,4.2,1874,OPERATIONAL,establishment|point_of_interest,ChIJac4-TaHS70AR3GSnWqI6Kqg,оптовый продовольственный рынок,yes
Оптовый Рынок,"ул. Красная, 145/12, Славянск-на-Кубани, Краснодарский край, 353560",Славянск-на-Кубани,Магадан,Магаданская область,Russia,45.2596397,38.1265644,4.2,32,OPERATIONAL,establishment|point_of_interest,ChIJwSmSNqHS70ARiyaV6qmr43I,оптовый продовольственный рынок,yes
EKRAMMA,"ул. Карбышева, 15а, Смоленск, Смоленская обл., 214022",Смоленск,Смоленск,Смоленская область,Russia,54.7995295,31.8986491,,,OPERATIONAL,establishment|point_of_interest,ChIJB3y4yHFXzkYRJM2EJu3kg3g,оптовая база продуктов питания,check
Safita,"ул. 25 Сентября, 65, Смоленск, Смоленская обл., 214031",Смоленск,Смоленск,Смоленская область,Russia,54.7761997,32.0968758,,,OPERATIONAL,establishment|point_of_interest,ChIJ12NYD9L3zkYROVQrigVej_s,плодоовощная база оптовая,check
"Second Hand, Оптовый Склад","шоссе Рославльское, км, 7-Й Смоленский пер., Смоленск, Смоленская обл., 214009",Смоленск,Смоленск,Смоленская область,Russia,54.71980600000001,32.103788,3.3,3,OPERATIONAL,clothing_store|establishment|point_of_interest|store,ChIJwx1nE3uSzUYRfAULK2rrPAA,плодоовощная база оптовая,yes
"АО ""СмолФиш""","улица Попова, д. 17, Смоленск, Смоленская обл., 214036",Смоленск,Смоленск,Смоленская область,Russia,54.7664704,32.1135346,,,OPERATIONAL,establishment|food|point_of_interest|store,ChIJ5epDOC_2zkYRvuy0ZovdigM,плодоовощная база оптовая,check
"Богатырь, Оптовая База","ул. Соболева, 25, Смоленск, Смоленская обл., 214005",Смоленск,Смоленск,Смоленская область,Russia,54.7916414,32.0652705,5,1,OPERATIONAL,establishment|point_of_interest,ChIJ-8aTWu33zkYR_jQWDR-HgGM,оптовый продовольственный рынок,yes
ВЕЛМА ПРОДУКТ,"ул. Свердлова, 24, 10 офис, 2 этаж, Смоленск, Смоленская обл., 214005",Смоленск,Смоленск,Смоленская область,Russia,54.7998673,32.0595333,5,3,OPERATIONAL,establishment|point_of_interest,ChIJscNcU_P3zkYR1ltRVJn4Gvo,плодоовощная база оптовая,check
Городянский,"ул. Кашена, 11А, Смоленск, Смоленская обл., 214012",Смоленск,Смоленск,Смоленская область,Russia,54.7947204,32.0394006,4.1,354,OPERATIONAL,establishment|point_of_interest|shopping_mall,ChIJa09FROP3zkYRJlXCsTS7BUk,оптовый продовольственный рынок,check
Заднепровский рынок,"ул. Беляева, 1, Смоленск, Смоленская обл., 214012",Смоленск,Смоленск,Смоленская область,Russia,54.7936809,32.0487962,3.8,3426,OPERATIONAL,establishment|food|grocery_or_supermarket|point_of_interest|store,ChIJbR6hl_f3zkYRVoBsT6bFmLc,оптовый продовольственный рынок,yes
ИП Даниелян Л. А.,"ул. Свердлова, 24, Смоленск, Смоленская обл., 214005",Смоленск,Смоленск,Смоленская область,Russia,54.7998673,32.0595332,5,4,OPERATIONAL,bakery|cafe|establishment|food|point_of_interest|restaurant|store,ChIJa09FROP3zkYRDlpXapJoUr4,оптовая база продуктов питания,check
ИП Яковлев Д.М.,"пос. а, пос. Тихвинка, 10, Смоленск, Смоленская обл., 214019",Смоленск,Смоленск,Смоленская область,Russia,54.75381400000001,32.071251,4.4,24,OPERATIONAL,establishment|food|point_of_interest,ChIJ3Yqtn2NYzkYR4-kwCNR2voI,оптовая база продуктов питания,check
"ИП Яковлев Д.М., фасовочный цех","68, склад № 10, ул. Крупской, г. Смоленск, Смоленская обл., Россия 214019, Смоленск, Смоленская обл., 214019",Смоленск,Смоленск,Смоленская область,Russia,54.75947,32.066308,,,OPERATIONAL,establishment|point_of_interest,ChIJa09FROP3zkYRyadsObuJ-Zw,оптовая база продуктов питания,check
Исида-плюс,"Смоленск, Смоленская обл., 214019",Смоленск,Смоленск,Смоленская область,Russia,54.75947,32.066308,5,1,OPERATIONAL,establishment|point_of_interest,ChIJm2NdGGVYzkYRj_kZ1edSI-w,оптовый продовольственный рынок,check
Киселевский рынок,"ул. Рыленкова, 22, Смоленск, Смоленская обл., 214031",Смоленск,Смоленск,Смоленская область,Russia,54.7606541,32.1003682,4,1299,OPERATIONAL,establishment|point_of_interest,ChIJa09FROP3zkYRrMPIYEPCE9A,оптовый продовольственный рынок,yes
Кондитерка ИП Ошеров О.В.,"ул. Крупской, 68, строение 12, Смоленск, Смоленская обл., 214019",Смоленск,Смоленск,Смоленская область,Russia,54.7580709,32.0667163,4.9,11,OPERATIONAL,establishment|food|point_of_interest|store,ChIJ02hBGGVYzkYROS99v-CqCbk,оптовая база продуктов питания,check
Лаваш,"Краснинское ш., 29, Смоленск, Смоленская обл., 214030",Смоленск,Смоленск,Смоленская область,Russia,54.767193,31.990343,4.1,93,OPERATIONAL,establishment|food|grocery_or_supermarket|point_of_interest|store,ChIJYTCY-eP3zkYRS0psVRFvmvg,оптовый продовольственный рынок,check
"Магазин ""Океан""","Ново-Московская ул., 6А, Смоленск, Смоленская обл., 214005",Смоленск,Смоленск,Смоленская область,Russia,54.7959766,32.0663059,4.5,52,OPERATIONAL,establishment|food|grocery_or_supermarket|point_of_interest|store,ChIJ_TBvZu33zkYR6TVuXuz7mwQ,оптовый продовольственный рынок,check
"Магазин Смоленского ТПО - филиала ОАО ""Железнодорожная торговая компания""","ул. Строгань, 5, Смоленск, Смоленская обл., 214033",Смоленск,Смоленск,Смоленская область,Russia,54.80164500000001,32.1539749,3.6,13,OPERATIONAL,establishment|food|grocery_or_supermarket|point_of_interest|store,ChIJ5zH9Rvn2zkYRyfvG7M8TB2Q,оптовая база продуктов питания,check
Николаевский Рынок,"ул. Николаева, 18, Смоленск, Смоленская обл., 214004",Смоленск,Смоленск,Смоленская область,Russia,54.7735375,32.037366,3.9,193,OPERATIONAL,establishment|point_of_interest,ChIJlU2Vbw9YzkYRPJPrHcw7Knk,оптовый продовольственный рынок,yes
НОВАЯ БАЗА,"въезд через АЗС ""Лукойл, ул. Шевченко, 79Б, Смоленск, Смоленская обл., 214020",Смоленск,Смоленск,Смоленская область,Russia,54.7813645,32.083388,4.2,12,OPERATIONAL,establishment|food|point_of_interest,ChIJa09FROP3zkYRnyXvfWOdJyg,оптовый продовольственный рынок,yes
"ООО ""Мясная компания""","ул. Лавочкина, д. 100, Смоленск, Смоленская обл., 214032",Смоленск,Смоленск,Смоленская область,Russia,54.8113419,31.9911068,4.4,21,OPERATIONAL,establishment|food|point_of_interest,ChIJ1YhK2YD5zkYRGsOdaVfW34U,оптовая база продуктов питания,check
"ООО ""Региональная мясо-молочная компания""","Краснинское ш., 6, Смоленск, Смоленская обл., 214030",Смоленск,Смоленск,Смоленская область,Russia,54.768521,32.004454,5,1,OPERATIONAL,establishment|food|point_of_interest|store,ChIJn4BHXfVXzkYRyhn1ltgrm4g,оптовая база продуктов питания,check
"ООО ""Тавеал""","ул. Лавочкина, 101, Смоленск, Смоленская обл., 214032",Смоленск,Смоленск,Смоленская область,Russia,54.8132871,31.98229,5,6,OPERATIONAL,establishment|food|point_of_interest|store,ChIJSaXGGfH3zkYRGF3vdMxJvBI,оптовый продовольственный рынок,check
"Оптовая База ""Порт""","Ново-Московская ул., 2, Смоленск, Смоленская обл., 214012",Смоленск,Смоленск,Смоленская область,Russia,54.7947667,32.0530908,4,2,OPERATIONAL,establishment|point_of_interest,ChIJ0RXyTvH3zkYR2eLWuELsCcg,оптовый продовольственный рынок,yes
Порт,"2/8, ул. Ново-Московская, г. Смоленск, Смоленская обл., Россия 214000, Смоленск, Смоленская обл., 214012",Смоленск,Смоленск,Смоленская область,Russia,54.7953263,32.0637172,4.6,909,OPERATIONAL,establishment|food|point_of_interest,ChIJa09FROP3zkYRaNCCHfYQ3uU,оптовый продовольственный рынок,check
Продуктовая база,"Ново-Московская ул., 8, Смоленск, Смоленская обл., 214000",Смоленск,Смоленск,Смоленская область,Russia,54.7960731,32.0662973,5,2,OPERATIONAL,establishment|point_of_interest|storage,ChIJS91yZu33zkYRdGze8V-OryM,оптовый продовольственный рынок,yes
Русские сладости,"ул. Соболева, 96, Смоленск, Смоленская обл., 214016",Смоленск,Смоленск,Смоленская область,Russia,54.797604,32.085956,5,1,OPERATIONAL,establishment|point_of_interest,ChIJXwUh25X3zkYRvQlwEq7crZQ,оптовая база продуктов питания,check
Рыбный Магазин,"Рабочий пер., д.4, Смоленск, Смоленская обл., 214000",Смоленск,Смоленск,Смоленская область,Russia,54.782124,32.0567209,4.6,54,OPERATIONAL,establishment|food|grocery_or_supermarket|point_of_interest|store,ChIJiW1LglD3zkYRpCBM8QUuVTM,оптовый продовольственный рынок,check
Сельскохозяйственная ярмарка,"Unnamed Road, Смоленск, Смоленская обл., 214014",Смоленск,Смоленск,Смоленская область,Russia,54.7745573,32.0545982,4.3,82,OPERATIONAL,establishment|food|grocery_or_supermarket|point_of_interest|store,ChIJC6dxYlxZzkYR5Fj8cXzPFHE,сельскохозяйственный рынок,yes
"Слобода, продовольственная база","Ново-Московская ул., 5, Смоленск, Смоленская обл., 214000",Смоленск,Смоленск,Смоленская область,Russia,54.795708,32.055804,4,5,OPERATIONAL,establishment|point_of_interest,ChIJwxOuwvP3zkYRSB4euACNZnY,оптовый продовольственный рынок,yes
Смоленск Рыба,"Ново-Ленинградская ул., 15, Смоленск, Смоленская обл., 214012",Смоленск,Смоленск,Смоленская область,Russia,54.79628599999999,32.050922,5,1,OPERATIONAL,establishment|food|point_of_interest|shopping_mall,ChIJa09FROP3zkYRGpe8NeMpaaE,плодоовощная база оптовая,check
Смоленская Универсальная База Опс,"Ново-Ленинградская ул., 27, Смоленск, Смоленская обл., 214000",Смоленск,Смоленск,Смоленская область,Russia,54.7967246,32.0507058,4,3,OPERATIONAL,establishment|point_of_interest,ChIJwU8zJvT3zkYR3H7SbzUCaC0,оптовый продовольственный рынок,yes
Смоленский привоз,"14 а, ул. Кашена, г. Смоленск, Смоленская обл., Россия 214012, Смоленск, Смоленская обл., 214012",Смоленск,Смоленск,Смоленская область,Russia,54.7959736,32.0349926,4.1,81,OPERATIONAL,establishment|point_of_interest,ChIJa09FROP3zkYRwrhPhR0oy0M,оптовый продовольственный рынок,check
"Смоленскпоставка, ООО","Индустриальная ул., 4, Смоленск, Смоленская обл., 214031",Смоленск,Смоленск,Смоленская область,Russia,54.77424130000001,32.1068359,,,OPERATIONAL,establishment|point_of_interest,ChIJxTNTtC_2zkYRg6u-1nfkdQw,плодоовощная база оптовая,check
Союз-п,"ул. Тенишевой, 22, Смоленск, Смоленская обл., 214018",Смоленск,Смоленск,Смоленская область,Russia,54.771505,32.057419,5,1,OPERATIONAL,establishment|point_of_interest,ChIJa09FROP3zkYRh2d-38JZiRk,оптовая база продуктов питания,check
ТКК Славянский,"2-я Садовая ул., 25А, Смоленск, Смоленская обл., 214012",Смоленск,Смоленск,Смоленская область,Russia,54.7936408,32.0430563,4.2,507,OPERATIONAL,establishment|point_of_interest|shopping_mall,ChIJvVZBlPf3zkYRncpN-zl3kIk,оптовый продовольственный рынок,check
Торговый Двор,"ул. Соболева, 45, Смоленск, Смоленская обл., 214016",Смоленск,Смоленск,Смоленская область,Russia,54.791902,32.070898,4,106,OPERATIONAL,establishment|point_of_interest,ChIJO7iNCuz3zkYRLi1CD9qmTW8,оптовый продовольственный рынок,check
"ТЦ Общепит Гипер (Фирма ""Общепит"")","ул. 25 Сентября, 49, Смоленск, Смоленская обл., 214031",Смоленск,Смоленск,Смоленская область,Russia,54.774505,32.0928374,4.7,68,OPERATIONAL,establishment|home_goods_store|point_of_interest|store,ChIJCzJTiV33zkYR04h71lpbEaw,оптовый продовольственный рынок,check
Фреш Маркет,"ул. Шевченко, 78А, Смоленск, Смоленская обл., 214020",Смоленск,Смоленск,Смоленская область,Russia,54.776051,32.078115,4.2,140,OPERATIONAL,establishment|point_of_interest|shopping_mall,ChIJ7R9Y1dv3zkYRZRfyKgdgC-8,плодоовощная база оптовая,check
Хлебопек,"Трамвайный пр-д, 4, Смоленск, Смоленская обл., 214019",Смоленск,Смоленск,Смоленская область,Russia,54.767684,32.0634559,2.9,7,OPERATIONAL,establishment|point_of_interest,ChIJTzkTMHFYzkYRzBd0oIu2Qxc,оптовая база продуктов питания,check
Яблочная Компания,"пос. Тихвинка, д. 1-а, Смоленск, Смоленская обл., 214019",Смоленск,Смоленск,Смоленская область,Russia,54.7559025,32.0586648,,,OPERATIONAL,establishment|point_of_interest,ChIJD0yzTABYzkYROKNZZ5dmD68,плодоовощная база оптовая,check
Оптовая овощная база,"строение 4, ул. Тельнова, 5, Солнечногорск, Московская обл., 141504",Солнечногорск,Таганрог,Ростовская область,Russia,56.17991559999999,36.9858565,1,2,OPERATIONAL,establishment|point_of_interest,ChIJjR9WVtMItUYRqwc1ruueRwI,плодоовощная база оптовая,yes
Астрафуд,"Николаевское ш., 12, Солянка, Астраханская обл., 416130",Солянка,Астрахань,Астраханская область,Russia,46.3805106,47.9943849,4.8,4,OPERATIONAL,establishment|point_of_interest,ChIJbVDR_wcGqUERxmasUUUjJIk,оптовый продовольственный рынок,check
ДИЭЛ,"Николаевское ш., 1Б, Солянка, Астраханская обл., 416130",Солянка,Астрахань,Астраханская область,Russia,46.3820653,47.9976205,5,2,OPERATIONAL,establishment|point_of_interest,ChIJHT1XLwgGqUERahB5M-_F4ls,оптовый продовольственный рынок,check
Оптовая База,"Оптовая ул., 6, Солянка, Астраханская обл., 414038",Солянка,Астрахань,Астраханская область,Russia,46.3730889,47.9840077,4.1,200,OPERATIONAL,establishment|point_of_interest|shopping_mall,ChIJvYm7cFUPqUERnfVgLx7LKic,оптовый продовольственный рынок,yes
Раффуд,"ул. Калинина, 56, Солянка, Астраханская обл., 416130",Солянка,Астрахань,Астраханская область,Russia,46.3848693,48.00623960000001,5,5,OPERATIONAL,establishment|food|point_of_interest,ChIJ7Uh_DhYFqUER4Qkb2DLIuHg,оптовая база продуктов питания,check
Скотобойня,"Солянка, Астраханская обл., 416130",Солянка,Астрахань,Астраханская область,Russia,46.3840081,47.9889196,4.6,21,OPERATIONAL,establishment|food|point_of_interest,ChIJg1-Xg9cHqUEReyr87xNzZQM,оптовая база продуктов питания,check
"Фруктов, оптово-розничная фирма","Николаевское ш., 41, Солянка, Астраханская обл., 416130",Солянка,Астрахань,Астраханская область,Russia,46.3792224,47.9873178,4.2,10,OPERATIONAL,establishment|food|grocery_or_supermarket|point_of_interest|store,ChIJ2USugH0HqUER9f5z-2_051U,плодоовощная база оптовая,yes
Adler Market,"ул. Демократическая, 38, Сочи, Краснодарский край, 354340",Сочи,Сочи,Краснодарский край,Russia,43.42434,39.925174,4.4,1057,OPERATIONAL,establishment|point_of_interest,ChIJMf3eI8W_9UARffjbx_sheSw,сельскохозяйственный рынок,yes
FRUTELLA,"ул. Роз, д. 65, Сочи, Краснодарский край, 354000",Сочи,Сочи,Краснодарский край,Russia,43.592484,39.722289,,,OPERATIONAL,establishment|food|point_of_interest,ChIJFxagd8XL9UAR1JlmfnFfqHQ,плодоовощная база оптовая,check
Porto,"ул. Донская, 3\3, Сочи, Краснодарский край, 354068",Сочи,Сочи,Краснодарский край,Russia,43.6081959,39.7312924,5,1,OPERATIONAL,establishment|food|point_of_interest,ChIJT4IvuZLL9UARrU5kRyMuJzI,оптовая база продуктов питания,check
Анрих,"ул. Донская, 3, Сочи, Краснодарский край, 354000",Сочи,Сочи,Краснодарский край,Russia,43.60861209999999,39.7315185,3.8,6,OPERATIONAL,establishment|point_of_interest,ChIJm5MtvZLL9UARlxGKU6cgtoo,плодоовощная база оптовая,check
АРОСА Сочи,"ул. Роз, д. 117, Сочи, Краснодарский край, 354000",Сочи,Сочи,Краснодарский край,Russia,43.593334,39.7272154,,,OPERATIONAL,establishment|point_of_interest,ChIJG0tPOafL9UARahVGHASvNfg,оптовая база продуктов питания,check
База Гурман,"пер. Строительный, 10, Сочи, Краснодарский край, 354068",Сочи,Сочи,Краснодарский край,Russia,43.6182842,39.7211089,,,OPERATIONAL,establishment|food|point_of_interest,ChIJRaCyGoTL9UARTxfqdFyI5fs,оптовая база продуктов питания,yes
Базаръ,"ул. Гагарина, 57, Сочи, Краснодарский край, 354071",Сочи,Сочи,Краснодарский край,Russia,43.6083086,39.72592270000001,4.6,17,OPERATIONAL,establishment|point_of_interest,ChIJsalb9sTL9UARYYUWMB5jI20,сельскохозяйственный рынок,yes
Глобал Групп,"Краснодонская ул., 64, Сочи, Краснодарский край, 354003",Сочи,Сочи,Краснодарский край,Russia,43.6503761,39.7537873,5,1,OPERATIONAL,establishment|food|grocery_or_supermarket|point_of_interest|store,ChIJRT0clv3N9UARs9H2wgTBRfk,плодоовощная база оптовая,check
"Десерт Бро Сочи - десерты, выпечка, Полуфабрикаты И Мороженное оптом","ул. Гастелло, 30А, Сочи, Краснодарский край, 354340",Сочи,Сочи,Краснодарский край,Russia,43.446835,39.915436,5,34,OPERATIONAL,establishment|food|meal_delivery|point_of_interest|store,ChIJlRxdGIy_9UARmsDYv81zjDA,оптовая база продуктов питания,yes
Золотая нива,"ул. Батумское ш., 28, Сочи, Краснодарский край, 354207",Сочи,Сочи,Краснодарский край,Russia,43.65958,39.660656,4.3,814,OPERATIONAL,establishment|food|liquor_store|point_of_interest|store,ChIJeZD9SV0z9EAR7ENQSpgszhs,оптовая база продуктов питания,check
КАРАТ-1,"ул. Донская, 9-а, Сочи, Краснодарский край, 354068",Сочи,Сочи,Краснодарский край,Russia,43.6161464,39.725085,5,2,OPERATIONAL,establishment|food|point_of_interest,ChIJGba7koXL9UARjSgE9JSIyNM,оптовая база продуктов питания,check
"Лидер,","ул. Труда, 33, Сочи, Краснодарский край, 354055",Сочи,Сочи,Краснодарский край,Russia,43.6369487,39.7472685,1.5,2,OPERATIONAL,establishment|point_of_interest,ChIJD4maUF7M9UAR-NR4xUuh5VA,оптовая база продуктов питания,check
"ООО ""Вилком""","ул. Юных Ленинцев, 14, Сочи, Краснодарский край, 354000",Сочи,Сочи,Краснодарский край,Russia,43.5971857,39.7283411,4.2,5,OPERATIONAL,establishment|point_of_interest,ChIJy6oJSJDL9UAR2wdwwsBIA-Q,оптовая база продуктов питания,check
Оптовая База,"ул. Донская, 3/9, Сочи, Краснодарский край, 354068",Сочи,Сочи,Краснодарский край,Russia,43.61115090000001,39.7281829,4.4,343,OPERATIONAL,establishment|point_of_interest|shopping_mall,ChIJUy8M_Y3L9UARGYOfF8OZ7RE,плодоовощная база оптовая,yes
Оптово-розничная компания,"ул. Пластунская, 50/5, Сочи, Краснодарский край, 354057",Сочи,Сочи,Краснодарский край,Russia,43.602277,39.7426474,,,OPERATIONAL,establishment|point_of_interest,ChIJ9RFXZ-_L9UARvRxuuJ-D-A4,плодоовощная база оптовая,yes
ОПТОВО-РОЗНИЧНАЯ КОМПАНИЯ,"ул. Пригородная, 6, Сочи, Краснодарский край, 354000",Сочи,Сочи,Краснодарский край,Russia,43.6058928,39.7391157,,,OPERATIONAL,establishment|point_of_interest|store,ChIJe5tJ_u3L9UARnOrRHS6C-m8,плодоовощная база оптовая,yes
Оптовый рынок овощей и фруктов,"ул. Яна Фабрициуса, 48, Сочи, Краснодарский край, 354000",Сочи,Сочи,Краснодарский край,Russia,43.5868711,39.7534807,4.3,2539,OPERATIONAL,establishment|point_of_interest,ChIJxcQcrWfJ9UARZYEdOBTjqOY,оптовый продовольственный рынок,yes
"Продуктовый рынок, отдел бакалея.","ул. Чебрикова, 38А, Сочи, Краснодарский край, 354057",Сочи,Сочи,Краснодарский край,Russia,43.5960078,39.7353072,4.3,88,OPERATIONAL,establishment|point_of_interest,ChIJIzvuUN3L9UARU6tMm_5aDHo,сельскохозяйственный рынок,yes
Рынок,"ул. Возрождения, 21/2, Сочи, Краснодарский край, 354054",Сочи,Сочи,Краснодарский край,Russia,43.5651421,39.7652262,4.1,325,OPERATIONAL,establishment|food|grocery_or_supermarket|point_of_interest|store,ChIJd1_qugfJ9UARSec8iEeZEb4,сельскохозяйственный рынок,yes
"Рынок ""Ареда""","ул. Чебрикова, 38а, Сочи, Краснодарский край, 354057",Сочи,Сочи,Краснодарский край,Russia,43.595937,39.7349419,4.1,295,OPERATIONAL,establishment|point_of_interest,ChIJjx5YQN3L9UARcZyNkzMVK60,сельскохозяйственный рынок,yes
"Рынок ""Вертодром""","ул. Пластунская, Сочи, Краснодарский край, 354003",Сочи,Сочи,Краснодарский край,Russia,43.6189985,39.74095459999999,4,347,OPERATIONAL,establishment|food|grocery_or_supermarket|point_of_interest|store,ChIJDbX3ySPN9UARjoJ5o0IJ8U8,сельскохозяйственный рынок,yes
Рынок Лоо,"ул. Декабристов, 18/2, Сочи, Краснодарский край, 354208",Сочи,Сочи,Краснодарский край,Russia,43.700133,39.5885049,4,900,OPERATIONAL,establishment|point_of_interest,ChIJUZk-9mcx9EARfVW3c1LzyNc,сельскохозяйственный рынок,yes
Сельскохозяйственная ярмарка,"Подгорный пер., 8а, Сочи, Краснодарский край, 354068",Сочи,Сочи,Краснодарский край,Russia,43.6127798,39.72932280000001,4.2,156,OPERATIONAL,establishment|point_of_interest,ChIJP_XSKozL9UARtwyPHEChW1g,сельскохозяйственный рынок,yes
Склад. Магазин. Продукты. Опт. Розница.,"ул. Гайдара, 7, Сочи, Краснодарский край, 354207",Сочи,Сочи,Краснодарский край,Russia,43.6615745,39.6587777,5,13,OPERATIONAL,establishment|point_of_interest,ChIJI8IQhnYz9EAR8NH2tfZzbsQ,оптовая база продуктов питания,yes
Сочинская Продовольственная База,"ул. Донская, 3/9, Сочи, Краснодарский край, 354000",Сочи,Сочи,Краснодарский край,Russia,43.6108081,39.72750200000001,4.6,67,OPERATIONAL,establishment|food|point_of_interest,ChIJKwRYeobL9UARYR_PsGeafkI,плодоовощная база оптовая,yes
Сочинский Фермер,"ул. Горького, 89, Сочи, Краснодарский край, 354065",Сочи,Сочи,Краснодарский край,Russia,43.5963814,39.7295513,,,OPERATIONAL,establishment|point_of_interest,ChIJQZ-mknjL9UARInA5fC7VxCg,сельскохозяйственный рынок,check
ТАТНИ,"к, ул. Яна Фабрициуса, 58, Сочи, Краснодарский край, 354002",Сочи,Сочи,Краснодарский край,Russia,43.5853706,39.7549261,5,5,OPERATIONAL,establishment|point_of_interest,ChIJsW4tJGbJ9UARDqdXEZthpXk,оптовая база продуктов питания,check
ТРК,"ул. Пирогова, 1, Сочи, Краснодарский край, 354008",Сочи,Сочи,Краснодарский край,Russia,43.6045788,39.7186508,4.3,126,OPERATIONAL,establishment|food|grocery_or_supermarket|point_of_interest|store,ChIJA3vg7ZXL9UARhBBZHq2mSoE,сельскохозяйственный рынок,check
Универсам Рица,"Курортный пр., 92/5, Сочи, Краснодарский край, 354024",Сочи,Сочи,Краснодарский край,Russia,43.5622072,39.7615937,5,1,OPERATIONAL,establishment|point_of_interest,ChIJQ2qJbgLJ9UARCA-rBe9Jex8,оптовая база продуктов питания,check
Хорека-Юг,"ул. Донская, 7, Сочи, Краснодарский край, 354068",Сочи,Сочи,Краснодарский край,Russia,43.615388,39.7252038,,,OPERATIONAL,establishment|point_of_interest,ChIJIW9cYo_L9UARwlZwPjJHNWM,плодоовощная база оптовая,check
Центральный Рынок г. Сочи,"ул. Московская, 22, Сочи, Краснодарский край, 354000",Сочи,Сочи,Краснодарский край,Russia,43.5948791,39.7242642,4.1,8439,OPERATIONAL,establishment|food|grocery_or_supermarket|point_of_interest|store,ChIJEcQqAMXL9UARzXB5CP3uTts,сельскохозяйственный рынок,yes
Черноморская мясная компания,"ул. Труда, 27а, Сочи, Краснодарский край, 354003",Сочи,Сочи,Краснодарский край,Russia,43.6386139,39.7456235,5,4,OPERATIONAL,establishment|food|point_of_interest,ChIJ4f82PGjJ9UARMoBDB1_Ag6I,оптовая база продуктов питания,check
Ярмарка Фабрициуса,"ул. Яна Фабрициуса, 58, Сочи, Краснодарский край, 354002",Сочи,Сочи,Краснодарский край,Russia,43.58661679999999,39.7539874,4.3,2414,OPERATIONAL,establishment|point_of_interest,ChIJ88-hJ2bJ9UARMhK9PhPDpu4,плодоовощная база оптовая,yes
Ярмарка Чайковского,"ул. Чайковского, 47, Сочи, Краснодарский край, 354065",Сочи,Сочи,Краснодарский край,Russia,43.6054061,39.7277604,4.2,252,OPERATIONAL,establishment|food|grocery_or_supermarket|point_of_interest|store,ChIJEV6gqJTL9UAR5fNL9zVUkLw,сельскохозяйственный рынок,yes
ХладКо ЗАО,"ул. Кузнецкая, 42, Средняя Ахтуба, Волгоградская обл., 404143",Средняя Ахтуба,Волжский,Волгоградская область,Russia,48.7090793,44.8875762,5,3,OPERATIONAL,establishment|food|point_of_interest,ChIJzc9_Uq_MGkERSAMBbTy92X4,оптовая база продуктов питания,check
"""Фрост"" ООО","Заводская ул., 11, Ставрополь, Ставропольский край, 355000",Ставрополь,Ставрополь,Ставропольский край,Russia,45.05352300000001,42.006761,4.6,9,OPERATIONAL,establishment|food|point_of_interest,ChIJfYLrKNwB-UARuDMztkZtpuw,оптовая база продуктов питания,check
Агонян А.р.,"пер. Буйнакского, 3, Ставрополь, Ставропольский край, 355047",Ставрополь,Ставрополь,Ставропольский край,Russia,45.0669615,41.9294156,3,1,OPERATIONAL,establishment|food|point_of_interest,ChIJD5x8M40A-UARJFI95W5vxZQ,плодоовощная база оптовая,check
Агрокомплекс Выселковский,"ул. Мира, 277, Ставрополь, Ставропольский край, 355035",Ставрополь,Ставрополь,Ставропольский край,Russia,45.0387278,41.9796063,4,12,OPERATIONAL,establishment|food|grocery_or_supermarket|point_of_interest|store|supermarket,ChIJw27BXzoB-UAR9UPZA3YMJBQ,сельскохозяйственный рынок,yes
Агрокомплекс Выселковский,"ул. Краснофлотская, 103, Ставрополь, Ставропольский край, 355003",Ставрополь,Ставрополь,Ставропольский край,Russia,45.035534,41.945557,4.3,18,OPERATIONAL,establishment|food|grocery_or_supermarket|point_of_interest|store|supermarket,ChIJB1qLXjAB-UARNVTTAR8r1Bo,сельскохозяйственный рынок,yes
Агромаркет,"ул. Мира, 280/6а, Ставрополь, Ставропольский край, 355000",Ставрополь,Ставрополь,Ставропольский край,Russia,45.0373272,41.9726455,4.3,14,OPERATIONAL,establishment|point_of_interest|shopping_mall,ChIJD5x8M40A-UARfrfVyZqRafg,сельскохозяйственный рынок,yes
Айсберг,"Объездная ул., 16/2, Ставрополь, Ставропольский край, 355020",Ставрополь,Ставрополь,Ставропольский край,Russia,45.0490419,42.0159808,4.9,13,OPERATIONAL,establishment|food|point_of_interest,ChIJD5x8M40A-UARHDax3yOrwSI,оптовая база продуктов питания,check
Базар,"ул. Шаумяна, 1, Ставрополь, Ставропольский край, 355006",Ставрополь,Ставрополь,Ставропольский край,Russia,45.0509592,41.9847216,4.3,2041,OPERATIONAL,establishment|food|grocery_or_supermarket|point_of_interest|store,ChIJXwOjSeYA-UARp8ejfb1TRjc,оптовый продовольственный рынок,yes
"Брусневский, Рыночный Комплекс","пр-т Кулакова, 35, Ставрополь, Ставропольский край, 355044",Ставрополь,Ставрополь,Ставропольский край,Russia,45.0646891,41.9284567,3.9,599,OPERATIONAL,establishment|point_of_interest,ChIJD5x8M40A-UAR7-8axWTZR_Q,оптовый продовольственный рынок,check
ВЕГА ЮГ,"Россия, ул. 1-я Промышленная, 24, Ставрополь, Ставропольский край, 355035",Ставрополь,Ставрополь,Ставропольский край,Russia,45.04898499999999,41.909693,,,OPERATIONAL,establishment|point_of_interest,ChIJaaHmMMEA-UARxC_6gpu2V_k,оптовая база продуктов питания,check
Верхний рынок,"ул. Артема, 51, Ставрополь, Ставропольский край, 355000",Ставрополь,Ставрополь,Ставропольский край,Russia,45.0334279,41.9655785,4.1,3616,OPERATIONAL,establishment|point_of_interest,ChIJD5x8M40A-UARnzfsu7i8f0s,оптовый продовольственный рынок,yes
Городской рынок,"ул. Тухачевского, 16Б, Ставрополь, Ставропольский край, 355045",Ставрополь,Ставрополь,Ставропольский край,Russia,45.01305,41.9177013,4.6,2592,OPERATIONAL,establishment|point_of_interest,ChIJP5nfMEaq-UARLhS0ys26IxM,оптовый продовольственный рынок,yes
"Иней""","Старомарьевское ш., 13/4, Ставрополь, Ставропольский край, 355035",Ставрополь,Ставрополь,Ставропольский край,Russia,45.053628,42.021457,4.6,21,OPERATIONAL,establishment|food|point_of_interest|shopping_mall,ChIJ-aA7sQcB-UARc7xqulTcCRM,оптовая база продуктов питания,check
ИП Волосатова В.Н.,"2-й Юго-Западный пр-д, 10, Ставрополь, Ставропольский край, 355021",Ставрополь,Ставрополь,Ставропольский край,Russia,44.9971545,41.9392741,4,1,OPERATIONAL,establishment|food|point_of_interest|storage,ChIJzYOPe_Or-UARoxnt00xNX0U,оптовый продовольственный рынок,check
Камчатка маркет,"ул. A. Чехова, 83А, Ставрополь, Ставропольский край, 355013",Ставрополь,Ставрополь,Ставропольский край,Russia,45.03690690000001,42.0258752,4.8,10,OPERATIONAL,establishment|food|point_of_interest,ChIJ57DoI0wA-UARP7ycbATCu78,оптовая база продуктов питания,check
Карапетян С.г.,"Старомарьевское ш., 23-а, Ставрополь, Ставропольский край, 355008",Ставрополь,Ставрополь,Ставропольский край,Russia,45.0550447,42.0335797,5,2,OPERATIONAL,establishment|point_of_interest,ChIJD5x8M40A-UARzMbeJVkPA6s,плодоовощная база оптовая,check
Конкур плюс,"ул. Селекционная, 4а, Ставрополь, Ставропольский край, 355008",Ставрополь,Ставрополь,Ставропольский край,Russia,45.0563689,42.019791,4,4,OPERATIONAL,establishment|food|point_of_interest,ChIJD5x8M40A-UARrQBkq74P5RM,оптовая база продуктов питания,check
Магазин 24,"ул. Серова, 2в, Ставрополь, Ставропольский край, 355037",Ставрополь,Ставрополь,Ставропольский край,Russia,45.025524,41.941289,,,OPERATIONAL,establishment|point_of_interest,ChIJPSJz88ur-UAREWcxCRURJSw,оптовая база продуктов питания,check
Морепродукты,"Старомарьевское ш., 37а, Ставрополь, Ставропольский край, 355035",Ставрополь,Ставрополь,Ставропольский край,Russia,45.05677180000001,42.0481352,4.2,30,OPERATIONAL,establishment|food|point_of_interest,ChIJD5x8M40A-UARo9hSP7dqr5k,оптовая база продуктов питания,check
"Овощной магазин ""ДРУЖБА""","пр. Карла Маркса, 8, Ставрополь, Ставропольский край, 355008",Ставрополь,Ставрополь,Ставропольский край,Russia,45.0515447,41.9920407,5,3,OPERATIONAL,establishment|point_of_interest|store,ChIJo31zCeQA-UAR6G_wp-5G6Mw,сельскохозяйственный рынок,check
"ООО ""МДК""","улица д, Апанасенковская ул., 12, Ставрополь, Ставропольский край, 355008",Ставрополь,Ставрополь,Ставропольский край,Russia,45.0493117,41.9983186,,,OPERATIONAL,establishment|food|point_of_interest,ChIJlYlDrvwA-UARAt0_NqKsgVM,оптовая база продуктов питания,check
"ООО ""САВ трейд"", дистрибьюторская компания","2-я Промышленная ул., 28, Ставрополь, Ставропольский край, 355035",Ставрополь,Ставрополь,Ставропольский край,Russia,45.0589447,41.9002685,5,7,OPERATIONAL,establishment|food|point_of_interest,ChIJhXgSdl4H-UARYCCgFDYYAVM,плодоовощная база оптовая,check
ООО.СОЮЗ ОПТОРГ,"ул. Спутник, Ставрополь, Ставропольский край, 356230",Ставрополь,Ставрополь,Ставропольский край,Russia,44.9871588,41.9423035,4.3,21,OPERATIONAL,establishment|food|grocery_or_supermarket|point_of_interest|store,ChIJw6R4Zx6r-UARLlvPj83wjwE,оптовый продовольственный рынок,yes
"ООО""РуссахаР""","ул. 1-я Промышленная, Ставрополь, Ставропольский край, 355028",Ставрополь,Ставрополь,Ставропольский край,Russia,45.0528422,41.8984817,,,OPERATIONAL,establishment|point_of_interest,ChIJI2GNR-Cp-UAREZTZCCmNugY,оптовая база продуктов питания,check
Опт Сервис Групп,"пр-т Кулакова, 8, Ставрополь, Ставропольский край, 355028",Ставрополь,Ставрополь,Ставропольский край,Russia,45.0503728,41.9112484,5,2,OPERATIONAL,establishment|point_of_interest,ChIJhQ3Yh1kH-UARVb7orOnL5OI,оптовая база продуктов питания,yes
Оптовые Базы,"Михайловское ш., 10, Ставрополь, Ставропольский край, 355035",Ставрополь,Ставрополь,Ставропольский край,Russia,45.06411370000001,42.000438,,,OPERATIONAL,establishment|point_of_interest,ChIJZ8sPpCIB-UARNjnFRqJLo4U,плодоовощная база оптовая,yes
Продуктовая оптовая база,"Объездная ул., 20, Ставрополь, Ставропольский край, 355020",Ставрополь,Ставрополь,Ставропольский край,Russia,45.049501,42.0186488,,,OPERATIONAL,establishment|point_of_interest,ChIJodaT-oIB-UAR8TyjnocSfSA,плодоовощная база оптовая,yes
Рынок,"ул. Ленина, 120, Ставрополь, Ставропольский край, 355012",Ставрополь,Ставрополь,Ставропольский край,Russia,45.0413761,41.9891172,,,OPERATIONAL,establishment|point_of_interest,ChIJAY8JzgIB-UARNHbG12uQDQA,сельскохозяйственный рынок,yes
"Сеть магазинов молочной продукции, ОАО МКС","пр. Ворошилова, 8-а, Ставрополь, Ставропольский край, 355040",Ставрополь,Ставрополь,Ставропольский край,Russia,45.016859,41.9189815,4.5,25,OPERATIONAL,establishment|food|point_of_interest,ChIJL2pfTEeq-UAR4FWGnAU_bfw,оптовая база продуктов питания,check
Склад № 1,"пер. Буйнакского, 41, Ставрополь, Ставропольский край, 355047",Ставрополь,Ставрополь,Ставропольский край,Russia,45.0667181,41.93706030000001,4.3,6,OPERATIONAL,establishment|point_of_interest|store,ChIJ3aCUUjoH-UARPzNhFBtIahA,плодоовощная база оптовая,check
Сласти От Насти,"2-й Параллельный проезд, 13, Ставрополь, Ставропольский край, 355042",Ставрополь,Ставрополь,Ставропольский край,Russia,45.03796920000001,41.9443607,,,OPERATIONAL,establishment|food|point_of_interest,ChIJD5x8M40A-UARtWNogBTveLk,оптовая база продуктов питания,check
Тухачевский Рынок,"ул. Тухачевского, 21/1, Ставрополь, Ставропольский край, 355032",Ставрополь,Ставрополь,Ставропольский край,Russia,45.0134964,41.9160225,4.5,3108,OPERATIONAL,establishment|point_of_interest,ChIJ9-wpSjeq-UAR8CtuIVBHbYI,оптовый продовольственный рынок,yes
Хочу мяса,"ул. Широкая, 21, Ставрополь, Ставропольский край, 355013",Ставрополь,Ставрополь,Ставропольский край,Russia,45.0365301,42.0182897,4.5,97,OPERATIONAL,establishment|food|grocery_or_supermarket|point_of_interest|store,ChIJA5lA0E8A-UARuaC4eMtMuTg,оптовая база продуктов питания,check
"Центр продаж семян ""Хороший год""","ул. Розы Люксембург, 29, Ставрополь, Ставропольский край, 355035",Ставрополь,Ставрополь,Ставропольский край,Russia,45.043966,41.980914,5,1,OPERATIONAL,establishment|food|point_of_interest|store,ChIJBdTpilAB-UARRJeXm6_BgFg,сельскохозяйственный рынок,check
ЮГ-КОЛОС СТ,"3-й Юго-Западный пр-д, 13, корпус А, Ставрополь, Ставропольский край, 355042",Ставрополь,Ставрополь,Ставропольский край,Russia,44.9934936,41.9373666,5,1,OPERATIONAL,establishment|point_of_interest,ChIJaRf8Ff2q-UARopgU1K6jBM0,плодоовощная база оптовая,check
Юго-Западный Рынок,"ул. Тухачевского, 16Б, Ставрополь, Ставропольский край, 355045",Ставрополь,Ставрополь,Ставропольский край,Russia,45.0132,41.9165,4.4,160,OPERATIONAL,atm|establishment|finance|food|grocery_or_supermarket|point_of_interest|store|supermarket,ChIJhwWMMUaq-UARUSpy9JLxszo,сельскохозяйственный рынок,yes
Южный рынок,"3-й Юго-Западный пр-д, 1, Ставрополь, Ставропольский край, 355035",Ставрополь,Ставрополь,Ставропольский край,Russia,44.9927223,41.9249828,4.2,1826,OPERATIONAL,establishment|food|grocery_or_supermarket|point_of_interest|store,ChIJAQAAAMAA-UARexxb2--sO8g,оптовый продовольственный рынок,yes
ЮниФрут,"пер. Буйнакского, 41, Ставрополь, Ставропольский край, 355047",Ставрополь,Ставрополь,Ставропольский край,Russia,45.0676956,41.93666830000001,3.6,18,OPERATIONAL,establishment|food|point_of_interest,ChIJ3aCUUjoH-UAR5FSYAboE9sE,плодоовощная база оптовая,check
"Оптовый склад ""Сунжа""","ул. Центороевская, 68, Старая Сунжа, Чеченская Респ., 366007",Старая Сунжа,Грозный,Чеченская Республика,Russia,43.3269378,45.7458489,4.7,206,OPERATIONAL,establishment|food|grocery_or_supermarket|point_of_interest|store,ChIJi0KiMDfRUUARmZD_M6D4Vmk,оптовый продовольственный рынок,yes
Ардо,"ул. Мира, 24, Стерлитамак, Респ. Башкортостан, 453124",Стерлитамак,Стерлитамак,Республика Башкортостан,Russia,53.6162299,55.9587118,4.1,264,OPERATIONAL,establishment|point_of_interest|shopping_mall,ChIJadKAnDEQ2EMRTGcqm-YHLdM,сельскохозяйственный рынок,check
База ОРС,"Стерлитамак Башкортостан Републиц, Стерлитамак, Респ. Башкортостан, 453126",Стерлитамак,Стерлитамак,Республика Башкортостан,Russia,53.6273872,55.9441004,3.7,675,OPERATIONAL,establishment|point_of_interest,ChIJPdlh984R2EMRaKd2-7mbTGU,оптовый продовольственный рынок,yes
Бест-Стерлитамак,"ул. Тукаева, 35, Стерлитамак, Респ. Башкортостан, 453104",Стерлитамак,Стерлитамак,Республика Башкортостан,Russia,53.649127,55.972488,,,OPERATIONAL,establishment|food|point_of_interest,ChIJO_YA9aAR2EMRk9Dh0NPSYsQ,оптовая база продуктов питания,check
ИП Газизова Л.М.,"ул. Худайбердина, 85/8, Стерлитамак, Респ. Башкортостан, 453116",Стерлитамак,Стерлитамак,Республика Башкортостан,Russia,53.6257809,55.937808,,,OPERATIONAL,establishment|point_of_interest,ChIJd_Y4y9ER2EMRAuDqE85AjUo,оптовая база продуктов питания,check
ИП Карпов А.Н.,"ул. Воинов-интернационалистов, 39а, Стерлитамак, Респ. Башкортостан, 453102",Стерлитамак,Стерлитамак,Республика Башкортостан,Russia,53.69454649999999,55.94399199999999,5,2,OPERATIONAL,establishment|food|point_of_interest,ChIJe7ojxbgT2EMRPHrCuzHbI9g,оптовая база продуктов питания,check
Карламанское молоко,"Железнодорожная ул., 1, Стерлитамак, Респ. Башкортостан, 453115",Стерлитамак,Стерлитамак,Республика Башкортостан,Russia,53.6407207,55.95830369999999,4,2,OPERATIONAL,establishment|food|point_of_interest,ChIJzSGDX7sR2EMRshg6y0gbifQ,оптовая база продуктов питания,check
Карламанское потребительское общество,"ул. Худайбердина, 85/13, Склад 47, Стерлитамак, Респ. Башкортостан, 453116",Стерлитамак,Стерлитамак,Республика Башкортостан,Russia,53.62584289999999,55.938668,,,OPERATIONAL,establishment|food|point_of_interest|store,ChIJc4d00tER2EMR8AcpurEajrY,оптовая база продуктов питания,check
Колхозный Рынок,"ул. Мира, 1а, Стерлитамак, Респ. Башкортостан, 453101",Стерлитамак,Стерлитамак,Республика Башкортостан,Russia,53.6109135,55.9532052,4.2,113,OPERATIONAL,establishment|point_of_interest,ChIJvQ26FC8Q2EMRKCdD2gLrTac,оптовый продовольственный рынок,yes
МежРайБаза,"ул. Худайбердина, 85, Стерлитамак, Респ. Башкортостан, 453120",Стерлитамак,Стерлитамак,Республика Башкортостан,Russia,53.6265767,55.9396767,4.3,877,OPERATIONAL,establishment|point_of_interest|shopping_mall,ChIJb3Wb1M8R2EMRyNxmpcZoRFE,оптовый продовольственный рынок,yes
Микрорынок,"Стерлитамак, Респ. Башкортостан, 453115",Стерлитамак,Стерлитамак,Республика Башкортостан,Russia,53.6313867,55.9534339,4.4,243,OPERATIONAL,establishment|point_of_interest,ChIJg6ei1MkR2EMR9SgTn9B2JhU,оптовый продовольственный рынок,yes
Овощная База,"Раевский тракт, 1а/1, Стерлитамак, Респ. Башкортостан, 453118",Стерлитамак,Стерлитамак,Республика Башкортостан,Russia,53.6411539,55.8968235,5,2,OPERATIONAL,establishment|point_of_interest,ChIJU4PaWv0R2EMRNLuFZtzeAXA,оптовый продовольственный рынок,yes
"ООО ""РисОптТорг""","ул. Глинки, дом 1К, Стерлитамак, Респ. Башкортостан, 453120",Стерлитамак,Стерлитамак,Республика Башкортостан,Russia,53.6240634,55.9376668,5,1,OPERATIONAL,establishment|food|point_of_interest,ChIJXd4Ma9ER2EMRz_oreJfKnns,оптовая база продуктов питания,yes
"ООО ""ТД Стер-х""","Деповская ул., 184, Стерлитамак, Респ. Башкортостан, 453103",Стерлитамак,Стерлитамак,Республика Башкортостан,Russia,53.6429696,55.9462202,4.8,11,OPERATIONAL,bakery|establishment|food|grocery_or_supermarket|point_of_interest|store,ChIJByTeiy8O2EMRehMgQOvqaD8,оптовый продовольственный рынок,check
ОПТОВО-РОЗНИЧНАЯ ФИРМА,"ул. Худайбердина, 85, Стерлитамак, Респ. Башкортостан, 453116",Стерлитамак,Стерлитамак,Республика Башкортостан,Russia,53.6264354,55.9403954,5,1,OPERATIONAL,establishment|food|point_of_interest,ChIJlRa2OtAR2EMRzzw0e8bTCPw,оптовый продовольственный рынок,yes
Портландхим,"Промышленная ул., 10А, Стерлитамак, Респ. Башкортостан, 453102",Стерлитамак,Стерлитамак,Республика Башкортостан,Russia,53.6617985,55.967475,,,OPERATIONAL,establishment|point_of_interest,ChIJ_3RnRncR2EMRgYLXQpxQ5hE,оптовая база продуктов питания,check
Продукты оптом,"ул. Худайбердина, 85/14, Железнодорожная ул., д. 5, Склад 36, Стерлитамак, Респ. Башкортостан, 453120",Стерлитамак,Стерлитамак,Республика Башкортостан,Russia,53.6442224,55.9609579,,,OPERATIONAL,establishment|point_of_interest,ChIJK1Rt0dER2EMRXSsDD7nXpPI,оптовая база продуктов питания,yes
Продукты оптом,"ул. Худайбердина, 85/8, Стерлитамак, Респ. Башкортостан, 453116",Стерлитамак,Стерлитамак,Республика Башкортостан,Russia,53.6257809,55.937808,,,OPERATIONAL,establishment|food|grocery_or_supermarket|point_of_interest|store,ChIJd_Y4y9ER2EMRtSMWk6g_w4Q,оптовая база продуктов питания,yes
Рощинский,"ул. Черноморская, 85к1, Стерлитамак, Респ. Башкортостан, 453116",Стерлитамак,Стерлитамак,Республика Башкортостан,Russia,53.61834950000001,55.9151812,4.6,10,OPERATIONAL,establishment|food|grocery_or_supermarket|point_of_interest|store,ChIJjUwZMdAR2EMR0Cn2Wy5j548,сельскохозяйственный рынок,check
Рощинский,"Заводская ул., 40, Стерлитамак, Респ. Башкортостан, 453103",Стерлитамак,Стерлитамак,Республика Башкортостан,Russia,53.6399389,55.93953399999999,4.2,6,OPERATIONAL,establishment|food|grocery_or_supermarket|point_of_interest|store,ChIJJ2KCeIER2EMRRBOVrqX7u9U,сельскохозяйственный рынок,check
Рощинский,"ул. Худайбердина, 85, Стерлитамак, Респ. Башкортостан, 453120",Стерлитамак,Стерлитамак,Республика Башкортостан,Russia,53.6256178,55.9396316,,,OPERATIONAL,establishment|food|point_of_interest,ChIJC3YD2tER2EMRKAvjSwNjOpM,оптовая база продуктов питания,check
Сезон,"ул. Гоголя, 1, Стерлитамак, Респ. Башкортостан, 453101",Стерлитамак,Стерлитамак,Республика Башкортостан,Russia,53.6108764,55.95307260000001,4.2,123,OPERATIONAL,establishment|point_of_interest|shopping_mall,ChIJfybaFC8Q2EMR_tcLLccb8JQ,оптовый продовольственный рынок,check
Солнечный,"Коммунистическая ул., 70, Стерлитамак, Респ. Башкортостан, 453120",Стерлитамак,Стерлитамак,Республика Башкортостан,Russia,53.622625,55.9058406,4.3,571,OPERATIONAL,establishment|point_of_interest|shopping_mall,ChIJoW9krSUO2EMRu5hnWt96PxY,оптовый продовольственный рынок,check
Стерх,"пр. Октября, 6, Стерлитамак, Респ. Башкортостан, 453120",Стерлитамак,Стерлитамак,Республика Башкортостан,Russia,53.6291909,55.9174117,4.5,142,OPERATIONAL,establishment|food|grocery_or_supermarket|point_of_interest|store,ChIJV-Mbvt4R2EMR9DPjZeRskXQ,сельскохозяйственный рынок,check
Таверна,"Волочаевская ул., 13, Стерлитамак, Респ. Башкортостан, 453103",Стерлитамак,Стерлитамак,Республика Башкортостан,Russia,53.6417515,55.941399,4.5,37,OPERATIONAL,establishment|food|grocery_or_supermarket|liquor_store|point_of_interest|store,ChIJoxyf8L8R2EMRGzMizrzZBFw,сельскохозяйственный рынок,check
Торговая база,"ул. Западная, 19, Стерлитамак, Респ. Башкортостан, 453103",Стерлитамак,Стерлитамак,Республика Башкортостан,Russia,53.6531725,55.9185369,5,1,OPERATIONAL,establishment|point_of_interest,ChIJoZwahfQR2EMRA2fo30wxGuU,оптовая база продуктов питания,yes
Торговая компания АГРОЗАПЧАСТЬ,"Стерлибашевский тракт, д.2/1, Стерлитамак, Респ. Башкортостан, 453130",Стерлитамак,Стерлитамак,Республика Башкортостан,Russia,53.5913265,55.9059883,5,2,OPERATIONAL,establishment|food|point_of_interest,ChIJgXyOOBYP2EMRpUR9goER9D8,оптовая база продуктов питания,yes
ТРЦ Арбат,"ул. Артема, 96, Стерлитамак, Респ. Башкортостан, 453100",Стерлитамак,Стерлитамак,Республика Башкортостан,Russia,53.6229236,55.9025824,4.5,4154,OPERATIONAL,establishment|point_of_interest|shopping_mall,ChIJ23wFvCQO2EMRHAGQq810EJ0,оптовый продовольственный рынок,check
Тск Оптовик,"ул. 7 Ноября, 2, Стерлитамак, Респ. Башкортостан, 453126",Стерлитамак,Стерлитамак,Республика Башкортостан,Russia,53.6140272,55.9543235,4.2,77,OPERATIONAL,establishment|point_of_interest|shopping_mall,ChIJq1ThPi4Q2EMR851NfK3Ui60,оптовый продовольственный рынок,yes
Тск Солнечный,"Коммунистическая ул., 69, Стерлитамак, Респ. Башкортостан, 453120",Стерлитамак,Стерлитамак,Республика Башкортостан,Russia,53.6228099,55.9087348,3,2,OPERATIONAL,establishment|point_of_interest|store,ChIJt0QWMiQO2EMRMaZNnnwFUSc,оптовый продовольственный рынок,check
ТЦ Атриум,"Вокзальная ул., 4А, Стерлитамак, Респ. Башкортостан, 453115",Стерлитамак,Стерлитамак,Республика Башкортостан,Russia,53.6310223,55.9534345,4.1,599,OPERATIONAL,establishment|point_of_interest|shopping_mall,ChIJf3ys27cR2EMRVddZwUVOyFA,сельскохозяйственный рынок,check
ТЦ Уля,"ул. Суханова, 6А, Стерлитамак, Респ. Башкортостан, 453130",Стерлитамак,Стерлитамак,Республика Башкортостан,Russia,53.5991417,55.9410524,4,217,OPERATIONAL,establishment|point_of_interest|shopping_mall,ChIJHfb2CtwP2EMR2ZUNTg-d-jA,оптовый продовольственный рынок,check
"филиал группы компаний""Росмол""","Новая ул., 44А, Стерлитамак, Респ. Башкортостан, 453120",Стерлитамак,Стерлитамак,Республика Башкортостан,Russia,53.6165262,55.91400669999999,5,2,OPERATIONAL,establishment|food|point_of_interest,ChIJsYoYiwsP2EMRKLDGI--JRTM,оптовая база продуктов питания,check
Хлебный Стерх,"ул. Шафиева, 41, Стерлитамак, Респ. Башкортостан, 453129",Стерлитамак,Стерлитамак,Республика Башкортостан,Russia,53.6169595,55.93609559999999,4.5,55,OPERATIONAL,establishment|food|grocery_or_supermarket|point_of_interest|store,ChIJt5L62tQR2EMR4rrg1MthLvE,сельскохозяйственный рынок,check
Центр Садовода,"пр. Октября, 59, Стерлитамак, Респ. Башкортостан, 453129",Стерлитамак,Стерлитамак,Республика Башкортостан,Russia,53.6291178,55.9135405,4,6,OPERATIONAL,establishment|food|point_of_interest|store,ChIJeTW3X0EP2EMRHWaY0WWlDck,сельскохозяйственный рынок,check
Центральный городской рынок,"ул. Мира, 2Б, Стерлитамак, Респ. Башкортостан, 453124",Стерлитамак,Стерлитамак,Республика Башкортостан,Russia,53.6130355,55.95522,4.3,1257,OPERATIONAL,establishment|point_of_interest|shopping_mall,ChIJ08q2Si4Q2EMR4pJzG1Byxrc,оптовый продовольственный рынок,yes
Центральный городской рынок,"Комсомольская ул., 5, Стерлитамак, Респ. Башкортостан, 453124",Стерлитамак,Стерлитамак,Республика Башкортостан,Russia,53.612874,55.95661,4.2,2589,OPERATIONAL,establishment|point_of_interest|shopping_mall,ChIJI2Rjzy8Q2EMRKX4_SIN-gq8,оптовый продовольственный рынок,yes
Югозападный Рынок,"Днепровская ул., 5, Стерлитамак, Респ. Башкортостан, 453109",Стерлитамак,Стерлитамак,Республика Башкортостан,Russia,53.6163481,55.9209699,4,294,OPERATIONAL,establishment|point_of_interest|shopping_mall,ChIJcRPW7CsO2EMR-YCsdwh7qik,сельскохозяйственный рынок,yes
Ярмарка,"Вокзальная ул., 21, Стерлитамак, Респ. Башкортостан, 453115",Стерлитамак,Стерлитамак,Республика Башкортостан,Russia,53.631622,55.95199969999999,4.4,72,OPERATIONAL,establishment|food|grocery_or_supermarket|point_of_interest|store,ChIJITfySV9VfUERX8eds_pQaHo,сельскохозяйственный рынок,yes
Стрелецкий Рынок,"ул. Королева, 30, Стрелецкое, Белгородская обл., 308511",Стрелецкое,Белгород,Белгородская область,Russia,50.634971,36.4782303,3.5,32,OPERATIONAL,establishment|point_of_interest,ChIJ9d8sCgwVJkERi8hwBagaUkI,сельскохозяйственный рынок,yes
Акватрейд,"Базовая ул., 18/2, Сургут, Ханты-Мансийский автономный округ, 628400",Сургут,Сургут,Ханты-Мансийский АО,Russia,61.25574999999999,73.49072,3.7,6,OPERATIONAL,establishment|point_of_interest,ChIJpQMYY2qXc0MRdEQzER2wiVE,оптовая база продуктов питания,check
Аскания,"Инженерная ул., 10, Сургут, Ханты-Мансийский автономный округ, 628422",Сургут,Сургут,Ханты-Мансийский АО,Russia,61.2455108,73.4922591,4.1,262,OPERATIONAL,establishment|point_of_interest|shopping_mall,ChIJpQMYY2qXc0MRTo0rGTelYl4,оптовый продовольственный рынок,check
Витаминная страна,"ул. Рационализаторов, 20, Сургут, Ханты-Мансийский автономный округ, 628401",Сургут,Сургут,Ханты-Мансийский АО,Russia,61.2496956,73.4801057,,,OPERATIONAL,establishment|food|health|point_of_interest|store,ChIJURDG1CWYc0MRl5v4bNFRZ1A,оптовый продовольственный рынок,check
Восточный рынок торговый центр,"Индустриальная ул., 21, сооружение 10, Сургут, Ханты-Мансийский автономный округ, 628422",Сургут,Сургут,Ханты-Мансийский АО,Russia,61.28319440000001,73.3995319,4.2,582,OPERATIONAL,establishment|point_of_interest|shopping_mall,ChIJpQMYY2qXc0MR-HoVVXnF5Po,оптовый продовольственный рынок,yes
Двор Маркет,"Геологическая ул., 15/1, Сургут, Ханты-Мансийский автономный округ, 628405",Сургут,Сургут,Ханты-Мансийский АО,Russia,61.23971899999999,73.44803650000001,4.4,8,OPERATIONAL,establishment|food|grocery_or_supermarket|point_of_interest|store,ChIJu_ftLc6Zc0MRyVfud70l3wk,сельскохозяйственный рынок,check
ЗаЕду,"Югорский тракт, 18, Сургут, Ханты-Мансийский автономный округ, 628404",Сургут,Сургут,Ханты-Мансийский АО,Russia,61.2551326,73.3417597,5,1,OPERATIONAL,establishment|food|grocery_or_supermarket|point_of_interest|store,ChIJWyRvnPmRc0MR77zsoaD4B58,сельскохозяйственный рынок,check
Зеленый Базар,"ул. Чехова, 14 корпус 3, Сургут, Ханты-Мансийский автономный округ, 628418",Сургут,Сургут,Ханты-Мансийский АО,Russia,61.2659906,73.3848601,5,4,OPERATIONAL,establishment|food|point_of_interest|store,ChIJSWJbfWKXc0MRRaNQI1X4zlc,сельскохозяйственный рынок,yes
Китайский Рынок,"Сургут, Ханты-Мансийский автономный округ, 628422",Сургут,Сургут,Ханты-Мансийский АО,Russia,61.2798309,73.3768387,3.9,3700,OPERATIONAL,establishment|point_of_interest|store,ChIJ_ZhhuiSXc0MR-XvX53eqlxg,оптовый продовольственный рынок,yes
Комбикорма «Сытая ферма»,"Нефтеюганское ш., 14, Сургут, Ханты-Мансийский автономный округ, 628400",Сургут,Сургут,Ханты-Мансийский АО,Russia,61.271106,73.390692,4.6,138,OPERATIONAL,establishment|food|point_of_interest|store,ChIJUTsxrz-Xc0MRHjWMHUxfJjo,сельскохозяйственный рынок,check
Коптильный Цех,"Кольцевая ул., 14, Сургут, Ханты-Мансийский автономный округ, 628410",Сургут,Сургут,Ханты-Мансийский АО,Russia,61.2793687,73.2891148,4.3,3,OPERATIONAL,establishment|food|point_of_interest,ChIJOdqCceKQc0MRJYN7zVYGiKw,оптовая база продуктов питания,yes
ЛОБАЗ сеть магазинов,"ул. 30 лет Победы, 7, Сургут, Ханты-Мансийский автономный округ, 628403",Сургут,Сургут,Ханты-Мансийский АО,Russia,61.2505296,73.4102685,5,1,OPERATIONAL,establishment|point_of_interest,ChIJpQMYY2qXc0MRwcwql5ZNAf0,оптовая база продуктов питания,check
Мясная Империя Югры,"ул. Рыбников, 31, Сургут, Ханты-Мансийский автономный округ, 628401",Сургут,Сургут,Ханты-Мансийский АО,Russia,61.2327525,73.4700773,5,6,OPERATIONAL,establishment|food|point_of_interest,ChIJDTW6MSOYc0MR-HRUTcvRueA,оптовая база продуктов питания,check
Надомаркет,"ул. 30 лет Победы, 53, Сургут, Ханты-Мансийский автономный округ, 628403",Сургут,Сургут,Ханты-Мансийский АО,Russia,61.25986090000001,73.456456,4.4,906,OPERATIONAL,establishment|point_of_interest|store,ChIJPTsw94OXc0MRszo4LWK6zQU,оптовый продовольственный рынок,check
Овощи,"ул. Рационализаторов, 20, Сургут, Ханты-Мансийский автономный округ, 628401",Сургут,Сургут,Ханты-Мансийский АО,Russia,61.24968399999999,73.48024800000002,,,OPERATIONAL,establishment|point_of_interest,ChIJCYMhfiaYc0MRd6CkZq8wwY0,оптовый продовольственный рынок,check
Овощи-зелень из Краснодара,"ул. Островского, 14/1, Сургут, Ханты-Мансийский автономный округ, 628417",Сургут,Сургут,Ханты-Мансийский АО,Russia,61.25817899999999,73.399543,,,OPERATIONAL,establishment|food|grocery_or_supermarket|point_of_interest|store,ChIJ568l1EKXc0MRKDbLXTc9Nkw,сельскохозяйственный рынок,check
Овощной павильон,"пр. Первопроходцев, 14, Сургут, Ханты-Мансийский автономный округ, 628405",Сургут,Сургут,Ханты-Мансийский АО,Russia,61.23983320000001,73.4561295,5,3,OPERATIONAL,establishment|food|point_of_interest|store,ChIJLSVsZs2Zc0MR7WQHa8XKm6Q,оптовый продовольственный рынок,check
"ООО ТК ""Алтай"" - Сургут","Инженерная ул., 2/3, Сургут, Ханты-Мансийский автономный округ, 628401",Сургут,Сургут,Ханты-Мансийский АО,Russia,61.2448292,73.48635089999999,4.3,9,OPERATIONAL,establishment|point_of_interest,ChIJv6GQyiSYc0MRAl-VGAGz7fA,оптовая база продуктов питания,check
Оптовик,"проезд 4 п, Северный промышленный р-н, г. Сургут, Ханты-Мансийский АО — Югра, Россия 628400, Сургут, Ханты-Мансийский автономный округ, 628418",Сургут,Сургут,Ханты-Мансийский АО,Russia,61.2666667,73.39999999999999,1,1,OPERATIONAL,establishment|food|point_of_interest|store,ChIJpQMYY2qXc0MRrDh1-9aF1yw,оптовый продовольственный рынок,yes
Оптовый Рынок Сибири,"ул. Энергостроителей, 5/3, Сургут, Ханты-Мансийский автономный округ, 628422",Сургут,Сургут,Ханты-Мансийский АО,Russia,61.2780108,73.4909101,4.5,2,OPERATIONAL,establishment|food|point_of_interest|store,ChIJtyk7CemXc0MRr_aXtCqMd5A,оптовый продовольственный рынок,yes
Оптовый склад продукты и игрушки,"ул. Рационализаторов, 20, Сургут, Ханты-Мансийский автономный округ, 628401",Сургут,Сургут,Ханты-Мансийский АО,Russia,61.2492916,73.4806729,5,2,OPERATIONAL,establishment|point_of_interest,ChIJp7Awl1mZc0MROqrGIQlIOmY,оптовый продовольственный рынок,yes
"Пингвин, ООО","ул. Терешковой, 1а, Сургут, Ханты-Мансийский автономный округ, 628401",Сургут,Сургут,Ханты-Мансийский АО,Russia,61.23540740000001,73.48849299999999,5,1,OPERATIONAL,establishment|food|point_of_interest,ChIJS5FoTziYc0MRj-NBHvSIB0w,оптовая база продуктов питания,check
Продукты,"ул. Рыбников, 31/4, павильйон 7, Сургут, Ханты-Мансийский автономный округ, 628401",Сургут,Сургут,Ханты-Мансийский АО,Russia,61.231759,73.473378,5,1,OPERATIONAL,establishment|food|grocery_or_supermarket|point_of_interest|store,ChIJMysSjjWYc0MRMI4uPevcskA,оптовый продовольственный рынок,check
Райские Фрукты,"ул. Островского, 52/3, Сургут, Ханты-Мансийский автономный округ, 628417",Сургут,Сургут,Ханты-Мансийский АО,Russia,61.255986,73.3956221,5,1,OPERATIONAL,establishment|point_of_interest|store,ChIJ0UStoVyXc0MRIAJnCmU_haw,оптовый продовольственный рынок,check
"Райские фрукты, оптово-розничная фирма","Нефтеюганское ш., 27/1, Сургут, Ханты-Мансийский автономный округ, 628418",Сургут,Сургут,Ханты-Мансийский АО,Russia,61.27331400000001,73.408259,4,2,OPERATIONAL,establishment|point_of_interest,ChIJRXKzDxOXc0MRZdp5L_wFVhI,оптовый продовольственный рынок,yes
Рыба-Кит,"Индустриальная ул., 21, Сургут, Ханты-Мансийский автономный округ, 628422",Сургут,Сургут,Ханты-Мансийский АО,Russia,61.28378290000001,73.3960571,4.4,99,OPERATIONAL,establishment|food|point_of_interest,ChIJU-5ykBmXc0MRknhn43kUsf0,оптовый продовольственный рынок,check
Север рыба,"ул. Островского, 14/1, Сургут, Ханты-Мансийский автономный округ, 628417",Сургут,Сургут,Ханты-Мансийский АО,Russia,61.25829329999999,73.39955239999999,4.5,19,OPERATIONAL,establishment|food|point_of_interest,ChIJ1f6-1kKXc0MR6suKQl-XDwI,оптовая база продуктов питания,check
Северный,"ул. Дзержинского, 24, Сургут, Ханты-Мансийский автономный округ, 628416",Сургут,Сургут,Ханты-Мансийский АО,Russia,61.25626099999999,73.38013,5,1,OPERATIONAL,establishment|point_of_interest,ChIJpQMYY2qXc0MRRj17QwSFzVg,оптовая база продуктов питания,check
Союз оптовиков отдел No 31,"ул. 30 лет Победы, 53, Сургут, Ханты-Мансийский автономный округ, 628403",Сургут,Сургут,Ханты-Мансийский АО,Russia,61.25986099999999,73.456456,4.4,384,OPERATIONAL,clothing_store|establishment|point_of_interest|store,ChIJPTsw94OXc0MR9B4p05y0xT0,оптовый продовольственный рынок,yes
Сургут-Торг,"ул. 30 лет Победы, 19, Сургут, Ханты-Мансийский автономный округ, 628403",Сургут,Сургут,Ханты-Мансийский АО,Russia,61.2531071,73.4222683,,,OPERATIONAL,establishment|food|point_of_interest,ChIJGUfXpGOXc0MRz9jrjiDxyVM,оптовая база продуктов питания,check
Тайский фрукт,"ул. Гагарина, 12, Сургут, Ханты-Мансийский автономный округ, 628408",Сургут,Сургут,Ханты-Мансийский АО,Russia,61.2349597,73.3996682,5,1,OPERATIONAL,establishment|point_of_interest,ChIJ19QatfqZc0MRyBDOLWf6N18,оптовый продовольственный рынок,check
ТД Партнер. Оптовая продажа продуков,"ул. Рационализаторов, 5, Сургут, Ханты-Мансийский автономный округ, 628401",Сургут,Сургут,Ханты-Мансийский АО,Russia,61.257492,73.4790573,5,1,OPERATIONAL,establishment|point_of_interest,ChIJTTZLjImXc0MRMPliikM01kk,оптовый продовольственный рынок,yes
"ТоргИнвест,","ул. Рационализаторов, 20, Сургут, Ханты-Мансийский автономный округ, 628401",Сургут,Сургут,Ханты-Мансийский АО,Russia,61.24968399999999,73.48024800000002,,,OPERATIONAL,establishment|food|point_of_interest,ChIJURDG1CWYc0MRnql9ialKglo,плодоовощная база оптовая,check
Фермерские угодья,"ул. Энергетиков, 26, Сургут, Ханты-Мансийский автономный округ, 628408",Сургут,Сургут,Ханты-Мансийский АО,Russia,61.24429609999999,73.3975908,,,OPERATIONAL,establishment|food|grocery_or_supermarket|point_of_interest|store,ChIJPWibi-KZc0MRgS092KavdwI,сельскохозяйственный рынок,check
Центральный Рынок,"ул. Островского, 14/1, Сургут, Ханты-Мансийский автономный округ, 628417",Сургут,Сургут,Ханты-Мансийский АО,Russia,61.2583333,73.3994444,4.3,879,OPERATIONAL,establishment|food|grocery_or_supermarket|point_of_interest|store,ChIJNxMB1EKXc0MRQRC0f1Txk5Y,оптовый продовольственный рынок,yes
FOODMARKET11,"ул. Чкалова, 50/6, Сыктывкар, Респ. Коми, 167031",Сыктывкар,Сыктывкар,Республика Коми,Russia,61.6792622,50.8056585,,,OPERATIONAL,establishment|food|point_of_interest,ChIJAQDzPSkr9kMR4mS1t88QFLc,оптовая база продуктов питания,yes
"АО ""Сыктывкарский ЛВЗ""","Печорская 69, Сыктывкар, Респ. Коми, 167983",Сыктывкар,Сыктывкар,Республика Коми,Russia,61.6824901,50.79508389999999,4.7,23,OPERATIONAL,establishment|liquor_store|point_of_interest|store,ChIJ99JXLNQq9kMR49UqIrKmtXw,оптовая база продуктов питания,check
Березка,"1-я Промышленная ул., 29, Сыктывкар, Респ. Коми, 167000",Сыктывкар,Сыктывкар,Республика Коми,Russia,61.7270309,50.7696974,4.6,5,OPERATIONAL,establishment|food|meal_delivery|point_of_interest,ChIJcz_IDyor9kMRfU5Sf-nyMa0,оптовая база продуктов питания,check
Веждино Торговый Комплекс,"ул. Славы, 8, Сыктывкар, Респ. Коми, 167026",Сыктывкар,Сыктывкар,Республика Коми,Russia,61.7825491,50.7548081,4.3,156,OPERATIONAL,establishment|point_of_interest|shopping_mall,ChIJ_____zMr9kMR6BM-bzqnnH4,сельскохозяйственный рынок,check
Индейка,"ул. Чкалова, 50/4, Сыктывкар, Респ. Коми, 167031",Сыктывкар,Сыктывкар,Республика Коми,Russia,61.677407,50.8053499,,,OPERATIONAL,establishment|food|point_of_interest,ChIJmaGxMNXU90MRItpWDuibbzQ,оптовая база продуктов питания,check
ИП Тютюнник Д.А.,"ул. Чкалова, 50/18, Сыктывкар, Респ. Коми, 167000",Сыктывкар,Сыктывкар,Республика Коми,Russia,61.68003599999999,50.8048701,4.5,2,OPERATIONAL,establishment|point_of_interest|store,ChIJ_____zMr9kMRQ9H2ePfkoXU,оптовый продовольственный рынок,check
"Иран, оптово-розничный магазин","ул. Карла Маркса, 213, Сыктывкар, Респ. Коми, 167000",Сыктывкар,Сыктывкар,Республика Коми,Russia,61.6703249,50.8221785,4.7,3,OPERATIONAL,establishment|food|furniture_store|grocery_or_supermarket|home_goods_store|point_of_interest|store,ChIJJ5jMszIr9kMRPILN77MSvIQ,оптовая база продуктов питания,yes
"КДЛ,","Лесопарковая ул., 32, Сыктывкар, Респ. Коми, 168220",Сыктывкар,Сыктывкар,Республика Коми,Russia,61.64329499999999,50.791149,1,1,OPERATIONAL,establishment|point_of_interest,ChIJdzwFopPU90MRN7CVt8tVNiM,оптовая база продуктов питания,check
Кутей Е.А. ИП,"Октябрьский пр., 125/7, Сыктывкар, Респ. Коми, 167000",Сыктывкар,Сыктывкар,Республика Коми,Russia,61.6835953,50.8075652,,,OPERATIONAL,establishment|point_of_interest,ChIJ_____zMr9kMRpOPpSVnzTRc,оптовая база продуктов питания,check
Мегаполис Сыктывкар,"ул. Дырнос, 98, 2 этаж, Сыктывкар, Респ. Коми, 167000",Сыктывкар,Сыктывкар,Республика Коми,Russia,61.6748618,50.7855256,,,OPERATIONAL,establishment|food|point_of_interest,ChIJhYsFPyjV90MRQfcImWENC84,оптовая база продуктов питания,check
Народный,"ул. Малышева, 1, Сыктывкар, Респ. Коми, 167005",Сыктывкар,Сыктывкар,Республика Коми,Russia,61.6891759,50.82120279999999,4.1,434,OPERATIONAL,establishment|point_of_interest|shopping_mall,ChIJZVJ3Vdcq9kMRRlMpricB4Vs,оптовый продовольственный рынок,check
"НОВЫЙ СКЛАД, продовольственный магазин","Октябрьский пр., 129/4, Сыктывкар, Респ. Коми, 167000",Сыктывкар,Сыктывкар,Республика Коми,Russia,61.6859384,50.8065777,4.4,57,OPERATIONAL,establishment|food|grocery_or_supermarket|point_of_interest|store,ChIJg3EeCZgq9kMRJMw1csC8jtA,оптовый продовольственный рынок,yes
"НОРД-ОПТ, оптово-розничный магазин","Октябрьский пр., 158, Сыктывкар, Респ. Коми, 167031",Сыктывкар,Сыктывкар,Республика Коми,Russia,61.67987129999999,50.8088547,5,1,OPERATIONAL,establishment|point_of_interest,ChIJIdlvtdYq9kMR1h5kAF6uNU4,оптовая база продуктов питания,yes
"ООО ""Конкурент""","Октябрьский пр., 127/1, Сыктывкар, Респ. Коми, 167005",Сыктывкар,Сыктывкар,Республика Коми,Russia,61.68583099999999,50.8057899,5,1,OPERATIONAL,establishment|food|point_of_interest,ChIJv5JTKNQq9kMR_kLZAQ1k-4s,оптовая база продуктов питания,check
Оптовая База,"ул. Чкалова, 50, Сыктывкар, Респ. Коми, 167000",Сыктывкар,Сыктывкар,Республика Коми,Russia,61.677694,50.805353,4.2,289,OPERATIONAL,establishment|food|point_of_interest,ChIJhzmHOtXU90MR9xz6OROiIDQ,оптовый продовольственный рынок,yes
"Оптовая компания, ИП Смирнов М.И.","ул. Морозова, 117, Сыктывкар, Респ. Коми, 167023",Сыктывкар,Сыктывкар,Республика Коми,Russia,61.64668200000001,50.8000479,,,OPERATIONAL,establishment|point_of_interest,ChIJgeBeoJXU90MRtv_S7t_dnK4,оптовая база продуктов питания,yes
ОПТОВЫЙ СКЛАД ФРУКТОВ И ОВОЩЕЙ,"ул. Чкалова, 50, склад 1, Сыктывкар, Респ. Коми, 167031",Сыктывкар,Сыктывкар,Республика Коми,Russia,61.67773099999999,50.805333,,,OPERATIONAL,establishment|food|grocery_or_supermarket|point_of_interest|store,ChIJcz_IDyor9kMRtUDH7wVRLTA,оптовый продовольственный рынок,yes
Поморье Опт,"ул.Лесопарковая, д.61 офис 14, Сыктывкар, Респ. Коми, 167000",Сыктывкар,Сыктывкар,Республика Коми,Russia,61.6373176,50.7937774,,,OPERATIONAL,establishment|point_of_interest,ChIJtSb-M5DU90MREJBg2DVgKgA,оптовая база продуктов питания,yes
Пригородный,"Тентюковская ул., 425a, Сыктывкар, Респ. Коми, 167014",Сыктывкар,Сыктывкар,Республика Коми,Russia,61.7028164,50.8104069,4.3,387,OPERATIONAL,establishment|food|point_of_interest|store,ChIJ_8x0ZcEq9kMRCOpEL7MRxC0,оптовый продовольственный рынок,check
Путина,"ул. Печорская, 68, Сыктывкар, Респ. Коми, 167000",Сыктывкар,Сыктывкар,Республика Коми,Russia,61.6841448,50.7907117,4.6,14,OPERATIONAL,establishment|food|point_of_interest,ChIJcz_IDyor9kMRo8zBQo_FtuM,оптовая база продуктов питания,check
"Региональная торговая компания, Сыктывкар","Печорский пер., 14/1, Сыктывкар, Респ. Коми, 167005",Сыктывкар,Сыктывкар,Республика Коми,Russia,61.684198,50.796854,,,OPERATIONAL,establishment|food|point_of_interest,ChIJC9avHikr9kMRIK_K6HqX4CE,оптовая база продуктов питания,check
Северный рай,"ул. Карла Маркса, д 192, Сыктывкар, Респ. Коми, 167000",Сыктывкар,Сыктывкар,Республика Коми,Russia,61.67278649999999,50.82042449999999,3.7,325,OPERATIONAL,establishment|point_of_interest|shopping_mall,ChIJHwntQy0r9kMRTBQy4-VAgGA,сельскохозяйственный рынок,check
"СППССК ""Комирыба""","ул. Колхозная, 42, Сыктывкар, Респ. Коми, 167000",Сыктывкар,Сыктывкар,Республика Коми,Russia,61.6545858,50.8416098,3.7,3,OPERATIONAL,establishment|food|point_of_interest|store,ChIJcz_IDyor9kMRLpysy5ZCjp4,сельскохозяйственный рынок,check
Сыктывкарский молочный завод,"ул. Печорская, 71, Сыктывкар, Респ. Коми, 167000",Сыктывкар,Сыктывкар,Республика Коми,Russia,61.6821171,50.794742,4.4,20,OPERATIONAL,establishment|food|point_of_interest,ChIJ_____zMr9kMRz6KOP1w1Sq0,оптовая база продуктов питания,check
Фрукты Овощи Сыктывкар Оптовая база Чкалова дом 50 склад № 6 Фруктовый рай,"улица Чкалова дом 50 склад № 6, Сыктывкар, Респ. Коми, 167000",Сыктывкар,Сыктывкар,Республика Коми,Russia,61.67816719999999,50.8102428,4,1,OPERATIONAL,establishment|food|point_of_interest|store,ChIJUfeAtdYr9kMRJ8Vpp_QkDrs,оптовый продовольственный рынок,yes
Центральный крытый рынок,"ул. Морозова, 202, Сыктывкар, Респ. Коми, 167002",Сыктывкар,Сыктывкар,Республика Коми,Russia,61.638933,50.819883,3.9,126,OPERATIONAL,establishment|point_of_interest,ChIJ1_Gxk5fU90MRO-jG-NmJntU,оптовый продовольственный рынок,yes
"""Ярмарка"",Магазин-склад.","ул. Фрунзе, 79/5, Таганрог, Ростовская обл., 347900",Таганрог,Таганрог,Ростовская область,Russia,47.2228177,38.9134211,4,6,OPERATIONAL,establishment|point_of_interest,ChIJ5d_EoDz940ARf0Iyr07RO4Q,оптовая база продуктов питания,yes
Beer Shop,"ул. Москатова, 15А, Таганрог, Ростовская обл., 347924",Таганрог,Таганрог,Ростовская область,Russia,47.26219039999999,38.9191489,4.1,19,OPERATIONAL,establishment|point_of_interest,ChIJoZeqP0JY4UARYCK4XW4NnSI,оптовая база продуктов питания,check
Beer Shop,"ул. Лесная Биржа, 18а, Таганрог, Ростовская обл., 347905",Таганрог,Таганрог,Ростовская область,Russia,47.2219529,38.932497,5,1,OPERATIONAL,establishment|point_of_interest,ChIJr-cU-Ev940ARgGBLzt05KDI,оптовая база продуктов питания,check
Beer Shop,"Спартаковский пер., Москва, Таганрог, Ростовская обл., 347935",Таганрог,Таганрог,Ростовская область,Russia,47.21704800000001,38.9231153,4.2,5,OPERATIONAL,establishment|point_of_interest,ChIJAxQ80EX940ARQaQjSm4_r8o,оптовая база продуктов питания,check
Аквалайф,"Александровская ул., 85, Таганрог, Ростовская обл., 347935",Таганрог,Таганрог,Ростовская область,Russia,47.2147549,38.9194791,5,2,OPERATIONAL,establishment|food|point_of_interest|store,ChIJ27CV-UP940ARJu4JR4noz8A,оптовая база продуктов питания,check
Анталия,"Поляковское ш., 12, Таганрог, Ростовская обл., 347926",Таганрог,Таганрог,Ростовская область,Russia,47.214076,38.8747212,4.6,5,OPERATIONAL,establishment|point_of_interest,ChIJoW6k8eBX4UAR3OVdt4oL5aU,плодоовощная база оптовая,check
Березка,"ул. Москатова, 31, Таганрог, Ростовская обл., 347900",Таганрог,Таганрог,Ростовская область,Russia,47.2592605,38.911681,4.1,480,OPERATIONAL,establishment|point_of_interest|shopping_mall,ChIJoW6k8eBX4UARxtzDVF_i1qk,оптовый продовольственный рынок,check
Вещевой Рынок,"ул. Москатова, 31, Таганрог, Ростовская обл., 347924",Таганрог,Таганрог,Ростовская область,Russia,47.2572057,38.911348,4.7,3,OPERATIONAL,establishment|point_of_interest,ChIJAaIblT9Y4UARaAh4U1QwMlE,оптовый продовольственный рынок,yes
Ириска,"Котлостроительная ул., 25/1, Таганрог, Ростовская обл., 347910",Таганрог,Таганрог,Ростовская область,Russia,47.2437433,38.8951354,4.4,156,OPERATIONAL,bakery|establishment|food|point_of_interest|store,ChIJk-qKlR9Y4UAR6l_-1uqqg0s,оптовая база продуктов питания,check
Красный мак,"Петровская ул., 68а, Таганрог, Ростовская обл., 347900",Таганрог,Таганрог,Ростовская область,Russia,47.2129236,38.9332985,4.4,1645,OPERATIONAL,bakery|establishment|food|point_of_interest|restaurant|store,ChIJpfJFUjj940ARYHUe9TbOmzs,оптовая база продуктов питания,check
"Магазин- склад ""Мука-крупы""","пер. 7-й Новый, 79, Таганрог, Ростовская обл., 347900",Таганрог,Таганрог,Ростовская область,Russia,47.2760576,38.9055289,,,OPERATIONAL,establishment|point_of_interest,ChIJ-ydWEFNY4UARqGcjW8Q2XVc,оптовая база продуктов питания,check
Магазин-склад,"Николаевское ш., 3, Таганрог, Ростовская обл., 347913",Таганрог,Таганрог,Ростовская область,Russia,47.24982319999999,38.8769137,4.5,10,OPERATIONAL,establishment|food|grocery_or_supermarket|point_of_interest|store,ChIJo7ySJShY4UAR_WxrIc6tc9U,оптовый продовольственный рынок,check
Николаевский,"Таганрог, Ростовская обл., 347913",Таганрог,Таганрог,Ростовская область,Russia,47.2411659,38.8850597,4.1,1371,OPERATIONAL,establishment|point_of_interest,ChIJoW6k8eBX4UARifJab5qnoNw,оптовый продовольственный рынок,check
Овощи - фрукты,"ул. Урицкого, 20, Таганрог, Ростовская обл., 347900",Таганрог,Таганрог,Ростовская область,Russia,47.2643867,38.9280313,4.2,42,OPERATIONAL,establishment|food|grocery_or_supermarket|point_of_interest|store,ChIJs1Hs6mdY4UARh_IkUcCs5Q4,плодоовощная база оптовая,check
Овощная лавка,"ул. Ломоносова, 53Б, Таганрог, Ростовская обл., 347932",Таганрог,Таганрог,Ростовская область,Russia,47.22565549999999,38.8758431,5,4,OPERATIONAL,establishment|food|grocery_or_supermarket|point_of_interest|store,ChIJm005RKZX4UARokBm6eXvXjU,плодоовощная база оптовая,check
Овощная лавка,"ул. Чехова, Таганрог, Ростовская обл., 347939",Таганрог,Таганрог,Ростовская область,Russia,47.2189122,38.858312,,,OPERATIONAL,establishment|point_of_interest|store,ChIJkyDgBclX4UARnDycMakvf_Y,плодоовощная база оптовая,check
Овощной магазин,"Украинский пер., 28А, Таганрог, Ростовская обл., 347900",Таганрог,Таганрог,Ростовская область,Russia,47.2082272,38.9339981,4,2,OPERATIONAL,establishment|food|grocery_or_supermarket|point_of_interest|store,ChIJweZFEzz940AREu30NiSwQxs,плодоовощная база оптовая,check
Опт-Торг,"Поляковское ш., 2, Таганрог, Ростовская обл., 347939",Таганрог,Таганрог,Ростовская область,Russia,47.213891,38.874857,,,OPERATIONAL,establishment|point_of_interest,ChIJ1zzrxdBX4UAR0-Oc54Ho7i4,оптовая база продуктов питания,yes
Привокзальный Рынок,"ул. Москатова, 6, Таганрог, Ростовская обл., 347909",Таганрог,Таганрог,Ростовская область,Russia,47.2622243,38.9170393,4.2,29,OPERATIONAL,establishment|point_of_interest,ChIJZ7PkR0JY4UARB3Zby-I1dU8,оптовый продовольственный рынок,yes
Пчелка,"Дачная ул., 82/11, Таганрог, Ростовская обл., 347943",Таганрог,Таганрог,Ростовская область,Russia,47.27639980000001,38.9047266,3,4,OPERATIONAL,establishment|food|point_of_interest,ChIJye8bPVNY4UAR_vtWOQN2VHE,оптовая база продуктов питания,check
Радуга,"Гоголевский пер., 4А, Таганрог, Ростовская обл., 347900",Таганрог,Таганрог,Ростовская область,Russia,47.2189713,38.9192428,4.3,2196,OPERATIONAL,establishment|point_of_interest|shopping_mall,ChIJy_pALkX940AREnvo6B_SVdU,оптовый продовольственный рынок,check
Русское поле,"ул. Чехова, 320В, Таганрог, Ростовская обл., 347900",Таганрог,Таганрог,Ростовская область,Russia,47.2214913,38.8671201,4.2,2545,OPERATIONAL,establishment|point_of_interest,ChIJBQh-hsZX4UAR0DG9ECByhr4,оптовый продовольственный рынок,check
Рынок,"Николаевское ш., 1, Таганрог, Ростовская обл., 347913",Таганрог,Таганрог,Ростовская область,Russia,47.2480681,38.8791476,3,2,OPERATIONAL,establishment|food|point_of_interest,ChIJUSmjzK9Z4UARmpAZo8oLJD8,оптовый продовольственный рынок,yes
Рынок Сельскохозяйственный,"ул. Москатова, 6, Таганрог, Ростовская обл., 347924",Таганрог,Таганрог,Ростовская область,Russia,47.2621717,38.91737579999999,4.2,94,OPERATIONAL,establishment|point_of_interest|shopping_mall,ChIJrXEZq-ZZ4UARZvRTJHPnc3M,сельскохозяйственный рынок,yes
Таганрогская Кондитерская Фабрика,"Поляковское ш., 14, Таганрог, Ростовская обл., 347900",Таганрог,Таганрог,Ростовская область,Russia,47.2142182,38.8725868,4.5,41,OPERATIONAL,establishment|food|point_of_interest|store,ChIJoW6k8eBX4UARiKsaxFJX38I,оптовая база продуктов питания,check
"Таганрогская Фабрика Мороженого ООО ""К° Успех""","Котлостроительная ул., 37/28, Таганрог, Ростовская обл., 347910",Таганрог,Таганрог,Ростовская область,Russia,47.2503581,38.88865089999999,3.4,5,OPERATIONAL,establishment|food|point_of_interest,ChIJoW6k8eBX4UAR0BGGFq0U6Ro,оптовая база продуктов питания,check
Таганрогский мясокомбинат,"Социалистическая ул., 153/2, Таганрог, Ростовская обл., 347909",Таганрог,Таганрог,Ростовская область,Russia,47.2495741,38.9312742,3.8,20,OPERATIONAL,establishment|food|point_of_interest,ChIJ5dJIuQxY4UARdYn_oWBTfCk,оптовая база продуктов питания,check
ТД Лаптев,"Поляковское ш., 49/5, Таганрог, Ростовская обл., 347939",Таганрог,Таганрог,Ростовская область,Russia,47.2055206,38.856697,4.5,31,OPERATIONAL,establishment|food|point_of_interest,ChIJIVY62i1W4UARoBMxmL6bf74,плодоовощная база оптовая,check
Фруктовый черешневый сад Таганрог КФХ,"37/19, 304, Котлостроительная ул., Таганрог, Ростовская обл., 347913",Таганрог,Таганрог,Ростовская область,Russia,47.25016830000001,38.8910382,5,1,OPERATIONAL,establishment|food|grocery_or_supermarket|point_of_interest|store,ChIJ62Wg-mhZ4UARfzcEi3FpKZY,плодоовощная база оптовая,check
Центральный рынок,"Гоголевский пер., 29А, Таганрог, Ростовская обл., 347900",Таганрог,Таганрог,Ростовская область,Russia,47.21247409999999,38.9163235,4.1,5128,OPERATIONAL,establishment|point_of_interest,ChIJKSiaJkL940ARHhHNIiA16qA,оптовый продовольственный рынок,yes
Юта,"Александровская ул., 128, Таганрог, Ростовская обл., 347900",Таганрог,Таганрог,Ростовская область,Russia,47.218902,38.91155670000001,3.2,16,OPERATIONAL,establishment|food|point_of_interest|store,ChIJl43FPfpX4UAR5gjmFn38Mfw,оптовый продовольственный рынок,check
Айстек,"Клубная ул., 3, Тамбов, Тамбовская обл., 392021",Тамбов,Тамбов,Тамбовская область,Russia,52.688574,41.473458,,,OPERATIONAL,establishment|point_of_interest,ChIJ4yngD5EVOUERVJBkcRrvcNA,оптовая база продуктов питания,check
"Дистрибьюторская компания ""Русич""","пр-д Энергетиков, 30, Тамбов, Тамбовская обл., 392030",Тамбов,Тамбов,Тамбовская область,Russia,52.758423,41.469548,5,1,OPERATIONAL,establishment|food|point_of_interest,ChIJ4ywn78MWOUERJyxAbezx200,оптовая база продуктов питания,check
ИП Спицын,"Астраханская ул., 164 б, Тамбов, Тамбовская обл., 392000",Тамбов,Тамбов,Тамбовская область,Russia,52.68660879999999,41.463742,,,OPERATIONAL,establishment|point_of_interest,ChIJRd1UKj8VOUERiuyv0wS2few,оптовая база продуктов питания,check
"Колбасный двор, ООО","ул, Бастионная ул., 29 ""Г, Тамбов, Тамбовская обл., 392000",Тамбов,Тамбов,Тамбовская область,Russia,52.74110289999999,41.3722749,5,4,OPERATIONAL,establishment|food|point_of_interest|restaurant|store,ChIJ_cw48D0UOUERe8YyXBJInEw,оптовый продовольственный рынок,check
Мелкооптовый Рынок,"Клубная ул., д. 1, Тамбов, Тамбовская обл., 392021",Тамбов,Тамбов,Тамбовская область,Russia,52.6888101,41.4742447,4,1,OPERATIONAL,establishment|point_of_interest,ChIJX9BqDZEVOUERTJhX7DmsUGY,оптовый продовольственный рынок,yes
Миронов ИП,"ул. Степная, 82, Тамбов, Тамбовская обл., 392032",Тамбов,Тамбов,Тамбовская область,Russia,52.7412939,41.4185988,,,OPERATIONAL,establishment|point_of_interest,ChIJXQuoElUROUERoMPwoHRbROM,оптовая база продуктов питания,check
Молочный Мир,"ул. Ипподромная, 5 А, Тамбов, Тамбовская обл., 392000",Тамбов,Тамбов,Тамбовская область,Russia,52.7327509,41.4190592,5,11,OPERATIONAL,establishment|food|point_of_interest,ChIJjX1vqBAUOUERCt_5GeLTz7I,оптовая база продуктов питания,check
"ОАО ""Тамбовский хлебокомбинат""","ул. Володарского, 57, Тамбов, Тамбовская обл., 392008",Тамбов,Тамбов,Тамбовская область,Russia,52.7385021,41.4569798,4.4,67,OPERATIONAL,establishment|food|point_of_interest,ChIJYcYFjZsWOUERSt71IwfB9LA,оптовая база продуктов питания,check
"ООО ""Жупиков""","Бастионная ул., 25, Тамбов, Тамбовская обл., 392029",Тамбов,Тамбов,Тамбовская область,Russia,52.743634,41.3703917,4.3,27,OPERATIONAL,establishment|food|point_of_interest,ChIJP-1WBe0TOUEROGxwLf-n4UQ,оптовая база продуктов питания,check
"ООО ""Межрайоптторг""","ул. Карла Маркса, 150/14, Тамбов, Тамбовская обл., 392000",Тамбов,Тамбов,Тамбовская область,Russia,52.7241554,41.450901,4.6,38,OPERATIONAL,establishment|point_of_interest,ChIJjd5HHiwUOUERQvnR0VWxl5g,оптовая база продуктов питания,yes
Оптово-Розничный Рынок,"Клубная ул., 15, Тамбов, Тамбовская обл., 392012",Тамбов,Тамбов,Тамбовская область,Russia,52.6890782,41.4683787,4.4,34,OPERATIONAL,establishment|point_of_interest,ChIJ_4nIL5cVOUERmI7ny6GzMo0,оптовый продовольственный рынок,yes
Орбита,"ул. Кавалерийская, 13, Тамбов, Тамбовская обл., 392000",Тамбов,Тамбов,Тамбовская область,Russia,52.72680500000001,41.42383299999999,5,6,OPERATIONAL,establishment|food|point_of_interest|store,ChIJGZw6-D0UOUERjub3OqWFdM4,оптовая база продуктов питания,check
Парус Торговый Дом,"ул. Ипподромная, 6 К, Тамбов, Тамбовская обл., 392028",Тамбов,Тамбов,Тамбовская область,Russia,52.7311997,41.4150961,5,6,OPERATIONAL,establishment|food|point_of_interest,ChIJoWOYJBEUOUERMPM4aD_EVbc,оптовая база продуктов питания,check
продуктовый рынок,"Unnamed Road, Тамбов, Тамбовская обл., 392008",Тамбов,Тамбов,Тамбовская область,Russia,52.7378462,41.4566799,4.7,3,OPERATIONAL,establishment|food|grocery_or_supermarket|point_of_interest|store,ChIJw3Qg5ZsWOUERRzTk4m6krSA,оптовый продовольственный рынок,yes
РОСКО,"ул. Авиационная, 150-Б, Тамбов, Тамбовская обл., 392028",Тамбов,Тамбов,Тамбовская область,Russia,52.7330574,41.4014421,5,3,OPERATIONAL,establishment|food|point_of_interest,ChIJ3bqByw0UOUERjt9kDz7g2DY,оптовый продовольственный рынок,check
Рыба оптом,"Клубная ул., 1, Тамбов, Тамбовская обл., 392021",Тамбов,Тамбов,Тамбовская область,Russia,52.688827,41.4742413,,,OPERATIONAL,establishment|food|point_of_interest|store,ChIJOX2fKB4VOUERN6wrhPQSFN8,оптовый продовольственный рынок,yes
Рынок,"Пензенская ул., Тамбов, Тамбовская обл., 392020",Тамбов,Тамбов,Тамбовская область,Russia,52.7327,41.4433419,4.5,4,OPERATIONAL,establishment|point_of_interest,ChIJF8XjICEUOUERVTf_gf_Jzsk,сельскохозяйственный рынок,yes
Сахар & Мука,"ул. Ипподромная, 11а, Тамбов, Тамбовская обл., 392024",Тамбов,Тамбов,Тамбовская область,Russia,52.73510959999999,41.4160045,,,OPERATIONAL,establishment|point_of_interest,ChIJDVhXd_YVOUERMkWiKA7Z26I,оптовый продовольственный рынок,check
Т.Ц. Крытый рынок,"ул. Коммунальная, 21, Тамбов, Тамбовская обл., 392000",Тамбов,Тамбов,Тамбовская область,Russia,52.72245359999999,41.4428117,4,501,OPERATIONAL,establishment|point_of_interest|shopping_mall,ChIJ56XUFjAUOUER46zR8hqbi8I,оптовый продовольственный рынок,yes
ТамбовРыба,"Пограничный пр-д, Тамбов, Тамбовская обл., 392524",Тамбов,Тамбов,Тамбовская область,Russia,52.6969367,41.4433665,4.4,126,OPERATIONAL,establishment|food|point_of_interest|store,ChIJLQFGXK4VOUERTXSns1LMUMs,оптовый продовольственный рынок,check
Тамбовская Бакалейная База,"Бастионная ул., 25, Тамбов, Тамбовская обл., 392029",Тамбов,Тамбов,Тамбовская область,Russia,52.743634,41.370392,4.5,11,OPERATIONAL,establishment|point_of_interest|store,ChIJP-1WBe0TOUERPZ81WB0mhnE,оптовый продовольственный рынок,yes
Тамбовские разносолы,"Пограничный пр-д, дом 2, офис 2, Тамбов, Тамбовская обл., 392000",Тамбов,Тамбов,Тамбовская область,Russia,52.6969613,41.4433748,2,4,OPERATIONAL,establishment|food|point_of_interest,ChIJNTMF468VOUERu80U_d1dv0o,оптовый продовольственный рынок,check
Тамбовский Центральный Рынок,"ул. Коммунальная, 21а, Тамбов, Тамбовская обл., 392000",Тамбов,Тамбов,Тамбовская область,Russia,52.7229141,41.446867,3.9,2279,OPERATIONAL,establishment|point_of_interest,ChIJjd5HHiwUOUER_eAq5Nx_-m0,оптовый продовольственный рынок,yes
Триал Маркет,"б-р Строителей, д.2, Тамбов, Тамбовская обл., 392016",Тамбов,Тамбов,Тамбовская область,Russia,52.7533569,41.4564323,4.5,13,OPERATIONAL,establishment|point_of_interest|store,ChIJZwRI7MUVOUERdnUyJ_wkEeg,оптовая база продуктов питания,check
"Фермерский Рынок ""Сытный Базар""","ул. Мичуринская, 191В, Тамбов, Тамбовская обл., 392024",Тамбов,Тамбов,Тамбовская область,Russia,52.7608573,41.40323679999999,4.4,295,OPERATIONAL,establishment|point_of_interest,ChIJcz9UaloROUERNZN5hWgYMVE,оптовый продовольственный рынок,yes
"Фруктово-овощная база, ИП Мамедов Ш.Г.","ул. Ипподромная, 6ц, Тамбов, Тамбовская обл., 392037",Тамбов,Тамбов,Тамбовская область,Russia,52.7336794,41.4170926,,,OPERATIONAL,establishment|point_of_interest,ChIJezhMmxAUOUERe-RdivnTmWw,плодоовощная база оптовая,yes
"Фруктовый мир, фрукты и овощи оптом","б, ул. Ипподромная, 2, Тамбов, Тамбовская обл., 392037",Тамбов,Тамбов,Тамбовская область,Russia,52.7296008,41.4215953,4.1,14,OPERATIONAL,establishment|food|grocery_or_supermarket|point_of_interest|store,ChIJ0TG2ThcUOUERKrNlN_iA1K8,оптовый продовольственный рынок,yes
Акватория,"ул. Химинститута пос., 46, Тверь, Тверская обл., 170032",Тверь,Тверь,Тверская область,Russia,56.7965259,36.0339161,3.3,7,OPERATIONAL,establishment|food|point_of_interest,ChIJh5McoVqAtkYRR5izHrs9l6I,оптовая база продуктов питания,check
Альфаторг,"ул. Коминтерна, 81, Тверь, Тверская обл., 170028",Тверь,Тверь,Тверская область,Russia,56.830945,35.9089878,5,2,OPERATIONAL,establishment|food|point_of_interest,ChIJlf4G8BWHtkYRirRqboMI4aA,оптовая база продуктов питания,check
Вещевой Рынок,"Молодежный бул., 6, Тверь, Тверская обл., 170039",Тверь,Тверь,Тверская область,Russia,56.88256329999999,35.8378959,3.7,11,OPERATIONAL,establishment|point_of_interest,ChIJQdOP5imGtkYRjQo7-EUIad0,оптовый продовольственный рынок,yes
Дмитрогорский продукт,"Луначарского ул., 1, Тверь, Тверская обл., 170003",Тверь,Тверь,Тверская область,Russia,56.8757487,35.8513783,4.2,9,OPERATIONAL,establishment|food|point_of_interest|store,ChIJ04ff9S2GtkYRV0ZgjYSG7KA,оптовый продовольственный рынок,check
Дмитрогорский Продукт,"ул. Коминтерна, 87-а, Тверь, Тверская обл., 170028",Тверь,Тверь,Тверская область,Russia,56.82824799999999,35.916716,4,1,OPERATIONAL,establishment|food|point_of_interest|store,ChIJX5MOuz6HtkYRaJ_jUUeqlJo,оптовая база продуктов питания,check
ИП Козлов С.А.,"б-р Цанова, 8, Тверь, Тверская обл., 170033",Тверь,Тверь,Тверская область,Russia,56.83063319999999,35.9146412,4.4,108,OPERATIONAL,establishment|food|grocery_or_supermarket|point_of_interest|store,ChIJ83MD6D2HtkYRUE3peA1AjnY,оптовый продовольственный рынок,check
Комплексные поставки,"Новоторжская ул., 18, корп.1, Тверь, Тверская обл., 170100",Тверь,Тверь,Тверская область,Russia,56.8584482,35.9125683,5,1,OPERATIONAL,establishment|point_of_interest,ChIJGSJjafmGtkYRaT-qKD5owBc,плодоовощная база оптовая,check
"Кондитерская фабрика ""Победа""","Чайковского просп., 23, Тверь, Тверская обл., 170002",Тверь,Тверь,Тверская область,Russia,56.84422,35.900182,,,OPERATIONAL,establishment|food|point_of_interest|store,ChIJAayj3C2HtkYRPKG4wKDZiCg,оптовая база продуктов питания,check
Кудашка,"пл. Гагарина, д.1, Тверь, Тверская обл., 170100",Тверь,Тверь,Тверская область,Russia,56.8517918,35.936747,,,OPERATIONAL,establishment|food|point_of_interest,ChIJVVVVVeaGtkYRr-5KInuAcAc,оптовая база продуктов питания,check
КФХ Анкинович,"Тверская обл., Калининский р-он, дер. Прибытково, Тверь, Тверская обл., 170530",Тверь,Тверь,Тверская область,Russia,56.772299,36.101787,5,2,OPERATIONAL,establishment|food|point_of_interest,ChIJPcBzdZAqtEYRH6Eg8RbhNB0,оптовая база продуктов питания,check
МиниРынок,"ул. Хрустальная, 27/65, Тверь, Тверская обл., 170021",Тверь,Тверь,Тверская область,Russia,56.8878464,35.9034735,3.8,51,OPERATIONAL,establishment|point_of_interest,ChIJ1YTL92yGtkYRerO-cAlh86A,оптовый продовольственный рынок,yes
Мираторг,"ул. Спартака, 42Б, Тверь, Тверская обл., 170001",Тверь,Тверь,Тверская область,Russia,56.8525858,35.8812426,1,1,OPERATIONAL,establishment|food|point_of_interest,ChIJoc4bSamHtkYR7hJ7o7A2_Hk,оптовая база продуктов питания,check
Нинэль,"ул. Склизкова, 48, Тверь, Тверская обл., 170033",Тверь,Тверь,Тверская область,Russia,56.839749,35.915971,,,OPERATIONAL,establishment|point_of_interest,ChIJyV9vDxmHtkYRdmSF5Fssm_Q,оптовая база продуктов питания,check
Овощи Фрукты Оптом,"ул. Коминтерна, 87, Тверь, Тверская обл., 170028",Тверь,Тверь,Тверская область,Russia,56.82787099999999,35.9169673,,,OPERATIONAL,establishment|food|point_of_interest|store,ChIJX5MOuz6HtkYRHUIvDK9QSFw,оптовый продовольственный рынок,yes
Овощной рай,"пер. Спортивный, 2 А, Тверь, Тверская обл., 170002",Тверь,Тверь,Тверская область,Russia,56.84158619999999,35.8926774,,,OPERATIONAL,establishment|point_of_interest,ChIJFZf1Bw-HtkYRhoXsVFLlDdY,оптовый продовольственный рынок,check
Овощной рынок,"бул. Шмидта, 40, Тверь, Тверская обл., 170041",Тверь,Тверь,Тверская область,Russia,56.8723152,35.91124660000001,,,OPERATIONAL,establishment|point_of_interest,ChIJDynx87SHtkYRfwL7cotUqAE,оптовый продовольственный рынок,yes
"ООО ""ПРОДТОРГ""","Тверь, бульвар Цанова 8к3 склад №29, Тверь, Тверская обл., 170033",Тверь,Тверь,Тверская область,Russia,56.8313991,35.9131842,,,OPERATIONAL,establishment|point_of_interest,ChIJ2fbx0JmHtkYRPlhxzwr3VOM,оптовый продовольственный рынок,check
"ООО ""ТРиКАФЕ и К""","пр. Калинина, 15, Тверь, Тверская обл., 170001",Тверь,Тверь,Тверская область,Russia,56.85036100000001,35.860277,,,OPERATIONAL,establishment|point_of_interest,ChIJfdNSPbuHtkYRJAOn5aOJkuA,оптовая база продуктов питания,check
"Оптовая Фирма, ИП Аржаев Д.В","2-я Суворова ул., 3, Тверь, Тверская обл., 170002",Тверь,Тверь,Тверская область,Russia,56.8440811,35.891185,3.5,4,OPERATIONAL,establishment|food|point_of_interest,ChIJm-wwqgiHtkYRW2__d3tSelk,оптовая база продуктов питания,yes
Продуктовый Рынок,"наб. Реки Тьмаки, 13, стр, Тверь, Тверская обл., 170006",Тверь,Тверь,Тверская область,Russia,56.8577458,35.89699280000001,1,2,OPERATIONAL,establishment|point_of_interest,ChIJJ1TvDVWGtkYRn78KMf2bsNc,оптовый продовольственный рынок,yes
Продуктовый Склад,"б-р Цанова, 8, корп. 1, Тверь, Тверская обл., 170028",Тверь,Тверь,Тверская область,Russia,56.83116589999999,35.9185944,4,6,OPERATIONAL,establishment|food|grocery_or_supermarket|point_of_interest|store,ChIJcewdUTyHtkYR2Q7sIISCMcQ,оптовый продовольственный рынок,check
Свежая зелень,"ул. Коминтерна, 44, Тверь, Тверская обл., 170028",Тверь,Тверь,Тверская область,Russia,56.8277685,35.9158448,,,OPERATIONAL,establishment|point_of_interest,ChIJl9v0xz6HtkYRTaFlz7EZ5Os,оптовый продовольственный рынок,check
Сельскохозяйственный рынок,"ул. Дмитрия Донского, 2/18А, Тверь, Тверская обл., 170006",Тверь,Тверь,Тверская область,Russia,56.8542559,35.8965187,4,234,OPERATIONAL,establishment|food|grocery_or_supermarket|point_of_interest|store,ChIJKzPAHgCHtkYRsjGXEV1ZeYY,оптовый продовольственный рынок,yes
Тверь-Сервис,"ул. Коминтерна, 85, Тверь, Тверская обл., 170033",Тверь,Тверь,Тверская область,Russia,56.8290753,35.9138616,5,1,OPERATIONAL,establishment|point_of_interest,ChIJgaLNcT6HtkYRjbwWNHOUgec,оптовый продовольственный рынок,check
Тверьмолоко,"ул. Плеханова, 42, Тверь, Тверская обл., 170021",Тверь,Тверь,Тверская область,Russia,56.8938649,35.89394679999999,4.5,4,OPERATIONAL,establishment|food|point_of_interest,ChIJKzbabhKGtkYRzgeB3uaoAcs,оптовая база продуктов питания,check
Темп-XXI век,"Волоколамское ш., 84, Тверь, Тверская обл., 170000",Тверь,Тверь,Тверская область,Russia,56.8248591,35.8805844,5,2,OPERATIONAL,establishment|point_of_interest,ChIJr9sHq2-HtkYRFAiKoz7Nj4Q,оптовый продовольственный рынок,check
"ТРИКАФЕ И К, компания по поставке продуктов питания, официальный дистрибьютер Unilever food solutions","строение 4, пр. Калинина, 15, 5 складское помещение, Тверь, Тверская обл., 170001",Тверь,Тверь,Тверская область,Russia,56.854828,35.868597,,,OPERATIONAL,establishment|point_of_interest,ChIJ2ZHDMrCHtkYR9iw4A_BeyfE,оптовая база продуктов питания,check
Универсальная база,"б-р Цанова, 6, Тверь, Тверская обл., 170033",Тверь,Тверь,Тверская область,Russia,56.8330771,35.911,5,2,OPERATIONAL,establishment|point_of_interest,ChIJl49LWhaHtkYRt124TaGdouA,оптовый продовольственный рынок,yes
"Холдинг ""Афанасий""","ул. Коминтерна, 95, Тверь, Тверская обл., 170028",Тверь,Тверь,Тверская область,Russia,56.825222,35.928392,4.2,99,OPERATIONAL,establishment|food|point_of_interest|store,ChIJEWPsUjeHtkYR1Yee1qVf2fQ,оптовая база продуктов питания,check
ЦЕНТРАЛЬНЫЙ РЫНОК,"5, наб. Реки Тьмаки, 13, Тверь, Тверская обл., 170006",Тверь,Тверь,Тверская область,Russia,56.8544701,35.8997293,,,OPERATIONAL,establishment|point_of_interest,ChIJVZ0x3_-GtkYRF59eXWiiRmA,оптовый продовольственный рынок,yes
ЮПИТЕР,"ул. Коминтерна, 85, к.А, Тверь, Тверская обл., 170033",Тверь,Тверь,Тверская область,Russia,56.8297387,35.9128723,2.3,3,OPERATIONAL,establishment|point_of_interest|storage,ChIJOzMHCzmHtkYRP5TYSJCLROw,оптовый продовольственный рынок,check
belomart,"ул. Мира, 64, Тольятти, Самарская обл., 445010",Тольятти,Тольятти,Самарская область,Russia,53.5075551,49.4077023,5,1,OPERATIONAL,establishment|point_of_interest,ChIJQ_LRTdN4aEERq4EL2GiUg7U,оптовая база продуктов питания,check
Автозаводский рынок,"Революционная ул., 1, Тольятти, Самарская обл., 445024",Тольятти,Тольятти,Самарская область,Russia,53.5411296,49.2819827,4.2,894,OPERATIONAL,atm|establishment|finance|food|grocery_or_supermarket|point_of_interest|store,ChIJT3MT9oh5aEERWxosoyhZrVs,оптовый продовольственный рынок,yes
Агроресурс,"ул. Ларина, 183а, Тольятти, Самарская обл., 445035",Тольятти,Тольятти,Самарская область,Russia,53.5267089,49.4763229,5,1,OPERATIONAL,establishment|food|point_of_interest,ChIJX5ghaTbVZ0ERwCGnIY7r_ik,оптовая база продуктов питания,yes
"БАЗА, сеть промышленных магазинов","Транспортная ул., 24А, Тольятти, Самарская обл., 445043",Тольятти,Тольятти,Самарская область,Russia,53.5567129,49.302632,4.9,27,OPERATIONAL,establishment|food|grocery_or_supermarket|home_goods_store|point_of_interest|store|supermarket,ChIJS7rdjxV3aEER4oQZ48SnArA,оптовый продовольственный рынок,yes
Вега-Продукт,"ул. Базовая, 12 стр.7, Тольятти, Самарская обл., 445054",Тольятти,Тольятти,Самарская область,Russia,53.5178871,49.4784393,4.9,13,OPERATIONAL,establishment|food|point_of_interest,ChIJk4Jl1ld_aEERTkerSVExV2M,оптовый продовольственный рынок,check
Волга Индустрия,"Коммунальная ул., 26-а, Тольятти, Самарская обл., 445141",Тольятти,Тольятти,Самарская область,Russia,53.5624555,49.3148119,4.8,5,OPERATIONAL,establishment|food|point_of_interest,ChIJF-VOHxF3aEERv5kesYU-P1A,оптовая база продуктов питания,check
Воскресенский,"Воскресенская ул., 13, Тольятти, Самарская обл., 445024",Тольятти,Тольятти,Самарская область,Russia,53.5424561,49.28086159999999,4.2,247,OPERATIONAL,establishment|point_of_interest|shopping_mall,ChIJHffBZsJ5aEERB5Qz4CB0qiI,оптовый продовольственный рынок,check
Воскресенский Рынок,"Воскресенская ул. 13, офис 204, Тольятти, Самарская обл., 445000, Тольятти, Самарская обл., 445032",Тольятти,Тольятти,Самарская область,Russia,53.5430602,49.2806212,4.4,22,OPERATIONAL,establishment|point_of_interest,ChIJ1a4OljJ_aEERJpFwH5RSS7A,оптовый продовольственный рынок,yes
Дока-торгсервис,"Комсомольская ул., 88, Тольятти, Самарская обл., 445009",Тольятти,Тольятти,Самарская область,Russia,53.5138109,49.4510078,5,1,OPERATIONAL,establishment|food|point_of_interest,ChIJB2glEk9_aEERoj62CURyYi8,оптовая база продуктов питания,check
"Жито, ООО","108 а, ул. Коммунистическая, г. Тольятти, Самарская обл., Россия 445012, Тольятти, Самарская обл., 445012",Тольятти,Тольятти,Самарская область,Russia,53.4707993,49.5000622,3.8,26,OPERATIONAL,establishment|food|point_of_interest,ChIJt4wubq9_aEERI1OtPKdeGp8,оптовая база продуктов питания,check
Журавль,"ул. Мира, 56, Тольятти, Самарская обл., 445010",Тольятти,Тольятти,Самарская область,Russia,53.50702700000001,49.403042,4.1,1863,OPERATIONAL,establishment|point_of_interest|shopping_mall,ChIJc9oTlNR4aEERyd7ncRIXYCE,оптовый продовольственный рынок,check
Каретный Двор,"ул. Тополиная, 24А, Тольятти, Самарская обл., 445031",Тольятти,Тольятти,Самарская область,Russia,53.54062750000001,49.3441409,3.9,1177,OPERATIONAL,establishment|food|point_of_interest|store,ChIJtwGA8lN4aEERkouYaa0MKG8,сельскохозяйственный рынок,check
Комсомольский Колхозный Рынок,"ул. Громовой, 54А, Тольятти, Самарская обл., 445008",Тольятти,Тольятти,Самарская область,Russia,53.4862109,49.4898213,3.8,488,OPERATIONAL,establishment|point_of_interest,ChIJwau2u59_aEERw2X5NkYmyhM,оптовый продовольственный рынок,yes
Кунеевский рынок,"Лизы Чайкиной ул., 52, Тольятти, Самарская обл., 445008",Тольятти,Тольятти,Самарская область,Russia,53.48108999999999,49.4795334,4,677,OPERATIONAL,establishment|point_of_interest,ChIJE3FoBAp_aEERWNLdbQryn9s,сельскохозяйственный рынок,yes
Мелкооптовый Рынок,"ул. Базовая, 12, Тольятти, Самарская обл., 445054",Тольятти,Тольятти,Самарская область,Russia,53.5195837,49.47776349999999,4.2,320,OPERATIONAL,establishment|food|grocery_or_supermarket|point_of_interest|store|supermarket,ChIJ92oBNY5_aEERszmmp7Fbalc,оптовый продовольственный рынок,yes
МК Холдинг,"Коммунальная ул., 38А, Тольятти, Самарская обл., 445141",Тольятти,Тольятти,Самарская область,Russia,53.5633229,49.3063849,4.7,21,OPERATIONAL,establishment|food|point_of_interest|storage,ChIJH77bBix4aEERRAV90H1Bm9I,оптовая база продуктов питания,check
Мясной рынок,"ул. Базовая, д. 12, Тольятти, Самарская обл., 445054",Тольятти,Тольятти,Самарская область,Russia,53.5197466,49.4776077,,,OPERATIONAL,establishment|food|grocery_or_supermarket|point_of_interest|store,ChIJmYpYyvfVZ0ERLaNtybAjZNc,сельскохозяйственный рынок,yes
"На Ленина, мини-рынок","ул. Ленина, 53, Тольятти, Самарская обл., 445022",Тольятти,Тольятти,Самарская область,Russia,53.532075,49.41114,3.9,19,OPERATIONAL,establishment|point_of_interest,ChIJz1fiZb54aEERHFPZXnrzVqk,сельскохозяйственный рынок,yes
Овощи Оптом,"ул. Вокзальная, 100Б, Тольятти, Самарская обл., 445032",Тольятти,Тольятти,Самарская область,Russia,53.578288,49.2418473,,,OPERATIONAL,establishment|point_of_interest,ChIJAQCsMA53aEERaeEu_Zoqjss,плодоовощная база оптовая,yes
Овощи Оптом,"ул. Базовая, 12, стр. 20, Тольятти, Самарская обл., 445054",Тольятти,Тольятти,Самарская область,Russia,53.5185806,49.4752211,,,OPERATIONAL,establishment|point_of_interest,ChIJNSGzvffVZ0ERT7ke8n8ZNqU,плодоовощная база оптовая,yes
"ООО ""Блиц Агро""","Раздольная ул., Тольятти, Самарская обл., 445100",Тольятти,Тольятти,Самарская область,Russia,53.582856,49.69493,3,2,OPERATIONAL,establishment|point_of_interest,ChIJxc4mD6F_aEERrJVAaDGMgss,оптовая база продуктов питания,yes
"ООО ""ПК ФАБРИКА КАЧЕСТВА""","Тупиковый пр-д, 42, Тольятти, Самарская обл., 445009",Тольятти,Тольятти,Самарская область,Russia,53.5469886,49.43780109999999,4.6,123,OPERATIONAL,establishment|food|point_of_interest|store,ChIJxT_1KRnWZ0ERtYnjG_jwKF8,оптовая база продуктов питания,check
"ООО ""ЮниФлэйкс""","ул. Ларина, 189 строение 2, Тольятти, Самарская обл., 445054",Тольятти,Тольятти,Самарская область,Russia,53.5240698,49.4865098,4.6,14,OPERATIONAL,establishment|point_of_interest,ChIJo4oTWPDVZ0ERIJc1lKzdsv8,оптовая база продуктов питания,check
Пассаж НикЮм,"ул. Горького, 92А, Тольятти, Самарская обл., 445009",Тольятти,Тольятти,Самарская область,Russia,53.5208179,49.4285453,3.8,5,OPERATIONAL,establishment|point_of_interest,ChIJbSsGc9B4aEERfxOpWGopKAI,сельскохозяйственный рынок,check
Продсклад Победа,"ул. Индустриальная, 12, Тольятти, Самарская обл., 445054",Тольятти,Тольятти,Самарская область,Russia,53.5130176,49.454817,4.1,709,OPERATIONAL,establishment|food|grocery_or_supermarket|point_of_interest|store,ChIJQwqzfkV_aEERuMM3iNCi1Vg,оптовый продовольственный рынок,check
ПРОФУД,"Южное ш., 12, Тольятти, Самарская обл., 445044",Тольятти,Тольятти,Самарская область,Russia,53.5527072,49.3192317,5,1,OPERATIONAL,establishment|food|point_of_interest,ChIJdXd4lCt5aEERthKIcdLyjTo,оптовая база продуктов питания,check
Региональная оптовая продуктово-овощная база,"Коммунальная ул., 23, Тольятти, Самарская обл., 445044",Тольятти,Тольятти,Самарская область,Russia,53.557255,49.3158614,,,OPERATIONAL,establishment|point_of_interest,ChIJ95rr1DN4aEER61LcQTAjo1A,плодоовощная база оптовая,yes
Рынок,"Революционная ул., 52В, Тольятти, Самарская обл., 445028",Тольятти,Тольятти,Самарская область,Russia,53.51827230000001,49.2715682,4.2,160,OPERATIONAL,establishment|food|grocery_or_supermarket|point_of_interest|store|supermarket,ChIJG-tZTIh5aEERTKOp9W_v4ng,сельскохозяйственный рынок,yes
Рынок-агро Группа Компаний,"ул. Борковская, 90, Тольятти, Самарская обл., 445000",Тольятти,Тольятти,Самарская область,Russia,53.5424166,49.2836194,3.2,9,OPERATIONAL,establishment|point_of_interest,ChIJCQ9TNoB3aEERxddjK5jF8Mw,сельскохозяйственный рынок,yes
Санчелеевский магазин,"Центральный сельскохозяйственный рынок, Комсомольская ул., 62, Тольятти, Самарская обл., 445009",Тольятти,Тольятти,Самарская область,Russia,53.5180613,49.40906409999999,4.7,7,OPERATIONAL,establishment|food|point_of_interest|store,ChIJOfu5Mc94aEERDlDCgXHjWCs,сельскохозяйственный рынок,check
Сеть магазинов Калинка,"ул. Базовая, 12 строение 31, Тольятти, Самарская обл., 445054",Тольятти,Тольятти,Самарская область,Russia,53.5186775,49.4790842,,,OPERATIONAL,establishment|food|point_of_interest|store,ChIJLdprsUR_aEER-GJhx6rvzNo,оптовый продовольственный рынок,check
Старый Торговый Центр,"Революционная ул., 28, Тольятти, Самарская обл., 445026",Тольятти,Тольятти,Самарская область,Russia,53.52671729999999,49.2740669,4,657,OPERATIONAL,establishment|point_of_interest|shopping_mall,ChIJF0y5sY15aEERE9_r0etQyFQ,оптовый продовольственный рынок,check
Тольяттимолоко,"Коммунальная ул., 26, Тольятти, Самарская обл., 445000",Тольятти,Тольятти,Самарская область,Russia,53.5603793,49.3126718,4.1,47,OPERATIONAL,establishment|food|point_of_interest,ChIJM3uJxC14aEERbwv4jMDLDSY,оптовая база продуктов питания,check
Тольяттинская Фруктовая Компания,"ул. Базовая, 12с20, Тольятти, Самарская обл., 445035",Тольятти,Тольятти,Самарская область,Russia,53.520492,49.477005,5,2,OPERATIONAL,establishment|food|moving_company|point_of_interest,ChIJLdprsUR_aEERWWR9KgKonFA,оптовая база продуктов питания,check
"Фабрика Качества, Сеть Фирменных Магазинов","ул. Гидротехническая, 6-б, Тольятти, Самарская обл., 445041",Тольятти,Тольятти,Самарская область,Russia,53.4748167,49.51370900000001,4.5,2,OPERATIONAL,establishment|food|point_of_interest,ChIJRd5So5R_aEER9no_gq9ni14,оптовая база продуктов питания,check
Формула Вкуса,"ул 445141, ул. Вокзальная, 50, Тольятти, Самарская обл., 445141",Тольятти,Тольятти,Самарская область,Russia,53.56902419999999,49.283466,5,6,OPERATIONAL,establishment|food|point_of_interest,ChIJc-ugcYJ3aEERcDOhwpuiXGM,оптовая база продуктов питания,check
Центральный рынок,"Комсомольское ш., 62, Тольятти, Самарская обл., 445011",Тольятти,Тольятти,Самарская область,Russia,53.517868,49.410819,4.2,1265,OPERATIONAL,establishment|point_of_interest,ChIJdasjGc94aEER1IFf80tnbu4,оптовый продовольственный рынок,yes
Яшкино,"Ярославская ул., 12, Тольятти, Самарская обл., 445045",Тольятти,Тольятти,Самарская область,Russia,53.48181409999999,49.487226,3,2,OPERATIONAL,establishment|food|point_of_interest,ChIJJY6slNR4aEEROILtdscaQ_Y,оптовая база продуктов питания,check
"""Калина-Малина"", сеть магазинов фермерских продуктов","пр. Ленина, 10, Томск, Томская обл., 634028",Томск,Томск,Томская область,Russia,56.4595767,84.950524,4.6,274,OPERATIONAL,establishment|food|grocery_or_supermarket|point_of_interest|store,ChIJe702qaqUJkMRRD7Lc0r_Eus,сельскохозяйственный рынок,check
Lucky fish,"пер. Добролюбова, 10/1, Томск, Томская обл., 634009",Томск,Томск,Томская область,Russia,56.50934909999999,84.9516007,4.8,37,OPERATIONAL,establishment|food|point_of_interest|restaurant,ChIJQWnaIQqTJkMRftuHFOnc50w,оптовая база продуктов питания,check
Белорусские продукты Томск,"Оптовый склад, Бердская ул., 39, Томск, Томская обл., 634009",Томск,Томск,Томская область,Russia,56.51371899999999,84.95143499999999,5,1,OPERATIONAL,establishment|food|point_of_interest,ChIJ6-Gzo4WTJkMRp7U8PFTnQJk,оптовая база продуктов питания,check
Вещевой Рынок,"ул. Карла Маркса, 48, Томск, Томская обл., 634009",Томск,Томск,Томская область,Russia,56.500117,84.94578489999999,,,OPERATIONAL,establishment|point_of_interest,ChIJFS9aRH6TJkMRtVPqTWcAvqQ,сельскохозяйственный рынок,yes
Восход 75,"ул. Водяная, 90/10, Томск, Томская обл., 634009",Томск,Томск,Томская область,Russia,56.5119189,84.93154779999999,5,1,OPERATIONAL,establishment|food|point_of_interest,ChIJxQIr1X-TJkMRSiHp8Pm4R68,оптовая база продуктов питания,check
Доставка цветов в Томске Букеты,"ул. Кулева, 3, Томск, Томская обл., 634034",Томск,Томск,Томская область,Russia,56.460095,84.9545711,5,20,OPERATIONAL,establishment|point_of_interest,ChIJJQ6-J1WTJkMRoJe22cWxv7w,плодоовощная база оптовая,check
Дубрава,"Комсомольский просп., 57, Томск, Томская обл., 634061",Томск,Томск,Томская область,Russia,56.4748251,84.98099619999999,4.9,40,OPERATIONAL,establishment|food|grocery_or_supermarket|point_of_interest|store,ChIJuVp4HHSTJkMR3YFPeoS2H1E,оптовая база продуктов питания,check
Ежи,"просп. Кирова, 39, Томск, Томская обл., 634041",Томск,Томск,Томская область,Russia,56.4660754,84.97036519999999,5,1,OPERATIONAL,establishment|food|grocery_or_supermarket|point_of_interest|store,ChIJNykgnE6TJkMRsoqvfsAInnY,оптовая база продуктов питания,check
ИП Касперович,"Бердская ул., 22, Склад 50, Томск, Томская обл., 634009",Томск,Томск,Томская область,Russia,56.5139541,84.95000449999999,5,2,OPERATIONAL,establishment|point_of_interest,ChIJ0z_rlYWTJkMREmHfZS6Th6s,оптовая база продуктов питания,check
Картофель в Томске,"пр. Мира, Томск, Томская обл., 634027",Томск,Томск,Томская область,Russia,56.5240458,84.97886849999999,,,OPERATIONAL,establishment|food|grocery_or_supermarket|point_of_interest|store,ChIJq_uYzFyTJkMR3F_Nn7RI-LA,сельскохозяйственный рынок,check
Клумба,"ул. Карла Маркса, 11, Томск, Томская обл., 634009",Томск,Томск,Томская область,Russia,56.4906999,84.9455297,4.4,312,OPERATIONAL,establishment|florist|point_of_interest|store,ChIJPcyoNquUJkMRDaVsLKc3zW0,плодоовощная база оптовая,check
Колпашевский Рыбозавод,"ул. Сергея Лазо, 6а, ТЦ Счастливый, Томск, Томская обл., 634063",Томск,Томск,Томская область,Russia,56.51473499999999,85.026471,4.6,672,OPERATIONAL,establishment|food|point_of_interest|shopping_mall,ChIJ-0bWaFySJkMR_OQYG3KObjE,оптовая база продуктов питания,check
Колхозный рынок,"ул. Колхозная, 11/2, Томск, Томская обл., 634021",Томск,Томск,Томская область,Russia,56.47980980000001,85.0037382,4.1,307,OPERATIONAL,establishment|point_of_interest,ChIJ31GCGSGTJkMRU57fZrNcsX8,оптовый продовольственный рынок,yes
Мит,"ул. Угрюмова, 11, Томск, Томская обл., 634015",Томск,Томск,Томская область,Russia,56.536231,85.02959899999999,5,2,OPERATIONAL,establishment|food|point_of_interest,ChIJuVp4HHSTJkMRctupIKpB21Q,оптовая база продуктов питания,check
Мясницкий,"ул. Гагарина, 31, Томск, Томская обл., 634050",Томск,Томск,Томская область,Russia,56.4790815,84.9512062,4.4,80,OPERATIONAL,establishment|food|point_of_interest|store,ChIJK7sv_l6TJkMRj_C2YFLrj8s,оптовая база продуктов питания,check
Мясной и рыбный рыночек,"Рабочая ул., 7, Томск, Томская обл., 634049",Томск,Томск,Томская область,Russia,56.502151,85.0005879,4.7,3,OPERATIONAL,establishment|food|grocery_or_supermarket|point_of_interest|store,ChIJsVI-DAGTJkMRQHfVfqGreoI,сельскохозяйственный рынок,check
На набережной,"ул. наб. Реки Томи, 29, Томск, Томская обл., 634009",Томск,Томск,Томская область,Russia,56.494203,84.94254819999999,4.2,56,OPERATIONAL,establishment|food|grocery_or_supermarket|point_of_interest|store,ChIJORKTjIKUJkMRgW4yP7zAJu0,сельскохозяйственный рынок,check
Областной Рынок Мясной Повильон,"Томск, Томская обл., 634021",Томск,Томск,Томская область,Russia,56.4743371,85.00318779999999,4.5,48,OPERATIONAL,establishment|food|grocery_or_supermarket|point_of_interest|store,ChIJE4E2aSaTJkMRnC22D760zIo,оптовый продовольственный рынок,yes
ОВЕРС Плюс,"ул. Профсоюзная, 2 строение 27, Томск, Томская обл., 634024",Томск,Томск,Томская область,Russia,56.529304,84.93835299999999,5,2,OPERATIONAL,establishment|food|point_of_interest,ChIJuWPSjoWTJkMRff7GwJ0o0wU,оптовая база продуктов питания,check
Октябрьский рынок,"ул. Иркутский тракт, 61с2, Томск, Томская обл., 634049",Томск,Томск,Томская область,Russia,56.5050284,85.0211033,4.1,1978,OPERATIONAL,establishment|food|grocery_or_supermarket|point_of_interest|store,ChIJ6SbQ6_eSJkMRuEhELJCBukY,оптовый продовольственный рынок,yes
"ООО ""Амбар - Сибири""","ул. Мичурина, 47, Томск, Томская обл., 634063",Томск,Томск,Томская область,Russia,56.5169335,85.0235802,,,OPERATIONAL,establishment|food|point_of_interest,ChIJlaNvRFuSJkMRIle4LtwnuCQ,оптовая база продуктов питания,check
"ООО ""Компания Фруктовая радуга""","Бердская ул., 39, Томск, Томская обл., 634009",Томск,Томск,Томская область,Russia,56.5137389,84.951407,5,2,OPERATIONAL,establishment|food|point_of_interest|store,ChIJXdfLo4WTJkMRQbYzCTTZrwA,плодоовощная база оптовая,check
"ООО ""Солнечная долина""","Бердская ул., 27/1а, Томск, Томская обл., 634009",Томск,Томск,Томская область,Russia,56.511909,84.94623399999999,4,5,OPERATIONAL,establishment|food|point_of_interest|store,ChIJwdv684aTJkMR5axQIY0XsV4,плодоовощная база оптовая,check
Оптовая Компания,"Бердская ул., 22, Томск, Томская обл., 634009",Томск,Томск,Томская область,Russia,56.513884,84.950851,,,OPERATIONAL,establishment|liquor_store|point_of_interest|store,ChIJpZ_Pl4WTJkMRXfZZaVKRZuU,плодоовощная база оптовая,yes
Планета,"Березовая ул., 8, Томск, Томская обл., 634063",Томск,Томск,Томская область,Russia,56.5340998,85.0585251,1.6,5,OPERATIONAL,establishment|point_of_interest,ChIJuVp4HHSTJkMRR-Sdm7UH93c,оптовая база продуктов питания,check
Планета,"пр. Фрунзе, 103, Томск, Томская обл., 634021",Томск,Томск,Томская область,Russia,56.47553449999999,84.9868441,3,2,OPERATIONAL,establishment|food|point_of_interest,ChIJuVp4HHSTJkMRVYcd3RHVUIs,оптовая база продуктов питания,check
Продуктовые Рынки,"ул. Нахимова, 8, стр. 2, Томск, Томская обл., 634034",Томск,Томск,Томская область,Russia,56.4555825,84.9521611,,,OPERATIONAL,establishment|point_of_interest,ChIJywIAQqvsJkMR8NzIGXXXzAk,сельскохозяйственный рынок,check
Семкин,"Бердская ул., 22, Томск, Томская обл., 634009",Томск,Томск,Томская область,Russia,56.513884,84.950851,4.1,14,OPERATIONAL,establishment|food|point_of_interest|store,ChIJpZ_Pl4WTJkMRSq1c9vvNdpw,оптовая база продуктов питания,check
"Сибирское развитие, ООО","ул. Мичурина, 20, стр.4, Томск, Томская обл., 634049",Томск,Томск,Томская область,Russia,56.5165512,85.0184042,2.3,3,OPERATIONAL,establishment|food|point_of_interest,ChIJHwEtgVqSJkMRc3i-d3M-erw,плодоовощная база оптовая,check
Томская фруктовая компания,"Бердская ул., 16 строение 1, Томск, Томская обл., 634009",Томск,Томск,Томская область,Russia,56.5125997,84.9472576,4.2,41,OPERATIONAL,establishment|food|point_of_interest|store,ChIJ_85fYIaTJkMR0dOkRg6vylc,плодоовощная база оптовая,check
Томский Областной Рынок,"пр. Фрунзе, Томск, Томская обл., 634000",Томск,Томск,Томская область,Russia,56.4760731,84.9831091,4.3,485,OPERATIONAL,establishment|point_of_interest,ChIJ0STboCeTJkMRSOb1lz64YBo,сельскохозяйственный рынок,yes
Томский Областной Рынок,"пр. Фрунзе, 119/5, Томск, Томская обл., 634029",Томск,Томск,Томская область,Russia,56.4760542,84.95207169999999,,,OPERATIONAL,establishment|point_of_interest,ChIJLRcioSeTJkMRZWY4KwU-hj8,сельскохозяйственный рынок,yes
Торговый дом Межениновский,"Томский р-он, п.Копылово,ул.4-ый км. автодороги д.Новомихайловка МПФ (офис, Томск, Томская обл., 634537",Томск,Томск,Томская область,Russia,56.5688295,85.12261509999999,5,6,OPERATIONAL,establishment|point_of_interest,ChIJh9N5pYWTJkMRGkt2uV5dARw,оптовая база продуктов питания,check
"ТЦ ""Рынок южный""","ул. Нахимова, 15, Томск, Томская обл., 634045",Томск,Томск,Томская область,Russia,56.454764,84.972742,3.7,31,OPERATIONAL,establishment|point_of_interest|shopping_mall,ChIJQc_X3bPsJkMRt8gtJqHwMGY,сельскохозяйственный рынок,yes
Флора — Цветы,"Песочный пер., 47, Томск, Томская обл., 634003",Томск,Томск,Томская область,Russia,56.4892891,84.9747556,4.4,148,OPERATIONAL,establishment|florist|point_of_interest|store,ChIJbUTPuWyTJkMRnewFU98YXPA,плодоовощная база оптовая,check
Фруктовый Рынок,"пр. Мира, 4, Томск, Томская обл., 634057",Томск,Томск,Томская область,Russia,56.50385869999999,84.9636136,4,165,OPERATIONAL,establishment|food|grocery_or_supermarket|point_of_interest|store,ChIJzRm2G3aTJkMRMBPlD7ScTcU,оптовый продовольственный рынок,yes
Фрунзенский Рынок,"Комсомольский просп., 58/95, Томск, Томская обл., 634021",Томск,Томск,Томская область,Russia,56.4753309,84.9833651,4.2,3711,OPERATIONAL,establishment|point_of_interest,ChIJ5yMEGjmTJkMRN5eWpQmfXTA,оптовый продовольственный рынок,yes
Центр Сухофруктов,"Бердская ул., 27В, Томск, Томская обл., 634009",Томск,Томск,Томская область,Russia,56.512379,84.9475889,5,1,OPERATIONAL,establishment|point_of_interest|storage,ChIJCddAJqyTJkMRdzUzOwSaW9w,плодоовощная база оптовая,check
Центральный Рынок,"ул. Карла Маркса, 48, Центральный рынок, Томск, Томская обл., 634009",Томск,Томск,Томская область,Russia,56.4975531,84.9440343,4,1505,OPERATIONAL,bakery|establishment|food|point_of_interest|real_estate_agency|store,ChIJRZtj-X2TJkMRbXsF5lntFCI,оптовый продовольственный рынок,yes
Чёрный рынок,"2-я Лесная ул., 6Б, Томск, Томская обл., 634027",Томск,Томск,Томская область,Russia,56.5418721,84.9897864,5,1,OPERATIONAL,establishment|point_of_interest,ChIJFRIqANKTJkMRXomnvVDUIZM,сельскохозяйственный рынок,yes
"ЮАР Плюс / продукты питания оптом / теплицы / сотовый, монолитный, кровельный поликарбонат","Бердская ул., 20, строение 2, склад 36, Томск, Томская обл., 634009",Томск,Томск,Томская область,Russia,56.5132509,84.9491044,5,3,OPERATIONAL,establishment|food|point_of_interest|store,ChIJCwAAAHyUJkMR16K5UJTxuAw,оптовая база продуктов питания,yes
Агрокомплекс Трубачево,"Речная улица, 3, Трубачево, Томская обл., 634539",Трубачево,Томск,Томская область,Russia,56.4296889,85.0996416,4.7,15,OPERATIONAL,establishment|food|point_of_interest,ChIJ2fqqbI_yJkMRW0UjyY5uK9U,плодоовощная база оптовая,yes
Авантаж,"ТЦ ""Магистраль"", ул. Болдина, 98, 2 этаж, офис 215, Тула, Тульская обл., 300028",Тула,Тула,Тульская область,Russia,54.172665,37.574295,,,OPERATIONAL,establishment|point_of_interest,ChIJT7JVLQZANEERhL0fo-rifnQ,оптовая база продуктов питания,check
"Активно- развивающаяся компания (АРК), ИП Кузнецов П.С.","Одоевское ш., 57, Тула, Тульская обл., 300036",Тула,Тула,Тульская область,Russia,54.1937319,37.5449303,5,1,OPERATIONAL,car_repair|establishment|food|moving_company|point_of_interest,ChIJd21-VjhANEER19WT89UQVlg,оптовая база продуктов питания,check
База N 10,"Одоевское ш., 93, Тула, Тульская обл., 300036",Тула,Тула,Тульская область,Russia,54.1827036,37.5153453,2.8,6,OPERATIONAL,establishment|point_of_interest,ChIJ2dqOMihANEERDkOz7tOWWd0,плодоовощная база оптовая,yes
Бакалея,"Тула, Тульская обл., 300036",Тула,Тула,Тульская область,Russia,54.18790199999999,37.535245,4,358,OPERATIONAL,establishment|point_of_interest,ChIJ8aP7MiVANEERO2uPIL-wHes,оптовая база продуктов питания,check
Балтик продукт,"Демонстрации ул., 197 а, Тула, Тульская обл., 300034",Тула,Тула,Тульская область,Russia,54.1905429,37.57521819999999,4.2,62,OPERATIONAL,establishment|food|point_of_interest,ChIJk4bSq25ANEERg8VC7khJnC0,оптовая база продуктов питания,check
Балтик продукт,"Одоевское ш., 93, Тула, Тульская обл., 300036",Тула,Тула,Тульская область,Russia,54.1947816,37.5460384,,,OPERATIONAL,establishment|food|point_of_interest,ChIJ78tKZzhANEER6rmyVsEpBkQ,оптовая база продуктов питания,check
Компания Чай&Кофе ОПТ,"Одоевское ш., 130, Тула, Тульская обл., 300036",Тула,Тула,Тульская область,Russia,54.1880722,37.5254707,4.5,53,OPERATIONAL,establishment|food|point_of_interest|store,ChIJHSA1SUdANEERCvQoahmxvgg,оптовая база продуктов питания,yes
Мелкооптовый склад,"Демидовская ул., 63, Тула, Тульская обл., 300002",Тула,Тула,Тульская область,Russia,54.210791,37.618422,4.6,168,OPERATIONAL,establishment|home_goods_store|point_of_interest|store,ChIJ52VmfppANEERZCubGhxH7eM,оптовая база продуктов питания,yes
Миниопт,"ул. Коминтерна, 4, Тула, Тульская обл., 300041",Тула,Тула,Тульская область,Russia,54.199746,37.609385,3.7,3,OPERATIONAL,establishment|point_of_interest,ChIJ1epOOIdANEERemMxVQU9ehA,оптовая база продуктов питания,yes
Мистер Айс,"Железнодорожная ул., 61, Тула, Тульская обл., 300057",Тула,Тула,Тульская область,Russia,54.22257,37.5949256,5,2,OPERATIONAL,establishment|point_of_interest,ChIJ6Yq2ye5ANEERyCrV4zfn1aU,оптовая база продуктов питания,check
"ООО ""Тропик"" - оптовая база","Одоевское ш., 130, Тула, Тульская обл., 300036",Тула,Тула,Тульская область,Russia,54.1879806,37.5254783,4.1,38,OPERATIONAL,establishment|food|point_of_interest,ChIJlW_zcy9ANEERwG8kii8Soe8,плодоовощная база оптовая,yes
"ООО Компания ""ГИС""","ул. Чмутова, 158Б, Тула, Тульская обл., 300005",Тула,Тула,Тульская область,Russia,54.20796199999999,37.549729,1,1,OPERATIONAL,establishment|point_of_interest,ChIJCTxT_1FANEERrBUX9iTAo88,оптовая база продуктов питания,check
Оптовый Овощной Рынок Изобильный,"Новомосковское ш., 54, Тула, Тульская обл., 300045",Тула,Тула,Тульская область,Russia,54.16003190000001,37.6349644,4.1,89,OPERATIONAL,establishment|food|grocery_or_supermarket|point_of_interest|store,ChIJdy9Xm8g_NEERRX01u4uXmNo,оптовый продовольственный рынок,yes
Продовольственная оптово-розничная база,"Одоевское ш., 61, Тула, Тульская обл., 300036",Тула,Тула,Тульская область,Russia,54.1928709,37.5432238,3,2,OPERATIONAL,establishment|point_of_interest,ChIJW7izpjlANEERQyEEbZ6N0vw,оптовая база продуктов питания,yes
Продукты,"ул. Демидовская плотина, 9, Тула, Тульская обл., 300001",Тула,Тула,Тульская область,Russia,54.202654,37.629402,4,28,OPERATIONAL,establishment|food|grocery_or_supermarket|point_of_interest|store,ChIJT8TpXH0_NEERMZGCXHeS324,оптовая база продуктов питания,check
Синее Море,"ул. Чмутова, 164Б, Тула, Тульская обл., 300005",Тула,Тула,Тульская область,Russia,54.207381,37.5432379,5,4,OPERATIONAL,establishment|food|point_of_interest,ChIJ0UOmDk5ANEER8iPIIFicuEM,оптовая база продуктов питания,check
Старые традиции,"Красноармейский пр., 25, Тула, Тульская обл., 300041",Тула,Тула,Тульская область,Russia,54.1973857,37.5883778,5,1,OPERATIONAL,establishment|food|point_of_interest,ChIJ--BhVmRANEERUEcpMviEFT4,оптовая база продуктов питания,check
Тульский сельскохозяйственный рынок,"Новомосковское ш., 8, Тула, Тульская обл., 300045",Тула,Тула,Тульская область,Russia,54.1680111,37.6393174,3.9,577,OPERATIONAL,establishment|point_of_interest,ChIJET_7hbk_NEERYc-Frj7dj5I,оптовый продовольственный рынок,yes
Устрицы и Рыба,"Калужское ш., 2, Тула, Тульская обл., 300026",Тула,Тула,Тульская область,Russia,54.1572982,37.5819802,3,2,OPERATIONAL,establishment|food|point_of_interest,ChIJt0PxmCcVNEERqbErmXI72Kw,оптовая база продуктов питания,check
Фермерский Рынок,"Калужское ш., 2, Тула, Тульская обл., 300026",Тула,Тула,Тульская область,Russia,54.15721199999999,37.5832629,4.5,126,OPERATIONAL,establishment|point_of_interest,ChIJczz9DFgVNEEREmsa6-ta_YA,оптовый продовольственный рынок,yes
Экопродукт,"ул. Чмутова, 1-а, Тула, Тульская обл., 300005",Тула,Тула,Тульская область,Russia,54.2082974,37.5684313,5,3,OPERATIONAL,establishment|food|point_of_interest,ChIJnzrIdVlANEERfR8yQmmh5DU,оптовая база продуктов питания,check
Алебашевский BAZAR,"Тимофея Кармацкого, 20, 625022, Тюмень, Тюменская обл., 625022",Тюмень,Тюмень,Тюменская область,Russia,57.167427,65.5731497,4.3,572,OPERATIONAL,establishment|point_of_interest,ChIJB-L1mvXju0MRLT6zqmaTwPU,оптовый продовольственный рынок,check
Аслан,"2, ул. Широтная, 170, Тюмень, Тюменская обл., 625046",Тюмень,Тюмень,Тюменская область,Russia,57.1021623,65.5990734,3.6,31,OPERATIONAL,establishment|food|grocery_or_supermarket|point_of_interest|store,ChIJIUNhK8Dgu0MR0ErYoME9AHM,сельскохозяйственный рынок,check
Белорусские продукты,"ул. Беляева, 29/1, Тюмень, Тюменская обл., 625015",Тюмень,Тюмень,Тюменская область,Russia,57.1753182,65.6515433,5,2,OPERATIONAL,establishment|food|grocery_or_supermarket|point_of_interest|store,ChIJm90-iAbnu0MR5WrXQmolgXY,оптовая база продуктов питания,check
Блошинка,"ул. Московский тракт, 120, стр. 2, Тюмень, Тюменская обл., 625049",Тюмень,Тюмень,Тюменская область,Russia,57.13418069999999,65.49150399999999,4.3,3698,OPERATIONAL,establishment|point_of_interest|shopping_mall,ChIJU8DxKpLhu0MR6ww19-42Zmc,оптовый продовольственный рынок,check
Большая Ярмарка,"ул. Молодежная, 80-а, Тюмень, Тюменская обл., 625007",Тюмень,Тюмень,Тюменская область,Russia,57.130371,65.5509859,4.1,56,OPERATIONAL,establishment|point_of_interest|shopping_mall,ChIJE3OF6RHhu0MRxqliyeqWG1Q,оптовый продовольственный рынок,yes
Ишимский. Фирменный мясной,"ул. Аккумуляторная, 1с16, Тюмень, Тюменская обл., 625017",Тюмень,Тюмень,Тюменская область,Russia,57.1534594,65.46591819999999,3.8,12,OPERATIONAL,establishment|food|point_of_interest|store,ChIJDS5PUiTiu0MRtvM4TTCE3XI,оптовая база продуктов питания,check
Казачьи Луга,"ул. Домостроителей, 18В/1, Тюмень, Тюменская обл., 625014",Тюмень,Тюмень,Тюменская область,Russia,57.1543619,65.64804459999999,4.3,428,OPERATIONAL,establishment|point_of_interest,ChIJ2f32Vezmu0MRfNiTI1aipDg,оптовый продовольственный рынок,check
Калининский рынок,"ул. Калинина, 61, Тюмень, Тюменская обл., 625030",Тюмень,Тюмень,Тюменская область,Russia,57.13711199999999,65.51438,3.9,410,OPERATIONAL,establishment|point_of_interest,ChIJr8zOOZzhu0MRx4q1fPcckws,оптовый продовольственный рынок,yes
КАЛИТКА Фермерский магазин,"ул. Ватутина, 14, Тюмень, Тюменская обл., 625022",Тюмень,Тюмень,Тюменская область,Russia,57.1845412,65.5833426,5,2,OPERATIONAL,establishment|point_of_interest,ChIJofA0lR7lu0MRWbnlGKTN3gI,сельскохозяйственный рынок,check
Компания АСВ,"ул. Дамбовская, 13, стр.1, склад 7, Тюмень, Тюменская обл., 625034",Тюмень,Тюмень,Тюменская область,Russia,57.1551187,65.6074452,,,OPERATIONAL,establishment|food|point_of_interest,ChIJSyHQ7Irnu0MRjYUtWA9svFo,плодоовощная база оптовая,check
"КРиММ, ООО","ул. Дамбовская, 9, Тюмень, Тюменская обл., 625048",Тюмень,Тюмень,Тюменская область,Russia,57.1543909,65.6041306,3.7,6,OPERATIONAL,establishment|food|point_of_interest,ChIJaf61LLHmu0MR2-dVkblMx-s,плодоовощная база оптовая,check
Мария,"Таврическая ул. 9, склад 8б, Тюмень, Тюменская обл., 625037, Тюмень, Тюменская обл., 625031",Тюмень,Тюмень,Тюменская область,Russia,57.1893648,65.5997778,4.7,14,OPERATIONAL,establishment|food|point_of_interest|store,ChIJX4XCOczju0MRnQlxoji_Ifo,оптовый продовольственный рынок,check
Михайловский рынок,"ул. Федюнинского, Тюмень, Тюменская обл., 625062",Тюмень,Тюмень,Тюменская область,Russia,57.1070049,65.5593258,4.5,5364,OPERATIONAL,establishment|food|grocery_or_supermarket|point_of_interest|store,ChIJLyyREvngu0MRRgcxmT_Bvu4,оптовый продовольственный рынок,yes
Мясо № 1,"ТК ""Тюменский"" ул. Мельникайте, 126/3 ул.30 лет победы 35 ул. западносибирская 30/ 172, ул. Щербакова, 2, Тюмень, Тюменская обл., 625007",Тюмень,Тюмень,Тюменская область,Russia,57.16814789999999,65.5246416,5,3,OPERATIONAL,establishment|food|point_of_interest,ChIJI0P3BBDhu0MR3LT9hF9iOBo,оптовый продовольственный рынок,check
Овоши фрукты,"мельникайте, 29б, Тюмень, Тюменская обл., 625000",Тюмень,Тюмень,Тюменская область,Russia,57.1579148,65.59869669999999,,,OPERATIONAL,establishment|point_of_interest,ChIJlwW7CEjnu0MRa3MJ9B-lwF0,плодоовощная база оптовая,check
Овощи Фрукты Сухофрукты,"ул. Барабинская, 3, склад 109, Тюмень, Тюменская обл., 625048",Тюмень,Тюмень,Тюменская область,Russia,57.1567044,65.602197,4.4,173,OPERATIONAL,establishment|food|point_of_interest|store,ChIJac5JArHmu0MRrEXDlYNr_Ss,оптовый продовольственный рынок,check
"ООО ""Вертикаль""","ул. Барабинская, 30, Тюмень, Тюменская обл., 625034",Тюмень,Тюмень,Тюменская область,Russia,57.15703569999999,65.61177239999999,4.5,26,OPERATIONAL,establishment|food|point_of_interest,ChIJX4XCOczju0MRkt8HuasYNxk,оптовый продовольственный рынок,check
"ООО ""ЕвроСиб-Трейд","ул. Барабинская, 3а, Тюмень, Тюменская обл., 625048",Тюмень,Тюмень,Тюменская область,Russia,57.1583039,65.6045426,4.7,9,OPERATIONAL,establishment|food|grocery_or_supermarket|point_of_interest|store,ChIJh9421rvmu0MRyFQ8NAVRvNc,оптовый продовольственный рынок,check
"ООО ""Саяны-2000""","ул. Ветеранов Труда, 36, Тюмень, Тюменская обл., 625031",Тюмень,Тюмень,Тюменская область,Russia,57.18846199999999,65.594317,3,1,OPERATIONAL,establishment|point_of_interest,ChIJg1rE2RXku0MRLk9S73zR628,оптовая база продуктов питания,check
Оптово-розничный центр ЮГ,"ул. Федюнинского, 20 строение 1, Тюмень, Тюменская обл., 625062",Тюмень,Тюмень,Тюменская область,Russia,57.1107397,65.54222299999999,4,168,OPERATIONAL,establishment|point_of_interest|shopping_mall,ChIJ5Qv_YWzhu0MRdWDA6uIKcps,оптовый продовольственный рынок,yes
Пригородный,"ул. Энергетиков, 66, Тюмень, Тюменская обл., 625013",Тюмень,Тюмень,Тюменская область,Russia,57.1323017,65.5990803,4.1,1182,OPERATIONAL,establishment|point_of_interest|shopping_mall,ChIJN0StYi7hu0MRpr7KEmulw7Y,сельскохозяйственный рынок,check
Северная Земля,"ул. 30 лет Победы, 23, Тюмень, Тюменская обл., 625000",Тюмень,Тюмень,Тюменская область,Russia,57.12965,65.560605,5,1,OPERATIONAL,establishment|point_of_interest,ChIJH_ISLRfhu0MRM4CEWxW7naI,оптовая база продуктов питания,check
Северный,"ул. Дружбы, 165а, Тюмень, Тюменская обл., 625031",Тюмень,Тюмень,Тюменская область,Russia,57.1802635,65.5841904,3.8,1214,OPERATIONAL,establishment|point_of_interest,ChIJKSm6VQXku0MRznej_vE78Mg,оптовый продовольственный рынок,check
"Сибирский на Барабинской, складской комплекс","ул. Барабинская, 3, Тюмень, Тюменская обл., 625034",Тюмень,Тюмень,Тюменская область,Russia,57.1567518,65.60798199999999,4.2,611,OPERATIONAL,establishment|point_of_interest|storage,ChIJqYmjN7rmu0MR47TOJV5wDoQ,оптовый продовольственный рынок,check
Сибовощ,"ул. 30 лет Победы, 6-а, Тюмень, Тюменская обл., 625007",Тюмень,Тюмень,Тюменская область,Russia,57.13072,65.554255,,,OPERATIONAL,establishment|point_of_interest,ChIJSX_GoRHhu0MRJvHyjQnISos,плодоовощная база оптовая,check
"Сладушка, производственно-торговая компания","ул. Монтажников, 8/1, Тюмень, Тюменская обл., 625045",Тюмень,Тюмень,Тюменская область,Russia,57.1092692,65.600115,4.7,111,OPERATIONAL,bakery|establishment|food|point_of_interest|store,ChIJnWCsF8Pgu0MREghANIotTvU,оптовая база продуктов питания,check
СОЮЗ ТМ,"ул. Барабинская, 3А, Тюмень, Тюменская обл., 625048",Тюмень,Тюмень,Тюменская область,Russia,57.15727829999999,65.6116718,5,1,OPERATIONAL,establishment|food|point_of_interest,ChIJr5CuN7rmu0MRrtKqsGr3U5A,оптовая база продуктов питания,check
ТЗБ-92,"ул. Молодежная, 80, Тюмень, Тюменская обл., 625007",Тюмень,Тюмень,Тюменская область,Russia,57.1299308,65.5505974,4.2,766,OPERATIONAL,establishment|point_of_interest,ChIJPdBAIRLhu0MR8e5y5VA8FnE,оптовый продовольственный рынок,check
"ТК ""Тюменский""","мельникайте, 126/3, Тюмень, Тюменская обл., 625007",Тюмень,Тюмень,Тюменская область,Russia,57.1271357,65.5532673,4.2,2018,OPERATIONAL,establishment|point_of_interest|shopping_mall,ChIJkUAg19_gu0MR0ivVxZ2V67E,оптовый продовольственный рынок,check
ТК Фактория,"ул. Константина Заслонова, 29 стр.3, Тюмень, Тюменская обл., 625034",Тюмень,Тюмень,Тюменская область,Russia,57.1578926,65.6550575,3.5,2,OPERATIONAL,establishment|food|point_of_interest,ChIJ2y3FnV_mu0MRpqdZNJ411x8,оптовая база продуктов питания,check
"Торговая Компания ""Зима""","ул. Энергетиков, 167, Тюмень, Тюменская обл., 625013",Тюмень,Тюмень,Тюменская область,Russia,57.12792229999999,65.6119539,5,5,OPERATIONAL,establishment|food|point_of_interest|store,ChIJT82i7irhu0MREDyxaA2uOkE,оптовая база продуктов питания,check
Торговый дом Диксон,"ул. 30 лет Победы, 25, Тюмень, Тюменская обл., 625007",Тюмень,Тюмень,Тюменская область,Russia,57.127683,65.56559,1,1,OPERATIONAL,establishment|point_of_interest,ChIJ7ZC53Bnhu0MRjwActTkfUkc,оптовая база продуктов питания,check
Три копейки,"Рома лох, Волгоградская ул., 67, Тюмень, Тюменская обл., 625025",Тюмень,Тюмень,Тюменская область,Russia,57.14519499999999,65.5111913,4,26,OPERATIONAL,establishment|food|grocery_or_supermarket|point_of_interest|store,ChIJL-DSaoLhu0MRZH7dVnvjCgc,сельскохозяйственный рынок,check
ТЦ Заречный,"ул. Эрвье, 22, Тюмень, Тюменская обл., 625022",Тюмень,Тюмень,Тюменская область,Russia,57.1728782,65.56653589999999,4.6,204,OPERATIONAL,establishment|food|grocery_or_supermarket|point_of_interest|store,ChIJNUQf7_jju0MRzIAzeYGJbXQ,сельскохозяйственный рынок,check
Тюменский булочно-кондитерский комбинат,"ул. Демьяна Бедного, 5, Тюмень, Тюменская обл., 625007",Тюмень,Тюмень,Тюменская область,Russia,57.125831,65.52748600000001,3.8,53,OPERATIONAL,establishment|food|point_of_interest,ChIJX4XCOczju0MR7om78ZGVgic,оптовая база продуктов питания,check
Тюменский привоз,"ул. Республики, 200А, Тюмень, Тюменская обл., 625035",Тюмень,Тюмень,Тюменская область,Russia,57.1246856,65.5908652,4.3,78,OPERATIONAL,cafe|establishment|food|point_of_interest,ChIJ8XcW_ibhu0MR9eOOyNbLFqE,оптовый продовольственный рынок,check
ФИРМА ТЗБ-99,"ул. Молодежная, 80, Тюмень, Тюменская обл., 625007",Тюмень,Тюмень,Тюменская область,Russia,57.13168049999999,65.5502644,5,1,OPERATIONAL,establishment|point_of_interest,ChIJFTOpPRLhu0MRhJ6qO9xvFtQ,плодоовощная база оптовая,check
Фрукт-72,"ул. Бакинских Комиссаров, 5/1, Тюмень, Тюменская обл., 625041",Тюмень,Тюмень,Тюменская область,Russia,57.1619062,65.4809566,3.8,5,OPERATIONAL,establishment|food|point_of_interest|store,ChIJ0Sz-TDDiu0MR1o6-rMpyMk8,оптовый продовольственный рынок,check
Фруктовый базар,"ул. Ямская, 71, Тюмень, Тюменская обл., 625001",Тюмень,Тюмень,Тюменская область,Russia,57.1606862,65.4965756,3.8,12,OPERATIONAL,establishment|food|point_of_interest|store,ChIJmx7mRy3iu0MRg1e5uc3xmzU,сельскохозяйственный рынок,yes
Центральный,"ул. Герцена, 95, Тюмень, Тюменская обл., 625000",Тюмень,Тюмень,Тюменская область,Russia,57.148062,65.54307299999999,4.1,1261,OPERATIONAL,establishment|food|grocery_or_supermarket|point_of_interest|shopping_mall|store,ChIJt3bAA2bhu0MRz65py4UcXAA,оптовый продовольственный рынок,check
Червишевский,"ул. Червишевский тракт, 25, Тюмень, Тюменская обл., 625062",Тюмень,Тюмень,Тюменская область,Russia,57.1253122,65.52265059999999,4.1,364,OPERATIONAL,establishment|point_of_interest,ChIJx2MJq6bhu0MRGeQIO3u_SsE,оптовый продовольственный рынок,check
Юбилейный,"ул. Тульская, 7/1, Тюмень, Тюменская обл., 625035",Тюмень,Тюмень,Тюменская область,Russia,57.1309349,65.5769966,5,1,OPERATIONAL,establishment|point_of_interest,ChIJX4XCOczju0MRASb82MkmTBc,оптовая база продуктов питания,check
Южный,"Рынок ""Южный"", ул. Николая Чаплина, 122, Тюмень, Тюменская обл., 625062",Тюмень,Тюмень,Тюменская область,Russia,57.12296199999999,65.5406419,4,383,OPERATIONAL,establishment|point_of_interest,ChIJEevHewzhu0MRDXi_6oCRU7k,сельскохозяйственный рынок,check
PROSEPT,"ул. Тобольская, 167, Улан-Удэ, Респ. Бурятия, 670031",Улан-Удэ,Улан-Удэ,Республика Бурятия,Russia,51.8191352,107.6696131,,,OPERATIONAL,establishment|point_of_interest,ChIJqWgOL2Tbr10RKupyVqPSUHs,плодоовощная база оптовая,check
Zдоровая Sнедь,"просп. 50-летия Октября, 27, Улан-Удэ, Респ. Бурятия, 670045",Улан-Удэ,Улан-Удэ,Республика Бурятия,Russia,51.84171019999999,107.6033337,4.5,197,OPERATIONAL,establishment|food|grocery_or_supermarket|point_of_interest|store,ChIJUwtuRC7br10RqX4D3mtQi1A,сельскохозяйственный рынок,check
Абсолют,"ул. Шумяцкого, 3 а, Улан-Удэ, Респ. Бурятия, 670033",Улан-Удэ,Улан-Удэ,Республика Бурятия,Russia,51.8132171,107.6701202,3.8,1158,OPERATIONAL,establishment|point_of_interest,ChIJu7c0xzDbr10RkcXPOaggzW4,оптовый продовольственный рынок,check
Абсолют,"ул. Николая Петрова, 1а, Улан-Удэ, Респ. Бурятия, 670045",Улан-Удэ,Улан-Удэ,Республика Бурятия,Russia,51.84403289999999,107.6368199,3.9,843,OPERATIONAL,establishment|food|grocery_or_supermarket|point_of_interest|shopping_mall|store,ChIJmWoiZuLar10R_619MxYxl_U,оптовый продовольственный рынок,check
"АБСОЛЮТ, торговая группа","ул. Николая Петрова, 1-а, Улан-Удэ, Респ. Бурятия, 670045",Улан-Удэ,Улан-Удэ,Республика Бурятия,Russia,51.844086,107.636736,3.8,647,OPERATIONAL,establishment|food|point_of_interest,ChIJe1cQaOLar10RosgjtB2i1tI,оптовая база продуктов питания,check
База Буркоопсоюз,"ул. Воровского, Улан-Удэ, Респ. Бурятия, 670000",Улан-Удэ,Улан-Удэ,Республика Бурятия,Russia,51.8246499,107.6038959,4.1,891,OPERATIONAL,establishment|point_of_interest|shopping_mall,ChIJP-UfN0fbr10Rz9F54jwD8sY,оптовый продовольственный рынок,yes
Биовестин Улан-Удэ,"ул. Добролюбова, 37, Улан-Удэ, Респ. Бурятия, 670010",Улан-Удэ,Улан-Удэ,Республика Бурятия,Russia,51.847396,107.5883263,,,OPERATIONAL,establishment|food|point_of_interest|store,ChIJE2JHANvFr10R_nkE-Uky2JU,оптовая база продуктов питания,check
БМПКр,"ул. Лебедева, 10, Улан-Удэ, Респ. Бурятия, 670013",Улан-Удэ,Улан-Удэ,Республика Бурятия,Russia,51.8201942,107.6553421,4.5,11,OPERATIONAL,establishment|food|point_of_interest|store,ChIJu7c0xzDbr10RN8Qt0m40UXA,оптовый продовольственный рынок,check
Бурятхлебпром,"ул. Ринчино, 8, Улан-Удэ, Респ. Бурятия, 670031",Улан-Удэ,Улан-Удэ,Республика Бурятия,Russia,51.7847887,107.602457,4.2,13,OPERATIONAL,bakery|establishment|food|point_of_interest|store,ChIJCaEcnpLcr10RjzRMsMS1pg0,оптовая база продуктов питания,check
ВЕГОС-М,"ул. Шульца, 4, Улан-Удэ, Респ. Бурятия, 670024",Улан-Удэ,Улан-Удэ,Республика Бурятия,Russia,51.84879300000001,107.575295,4.1,341,OPERATIONAL,establishment|point_of_interest|store,ChIJP5ltCdnEr10Rd8btm6IMYCA,плодоовощная база оптовая,check
Вегос-М Реалбаза,"ул. Крылова, 2, Улан-Удэ, Респ. Бурятия, 670033",Улан-Удэ,Улан-Удэ,Республика Бурятия,Russia,51.81697550000001,107.6721743,3.8,8,OPERATIONAL,establishment|point_of_interest,ChIJfaaxesDbr10RYnmROinaILQ,плодоовощная база оптовая,yes
Восточный базар,"ул. Гоголя, 47, Улан-Удэ, Респ. Бурятия, 670010",Улан-Удэ,Улан-Удэ,Республика Бурятия,Russia,51.823819,107.606471,,,OPERATIONAL,establishment|food|grocery_or_supermarket|point_of_interest|store,ChIJV_4p5kDbr10RqxhsWGdls9g,оптовый продовольственный рынок,yes
Закаменский Мясокомбинат,"ул. Трактовая, 12, корп. 5, Улан-Удэ, Респ. Бурятия, 670045",Улан-Удэ,Улан-Удэ,Республика Бурятия,Russia,51.8280676,107.6047632,4.5,4,OPERATIONAL,establishment|food|point_of_interest|store,ChIJgQ086Djbr10R4YwTATYLZ0A,оптовая база продуктов питания,check
Крестьянский,"ул. Тулаева, 108, Улан-Удэ, Респ. Бурятия, 670033",Улан-Удэ,Улан-Удэ,Республика Бурятия,Russia,51.8230448,107.676535,3.7,111,OPERATIONAL,establishment|point_of_interest,ChIJ34l8i7jbr10RV8xNvUSX4j8,оптовый продовольственный рынок,check
Либерти,"ул. Жердева, 8, Улан-Удэ, Респ. Бурятия, 670013",Улан-Удэ,Улан-Удэ,Республика Бурятия,Russia,51.8161,107.635924,4.2,149,OPERATIONAL,establishment|food|grocery_or_supermarket|point_of_interest|store,ChIJcyzO1HXbr10RYUI-Ndj7Gnc,оптовый продовольственный рынок,check
Мелькомбинат,"ул. Денисова, 26, Улан-Удэ, Респ. Бурятия, 670033",Улан-Удэ,Улан-Удэ,Республика Бурятия,Russia,51.817746,107.6969009,3.5,48,OPERATIONAL,establishment|food|grocery_or_supermarket|point_of_interest|store,ChIJuxCh8Nvbr10RTrhVCUUv33I,сельскохозяйственный рынок,check
Молоко Бурятии,"ул. Боевая, 6, Улан-Удэ, Респ. Бурятия, 670047",Улан-Удэ,Улан-Удэ,Республика Бурятия,Russia,51.80446689999999,107.635258,4.1,26,OPERATIONAL,establishment|food|point_of_interest,ChIJ8yRfhYHbr10R4wP0Vj3vRGo,оптовая база продуктов питания,check
Морепродукты 03,"ул. Боевая, 7в, Улан-Удэ, Респ. Бурятия, 670042",Улан-Удэ,Улан-Удэ,Республика Бурятия,Russia,51.805701,107.640184,,,OPERATIONAL,establishment|point_of_interest,ChIJZxtSjYPbr10R3hvzc4vuq10,плодоовощная база оптовая,check
Народный,"Корабельная ул., 32, Улан-Удэ, Респ. Бурятия, 670000",Улан-Удэ,Улан-Удэ,Республика Бурятия,Russia,51.83076,107.577762,3.8,1225,OPERATIONAL,establishment|point_of_interest|shopping_mall,ChIJa6xIDMrEr10RZUaV2LE7v54,оптовый продовольственный рынок,check
Николаевский,"ул. Рылеева, 5-а, Улан-Удэ, Респ. Бурятия, 670034",Улан-Удэ,Улан-Удэ,Республика Бурятия,Russia,51.8411339,107.598283,4.1,90,OPERATIONAL,establishment|food|grocery_or_supermarket|liquor_store|point_of_interest|store,ChIJybkULizbr10Rst_Xd2RsjK8,сельскохозяйственный рынок,check
Николаевский,"ул. Борсоева, 31, Улан-Удэ, Респ. Бурятия, 670000",Улан-Удэ,Улан-Удэ,Республика Бурятия,Russia,51.8392549,107.578197,4.2,123,OPERATIONAL,establishment|food|grocery_or_supermarket|point_of_interest|store,ChIJzwn1Ts7Er10RgUuADHm6U_I,сельскохозяйственный рынок,check
Овощи и фрукты,"ул. Воровского, 50, Улан-Удэ, Респ. Бурятия, 670000",Улан-Удэ,Улан-Удэ,Республика Бурятия,Russia,51.82605160000001,107.6025308,,,OPERATIONAL,establishment|food|point_of_interest|store,ChIJt_phZubbr10RvNOPxUasMbw,плодоовощная база оптовая,check
Овощи Фрукты,"ул. Гоголя, 47А, Улан-Удэ, Респ. Бурятия, 670010",Улан-Удэ,Улан-Удэ,Республика Бурятия,Russia,51.8236239,107.6073,2.5,2,OPERATIONAL,establishment|food|grocery_or_supermarket|point_of_interest|store,ChIJC3mK-kDbr10R9t9JEmNMzyI,оптовый продовольственный рынок,check
Океан,"ул. Гоголя, 53, Улан-Удэ, Респ. Бурятия, 670010",Улан-Удэ,Улан-Удэ,Республика Бурятия,Russia,51.8251971,107.6080161,,,OPERATIONAL,establishment|point_of_interest,ChIJCRkHmUDbr10R6ql0YwKdwio,оптовая база продуктов питания,check
ОПТОВО-РОЗНИЧНАЯ КОМПАНИЯ,"ул. Трактовая, 12, 8 кабинет, Улан-Удэ, Респ. Бурятия, 670045",Улан-Удэ,Улан-Удэ,Республика Бурятия,Russia,51.8280676,107.6047632,,,OPERATIONAL,establishment|food|point_of_interest,ChIJgQ086Djbr10RQWtkgJ1V_F4,оптовый продовольственный рынок,yes
Оптовый Центр,"ул. Ермаковского, 32, 7 офис, 3 этаж, ТД Расцвет, Улан-Удэ, Респ. Бурятия, 670010",Улан-Удэ,Улан-Удэ,Республика Бурятия,Russia,51.824,107.603996,5,1,OPERATIONAL,establishment|food|point_of_interest,ChIJZ0_4LEfbr10R52pOj-vmmTc,оптовый продовольственный рынок,yes
Продовольственный Рынок,"ул. Гагарина, 25, Улан-Удэ, Респ. Бурятия, 670034",Улан-Удэ,Улан-Удэ,Республика Бурятия,Russia,51.8384775,107.5942098,,,OPERATIONAL,establishment|point_of_interest|store,ChIJpb99eDLbr10RPp8shjTb7Ds,сельскохозяйственный рынок,yes
Рынок,"ул. Борсоева, 2А, Улан-Удэ, Респ. Бурятия, 670000",Улан-Удэ,Улан-Удэ,Республика Бурятия,Russia,51.8265723,107.6015937,3.9,45,OPERATIONAL,establishment|food|grocery_or_supermarket|point_of_interest|store,ChIJ0aNigEfbr10RGtiN1wVwwms,оптовый продовольственный рынок,yes
Рынок Виктория,"ул. Блюхера, 50А, Улан-Удэ, Респ. Бурятия, 670000",Улан-Удэ,Улан-Удэ,Республика Бурятия,Russia,51.8435141,107.5536448,3.7,89,OPERATIONAL,establishment|food|grocery_or_supermarket|point_of_interest|store,ChIJoWN5wOjEr10R6TUab4U4mSQ,сельскохозяйственный рынок,yes
Садэм,"ул. Кирова, 19, Улан-Удэ, Респ. Бурятия, 670000",Улан-Удэ,Улан-Удэ,Республика Бурятия,Russia,51.8266859,107.58046,4.4,94,OPERATIONAL,establishment|point_of_interest|store,ChIJu7c0xzDbr10RtTnLSnf_RYc,плодоовощная база оптовая,check
"Семейный, продуктовый рынок","ул. Октябрьская, 15, Улан-Удэ, Респ. Бурятия, 670002",Улан-Удэ,Улан-Удэ,Республика Бурятия,Russia,51.847196,107.616935,3.4,61,OPERATIONAL,establishment|point_of_interest,ChIJu7c0xzDbr10R4QPi_kUEwZ0,оптовый продовольственный рынок,yes
Славица Мороженое Оптом,"ул. Трактовая, 12, Улан-Удэ, Респ. Бурятия, 670034",Улан-Удэ,Улан-Удэ,Республика Бурятия,Russia,51.828069,107.604771,,,OPERATIONAL,establishment|point_of_interest,ChIJgQ086Djbr10Rs5m-Oa7rRZU,оптовая база продуктов питания,yes
Славянский базар,"Улан-Удэ, Респ. Бурятия, 670000",Улан-Удэ,Улан-Удэ,Республика Бурятия,Russia,51.8307876,107.5808563,3.4,43,OPERATIONAL,establishment|food|grocery_or_supermarket|point_of_interest|store,ChIJu7c0xzDbr10RSsu27w1of0U,сельскохозяйственный рынок,yes
Спутник,"ул. Ербанова, 20, Улан-Удэ, Респ. Бурятия, 670000",Улан-Удэ,Улан-Удэ,Республика Бурятия,Russia,51.833422,107.5880201,4.3,474,OPERATIONAL,establishment|food|grocery_or_supermarket|point_of_interest|store,ChIJO5DjlzTbr10RT9T09peT9Pk,оптовая база продуктов питания,check
Стимул,"ул. Иволгинская, 13а, Улан-Удэ, Респ. Бурятия, 670000",Улан-Удэ,Улан-Удэ,Республика Бурятия,Russia,51.842258,107.533852,4.1,648,OPERATIONAL,establishment|food|grocery_or_supermarket|point_of_interest|store,ChIJD4Zu2PHEr10RjK0sJJy8DFk,сельскохозяйственный рынок,check
Стрела,"ул. Борсоева, 2а, Улан-Удэ, Респ. Бурятия, 670000",Улан-Удэ,Улан-Удэ,Республика Бурятия,Russia,51.8270187,107.5994136,,,OPERATIONAL,establishment|food|point_of_interest,ChIJ29Fj7zfbr10RHa5b-1PGKgM,плодоовощная база оптовая,check
ТДЦ Фабричный,"2 Б, ул. Сахьяновой, 9, Улан-Удэ, Респ. Бурятия, 670033",Улан-Удэ,Улан-Удэ,Республика Бурятия,Russia,51.809919,107.624226,4,185,OPERATIONAL,establishment|point_of_interest|shopping_mall,ChIJe7NtUXrbr10RJBWMQ7OC2cg,оптовый продовольственный рынок,check
ТРЦ FORUM,"ул. Ленина, 39, Улан-Удэ, Респ. Бурятия, 670000",Улан-Удэ,Улан-Удэ,Республика Бурятия,Russia,51.83047020000001,107.5835546,4.4,1559,OPERATIONAL,establishment|point_of_interest|shopping_mall,ChIJj15_K2jFr10R-uVtg1DO-H0,сельскохозяйственный рынок,check
Тумэр-Морин,"ул. Ботаническая, Улан-Удэ, Респ. Бурятия, 670045",Улан-Удэ,Улан-Удэ,Республика Бурятия,Russia,51.8423486,107.6485907,3.9,1014,OPERATIONAL,establishment|point_of_interest|shopping_mall,ChIJ98RS4P3ar10RFCtjDyoPpY4,оптовый продовольственный рынок,check
"Усолье Соль Трейд (Склад № 27,28)","28, ул. Денисова, 13, Улан-Удэ, Респ. Бурятия, 670033",Улан-Удэ,Улан-Удэ,Республика Бурятия,Russia,51.8210899,107.696058,5,1,OPERATIONAL,establishment|point_of_interest,ChIJx4on9trbr10RYDa0KmyH2rk,оптовый продовольственный рынок,check
Ферма Маркет,"ул. Сахьяновой, 7б/3, Улан-Удэ, Респ. Бурятия, 670047",Улан-Удэ,Улан-Удэ,Республика Бурятия,Russia,51.8089573,107.6209569,5,1,OPERATIONAL,establishment|food|point_of_interest|store,ChIJJR2WENvbr10R1Jsmahwb044,сельскохозяйственный рынок,check
Фортуна,"пр. Автомобилистов, 4Б, Улан-Удэ, Респ. Бурятия, 670045",Улан-Удэ,Улан-Удэ,Республика Бурятия,Russia,51.83288719999999,107.6573021,4.2,403,OPERATIONAL,establishment|point_of_interest|real_estate_agency|shopping_mall,ChIJsYSLKarbr10RtVHPEdZQufM,оптовый продовольственный рынок,check
ФРУТ ВЭЙС,"ул. Таёжная, 42а, Улан-Удэ, Респ. Бурятия, 670013",Улан-Удэ,Улан-Удэ,Республика Бурятия,Russia,51.8248429,107.6515209,,,OPERATIONAL,establishment|point_of_interest,ChIJVbrJyabbr10RpxjdHbveSzA,плодоовощная база оптовая,check
Центральный Рынок,"ул. Балтахинова, 9, Улан-Удэ, Респ. Бурятия, 670000",Улан-Удэ,Улан-Удэ,Республика Бурятия,Russia,51.824521,107.591284,3.7,3072,OPERATIONAL,establishment|point_of_interest|shopping_mall,ChIJu7c0xzDbr10RelHttwwZALA,оптовый продовольственный рынок,yes
"ЧЕТЫРЕ СЕЗОНА,, УХ ТЫ ФРУКТЫ,,","ул. Борсоева, 19, Улан-Удэ, Респ. Бурятия, 670000",Улан-Удэ,Улан-Удэ,Республика Бурятия,Russia,51.8380589,107.5815261,4.7,11,OPERATIONAL,establishment|food|point_of_interest|store,ChIJwR3d0s3Er10RTsHZD3GCMLw,сельскохозяйственный рынок,check
Юбuлейный City,"ул. Пржевальского, 3, Улан-Удэ, Респ. Бурятия, 670034",Улан-Удэ,Улан-Удэ,Республика Бурятия,Russia,51.8421275,107.5906064,4.1,1944,OPERATIONAL,establishment|point_of_interest|shopping_mall,ChIJlUfOKNPEr10RerVyjuyGb9E,сельскохозяйственный рынок,check
Янта-Улан-Удэ,"Забайкальская ул., 23-а, Улан-Удэ, Респ. Бурятия, 670031",Улан-Удэ,Улан-Удэ,Республика Бурятия,Russia,51.7809371,107.5719935,4.9,7,OPERATIONAL,establishment|food|point_of_interest,ChIJFRJFysXcr10RHj64s3slZXw,оптовая база продуктов питания,check
"АЛЬТЕРНАТИВА, предприятие здорового питания","пр. Академика Филатова, 11, Ульяновск, Ульяновская обл., 432072",Ульяновск,Ульяновск,Ульяновская область,Russia,54.3820165,48.6015208,1.9,29,OPERATIONAL,establishment|food|point_of_interest,ChIJ6wRnDx4_XUER0D80e2VlK5c,оптовая база продуктов питания,check
Ангар-18,"просп. Гая, 100, Ульяновск, Ульяновская обл., 432035",Ульяновск,Ульяновск,Ульяновская область,Russia,54.249574,48.31288199999999,5,1,OPERATIONAL,establishment|food|grocery_or_supermarket|point_of_interest|store,ChIJ2SxWKNA1XUERMIwDYdYBKmo,оптовый продовольственный рынок,check
"Баратаевские овощи, сеть магазинов","ул. Генерала Мельникова, 8, к. 1, Ульяновск, Ульяновская обл., 432054",Ульяновск,Ульяновск,Ульяновская область,Russia,54.2786595,48.2701285,4.8,8,OPERATIONAL,establishment|food|point_of_interest|store,ChIJdalubRo0XUERZNelLRazlbk,сельскохозяйственный рынок,check
Блошиный рынок,"ул. 40 Летия Октября, 25А, Ульяновск, Ульяновская обл., 432010",Ульяновск,Ульяновск,Ульяновская область,Russia,54.35043,48.54328599999999,4.1,81,OPERATIONAL,establishment|point_of_interest,ChIJYQKzwd04XUER3w0AxoDybYY,сельскохозяйственный рынок,yes
"ВАВИЛОН, магазин армянских и грузинских продуктов","ул. Гончарова, 37, Ульяновск, Ульяновская обл., 432011",Ульяновск,Ульяновск,Ульяновская область,Russia,54.3221144,48.40177010000001,4.6,16,OPERATIONAL,establishment|food|grocery_or_supermarket|point_of_interest|store,ChIJwxvLgF03XUERU1u8569kONU,сельскохозяйственный рынок,check
Вещевой рынок,"Московское ш., 1б, Ульяновск, Ульяновская обл., 432045",Ульяновск,Ульяновск,Ульяновская область,Russia,54.291051,48.2590633,4.1,2078,OPERATIONAL,establishment|point_of_interest,ChIJW5L-O8k2XUER7TcpdMvzjX4,оптовый продовольственный рынок,yes
Группа компаний Продсоюз,"Профсоюзная ул., 60, Ульяновск, Ульяновская обл., 432023",Ульяновск,Ульяновск,Ульяновская область,Russia,54.23982119999999,48.29922010000001,5,1,OPERATIONAL,establishment|point_of_interest,ChIJqYg8ZB4_XUERRh_mM2n1gd8,оптовая база продуктов питания,check
Далимо-симбирск,"Рузаевский пер., 1, Ульяновск, Ульяновская обл., 432000",Ульяновск,Ульяновск,Ульяновская область,Russia,54.3002,48.30864500000001,4.4,40,OPERATIONAL,establishment|food|point_of_interest,ChIJr8Q8_7c2XUERvf5iqrZDmjI,оптовая база продуктов питания,check
Даррос,"пос, Фасадная ул., 40, Ульяновск, Ульяновская обл., 432047",Ульяновск,Ульяновск,Ульяновская область,Russia,54.2326665,48.2552619,3.9,10,OPERATIONAL,establishment|food|point_of_interest,ChIJOTzSr0E3XUERU08q7DJziOg,оптовая база продуктов питания,check
Зеленая улица,"ул. Гончарова, 21/10, Ульяновск, Ульяновская обл., 432017",Ульяновск,Ульяновск,Ульяновская область,Russia,54.31823379999999,48.3965574,3.2,6,OPERATIONAL,establishment|food|point_of_interest|store,ChIJ5bSTUWk3XUERT6vlZ82Rwvg,оптовый продовольственный рынок,check
Зеленая улица,"ТЦ ""Альянс-Свияга"", пр. Хо Ши Мина, 19, Ульяновск, Ульяновская обл., 432073",Ульяновск,Ульяновск,Ульяновская область,Russia,54.27048809999999,48.3005817,4.3,4,OPERATIONAL,establishment|food|point_of_interest|store,ChIJtTMsPSY0XUERmDSYVLzzh_E,оптовый продовольственный рынок,check
Зеленая улица,"ул. Пушкарёва, 70, Ульяновск, Ульяновская обл., 432049",Ульяновск,Ульяновск,Ульяновская область,Russia,54.3194084,48.3577747,4.2,37,OPERATIONAL,establishment|food|grocery_or_supermarket|point_of_interest|store,ChIJKeabzjo3XUERe9sbulBhzyo,сельскохозяйственный рынок,check
Зеленая улица,"ул. Карла Либкнехта, 17/5, Ульяновск, Ульяновская обл., 432017",Ульяновск,Ульяновск,Ульяновская область,Russia,54.3098805,48.3879139,4.9,12,OPERATIONAL,establishment|food|grocery_or_supermarket|point_of_interest|store,ChIJjb5yyxM3XUER5NSvWvNQjzk,сельскохозяйственный рынок,check
Ладья,"Московское ш., 13, Ульяновск, Ульяновская обл., 432045",Ульяновск,Ульяновск,Ульяновская область,Russia,54.302812,48.299602,3.3,3,OPERATIONAL,establishment|food|point_of_interest|store,ChIJU9Oqd7Y2XUERiuY4zmn3YGE,оптовая база продуктов питания,check
"Магазин ""Арарат""73","ул. Карла Маркса, 33/2, Ульяновск, Ульяновская обл., 432001",Ульяновск,Ульяновск,Ульяновская область,Russia,54.3216998,48.3896859,5,1,OPERATIONAL,establishment|point_of_interest,ChIJN5ox8UE3XUERnJHR7SAH6L0,оптовая база продуктов питания,check
Молвест,"ул. Можайского, 7, Ульяновск, Ульяновская обл., 432071",Ульяновск,Ульяновск,Ульяновская область,Russia,54.324046,48.3927499,4,33,OPERATIONAL,establishment|food|point_of_interest|store,ChIJI6PbW0I3XUERkbgBN3lS7Aw,оптовый продовольственный рынок,check
МТРК Аквамолл,"Московское ш., 108, Ульяновск, Ульяновская обл., 432005",Ульяновск,Ульяновск,Ульяновская область,Russia,54.3064107,48.3600067,4.6,9661,OPERATIONAL,establishment|food|point_of_interest|restaurant|shopping_mall,ChIJm7wB6x83XUERiAXzKBLvvxA,сельскохозяйственный рынок,check
Оптовая База,"Московское ш., 24а, Ульяновск, Ульяновская обл., 432045",Ульяновск,Ульяновск,Ульяновская область,Russia,54.3068943,48.283209,,,OPERATIONAL,establishment|point_of_interest,ChIJAVyMiUsxXUERb7yEdol6ZzU,оптовый продовольственный рынок,yes
Оптовая Компания ИП Натореев В.П.,"просп. Гая, 100, Ульяновск, Ульяновская обл., 432035",Ульяновск,Ульяновск,Ульяновская область,Russia,54.253165,48.3168191,3,1,OPERATIONAL,establishment|food|point_of_interest,ChIJS-4KK9A1XUERZxwylF_dWZs,оптовая база продуктов питания,yes
Оптовая плодо-овощная база,"ул. Урицкого, 27, Ульяновск, Ульяновская обл., 432071",Ульяновск,Ульяновск,Ульяновская область,Russia,54.3328552,48.3715972,3.2,6,OPERATIONAL,establishment|point_of_interest,ChIJgQoAG0w3XUERFEVjvaOWNkI,оптовый продовольственный рынок,yes
Оптово-розничная база Маяк,"14-й Инженерный просп., 13, Ульяновск, Ульяновская обл., 432072",Ульяновск,Ульяновск,Ульяновская область,Russia,54.3586032,48.59742130000001,4.1,125,OPERATIONAL,establishment|point_of_interest|real_estate_agency,ChIJL5JR-jY_XUERCxRb7gWfnjM,оптовая база продуктов питания,yes
Оптовый Рыбный склад на Гая,"корпус 5, просп. Гая, 100, Ульяновск, Ульяновская обл., 432023",Ульяновск,Ульяновск,Ульяновская область,Russia,54.2524473,48.3137184,,,OPERATIONAL,establishment|point_of_interest,ChIJ24fUS841XUERujGMurWHTvg,оптовая база продуктов питания,yes
Партнер,"пр. 50-летия ВЛКСМ, 17А, Ульяновск, Ульяновская обл., 432026",Ульяновск,Ульяновск,Ульяновская область,Russia,54.3028577,48.3289968,4,1,OPERATIONAL,establishment|food|point_of_interest,ChIJFT3IpMQ2XUERzFbuJTOorGU,оптовая база продуктов питания,check
Продсклад Победа,"просп. Гая, 100 к11, Ульяновск, Ульяновская обл., 432035",Ульяновск,Ульяновск,Ульяновская область,Russia,54.2524466,48.3146168,4.1,587,OPERATIONAL,establishment|food|grocery_or_supermarket|point_of_interest|store,ChIJH-mxSs41XUERVLqr7BRbWsk,оптовый продовольственный рынок,check
Продсклад Победа,"пр-т. Созидателей, 17а, Ульяновск, Ульяновская обл., 432059",Ульяновск,Ульяновск,Ульяновская область,Russia,54.3688252,48.5918845,4.3,47,OPERATIONAL,establishment|food|grocery_or_supermarket|point_of_interest|store,ChIJVQ8_yd4_XUER6yY6zBz9JUk,оптовый продовольственный рынок,check
Продсклад Победа,"Камышинская ул., 40, Ульяновск, Ульяновская обл., 432054",Ульяновск,Ульяновск,Ульяновская область,Russia,54.2764469,48.2832393,4.2,310,OPERATIONAL,establishment|food|grocery_or_supermarket|point_of_interest|store,ChIJrzOvpBg0XUER79cdZFUNqJY,оптовый продовольственный рынок,check
Продсклад Победа,"ул. Марата, 45, Ульяновск, Ульяновская обл., 432001",Ульяновск,Ульяновск,Ульяновская область,Russia,54.3169798,48.3876833,4.1,251,OPERATIONAL,establishment|food|grocery_or_supermarket|point_of_interest|store,ChIJObIt1Go3XUER2FEr94dYZEA,сельскохозяйственный рынок,check
Продукты по оптовым ценам,"Московское ш., 3, Ульяновск, Ульяновская обл., 432045",Ульяновск,Ульяновск,Ульяновская область,Russia,54.2922715,48.2778052,,,OPERATIONAL,establishment|food|point_of_interest|store,ChIJY_-ncak2XUERVDsGyirIqN8,оптовый продовольственный рынок,yes
Рыба от производителя,"Московское ш., 13Бк2, Ульяновск, Ульяновская обл., 432045",Ульяновск,Ульяновск,Ульяновская область,Russia,54.3025392,48.3000961,4.3,47,OPERATIONAL,establishment|food|point_of_interest,ChIJmT2IdrY2XUERciVziwzHm0Y,оптовая база продуктов питания,check
рыбный магазин,"ул. Розы Люксембург, 22, Ульяновск, Ульяновская обл., 432027",Ульяновск,Ульяновск,Ульяновская область,Russia,54.3468594,48.3864586,4,47,OPERATIONAL,establishment|food|grocery_or_supermarket|point_of_interest|store,ChIJXVjoEAA6XUERuZOlF7PpEIc,сельскохозяйственный рынок,check
Рыбный склад Восточный ИП Смирнов Д. А.,"28, 26-й Инженерный пр-д, 10, Ульяновск, Ульяновская обл., 432072",Ульяновск,Ульяновск,Ульяновская область,Russia,54.3451512,48.6066592,1,1,OPERATIONAL,establishment|point_of_interest,ChIJqc14oFI_XUEROPcXTkFL1w4,оптовая база продуктов питания,check
Рынок,"пр. Нариманова, 114, Ульяновск, Ульяновская обл., 432030",Ульяновск,Ульяновск,Ульяновская область,Russia,54.3523448,48.3630497,4,13,OPERATIONAL,establishment|point_of_interest,ChIJJUhBYaYwXUER4eSN-UfKSjA,оптовый продовольственный рынок,yes
Рынок на Московском Шоссе,"Московское ш., 1Б, Ульяновск, Ульяновская обл., 432045",Ульяновск,Ульяновск,Ульяновская область,Russia,54.291051,48.2590633,,,OPERATIONAL,establishment|point_of_interest,ChIJyfMh1fs1XUERhPU9BCAcxzI,сельскохозяйственный рынок,yes
Рынок На Промышленной,"Промышленная ул., 54, Ульяновск, Ульяновская обл., 432045",Ульяновск,Ульяновск,Ульяновская область,Russia,54.28274039999999,48.30552300000001,3.9,1041,OPERATIONAL,establishment|point_of_interest,ChIJ_yO84Jg2XUEREEbamdSFkic,оптовый продовольственный рынок,yes
Симпродторг,"ул. Автомобилистов, 14а, Ульяновск, Ульяновская обл., 432035",Ульяновск,Ульяновск,Ульяновская область,Russia,54.2478041,48.3224953,5,1,OPERATIONAL,establishment|point_of_interest,ChIJwbTqfNs1XUERd2FidLFGHug,оптовая база продуктов питания,check
Темп Торговая Компания,"Ульяновск, Ульяновская обл., 432000",Ульяновск,Ульяновск,Ульяновская область,Russia,54.314244,48.392065,5,1,OPERATIONAL,establishment|food|grocery_or_supermarket|point_of_interest|store,ChIJacUNrmw3XUERK88VX32XYXI,оптовая база продуктов питания,check
"ТЦ ""Ветер""","ул. Врача Михайлова, 32, Ульяновск, Ульяновская обл., 432057",Ульяновск,Ульяновск,Ульяновская область,Russia,54.3537876,48.5405118,4.2,415,OPERATIONAL,establishment|point_of_interest|shopping_mall,ChIJPShF_944XUERhf1i3vLSQ-U,сельскохозяйственный рынок,check
"ТЦ ""ДА""","ул. Рябикова, 106А, Ульяновск, Ульяновская обл., 432066",Ульяновск,Ульяновск,Ульяновская область,Russia,54.2701968,48.2841748,4.3,650,OPERATIONAL,establishment|point_of_interest|shopping_mall,ChIJ9YnVVSM0XUERWDbLU5hXP44,оптовый продовольственный рынок,check
"ТЦ ""Калинка""","просп. Гая, 100 к1, Ульяновск, Ульяновская обл., 432023",Ульяновск,Ульяновск,Ульяновская область,Russia,54.252344,48.31601269999999,4.2,176,OPERATIONAL,establishment|point_of_interest|shopping_mall,ChIJpSaFz881XUERG69JRQTApFo,оптовый продовольственный рынок,check
Ульяновскмолпром,"Московское ш., 74, Ульяновск, Ульяновская обл., 432026",Ульяновск,Ульяновск,Ульяновская область,Russia,54.306363,48.314966,4,13,OPERATIONAL,establishment|food|point_of_interest,ChIJQ59Z4M42XUERVu-9dVn11Hk,оптовая база продуктов питания,check
Универсальный Рынок,"пр. Генерала Тюленева, 18, Ульяновск, Ульяновская обл., 432064",Ульяновск,Ульяновск,Ульяновская область,Russia,54.3826923,48.5869436,,,OPERATIONAL,establishment|point_of_interest,ChIJ8W5PAt4-XUERvNuKPVyA6lM,сельскохозяйственный рынок,yes
фрукты оптом ульяновск,"ул. Урицкого, дом 23 б, Ульяновск, Ульяновская обл., 432002",Ульяновск,Ульяновск,Ульяновская область,Russia,54.333289,48.37459399999999,,,OPERATIONAL,establishment|point_of_interest,ChIJ5VUSj043XUERzj_Leh4q4oQ,оптовый продовольственный рынок,yes
Центральный Рынок,"ул. Марата, дом 45, Ульяновск, Ульяновская обл., 432071",Ульяновск,Ульяновск,Ульяновская область,Russia,54.317072,48.388397,4,1803,OPERATIONAL,establishment|point_of_interest,ChIJISncJms3XUERj5ZDN3S24cA,оптовый продовольственный рынок,yes
Южный рынок,"ул. Кирова, 12, Ульяновск, Ульяновская обл., 432063",Ульяновск,Ульяновск,Ульяновская область,Russia,54.298552,48.379681,3.8,398,OPERATIONAL,establishment|point_of_interest,ChIJtX_UigM3XUERBzDUrEwaOME,оптовый продовольственный рынок,yes
"Агропарк ""Евразия""","пр-т. Дружбы Народов, 21, Уфа, Респ. Башкортостан, 450017",Уфа,Уфа,Республика Башкортостан,Russia,54.7655182,55.94013810000001,4.2,279,OPERATIONAL,establishment|food|point_of_interest|restaurant|store,ChIJ2zSHiKUw2UMRAF6aWWiTRGU,оптовый продовольственный рынок,yes
Базар № 1,"ул. Менделеева, 205А, Уфа, Респ. Башкортостан, 450071",Уфа,Уфа,Республика Башкортостан,Russia,54.741371,56.027021,4.4,634,OPERATIONAL,establishment|food|grocery_or_supermarket|point_of_interest|store,ChIJr7W9DZs52UMR1RA5Ad4LKV0,оптовый продовольственный рынок,yes
Башкирская медовая компания,"Ул. Благоварская, д.4 Ул, Айская ул., д.82, Уфа, Респ. Башкортостан, 450000",Уфа,Уфа,Республика Башкортостан,Russia,54.73470529999999,55.9806278,5,2,OPERATIONAL,establishment|food|point_of_interest,ChIJ3asFLCQ62UMRmGSc40qbYJs,оптовая база продуктов питания,check
Биофлора,"ул. 50 лет СССР, 47, Уфа, Респ. Башкортостан, 450071",Уфа,Уфа,Республика Башкортостан,Russia,54.7460856,56.0272324,4.6,40,OPERATIONAL,establishment|food|point_of_interest,ChIJhfPtpJA52UMRa76NZi3HLOw,оптовая база продуктов питания,check
"Гагаринский, торгово-сервисный комплекс","Уфа, Респ. Башкортостан, 450105",Уфа,Уфа,Республика Башкортостан,Russia,54.7673261,56.072359,4.2,708,OPERATIONAL,establishment|point_of_interest|shopping_mall,ChIJ-SaPMkY42UMRAhSkATBIIN4,сельскохозяйственный рынок,check
Гурьевская Оптовая База,"Гурьевская ул., 3а, Уфа, Респ. Башкортостан, 450022",Уфа,Уфа,Республика Башкортостан,Russia,54.7122337,55.983384,3.9,20,OPERATIONAL,establishment|food|point_of_interest|store,ChIJmZRjurY72UMRnq8nVKavl6I,плодоовощная база оптовая,yes
Дельфин,"Центральная ул., 59/2 к1, Уфа, Респ. Башкортостан, 450024",Уфа,Уфа,Республика Башкортостан,Russia,54.6732564,55.8016483,4.8,9,OPERATIONAL,establishment|food|point_of_interest|store,ChIJbd0NZS062UMRtKpfckqttgw,оптовая база продуктов питания,check
Демская торговая база,"ул. Вахтангова, 25, Уфа, Респ. Башкортостан, 450095",Уфа,Уфа,Республика Башкортостан,Russia,54.693936,55.845584,3.8,2430,OPERATIONAL,establishment|point_of_interest,ChIJm11w4Tsl2UMRe1PXSu6D9HM,оптовый продовольственный рынок,yes
Здоровое питание,"ул. Пушкина, 82, Уфа, Респ. Башкортостан, 450076",Уфа,Уфа,Республика Башкортостан,Russia,54.7226874,55.9378159,4.9,7,OPERATIONAL,establishment|food|health|point_of_interest|store,ChIJxXh41l462UMRhJTr-Q5Deqc,оптовая база продуктов питания,check
Кировский,"ТЦ ""Азия"", Гурьевская ул., 3а, Уфа, Респ. Башкортостан, 450022",Уфа,Уфа,Республика Башкортостан,Russia,54.7128868,55.9856796,4,330,OPERATIONAL,establishment|food|grocery_or_supermarket|point_of_interest|store,ChIJty6LurY72UMRKl3XOcZb8M4,сельскохозяйственный рынок,check
Матрица-трейд,"ул. Рязанская, 1, Уфа, Респ. Башкортостан, 450000",Уфа,Уфа,Республика Башкортостан,Russia,54.7574195,56.01434099999999,5,1,OPERATIONAL,establishment|point_of_interest,ChIJUfIkoOs52UMRhlOJhcOtKdY,оптовая база продуктов питания,check
Овощная База,"Уфа, Респ. Башкортостан, 450068",Уфа,Уфа,Республика Башкортостан,Russia,54.7966165,56.1151499,,,OPERATIONAL,establishment|point_of_interest,ChIJ94lkDvdH2UMRMnVUvporhI4,плодоовощная база оптовая,yes
Оптовая база на Горького,"Рынок “На Садовой”, ул. Садовая, 2, Отдел 12, Уфа, Респ. Башкортостан, 450044",Уфа,Уфа,Республика Башкортостан,Russia,54.82897939999999,56.06980129999999,4.2,277,OPERATIONAL,establishment|food|grocery_or_supermarket|point_of_interest|store,ChIJdQJuLSdI2UMRBcaQ8Q8Wwrc,оптовый продовольственный рынок,yes
Оптовый Овощной Рынок,"народов 2/1, пер. Дружбы, Уфа, Респ. Башкортостан, 450007",Уфа,Уфа,Республика Башкортостан,Russia,54.7648239,55.9412727,4.2,399,OPERATIONAL,establishment|food|point_of_interest,ChIJd9frgKUw2UMRpUGNVIdXRcU,оптовый продовольственный рынок,yes
Оптовый рынок,"ул. Губкина, 10, Уфа, Респ. Башкортостан, 450044",Уфа,Уфа,Республика Башкортостан,Russia,54.8276421,56.06742999999999,4.7,3,OPERATIONAL,establishment|point_of_interest,ChIJUZ5Hkf9J2UMRDrWMiU5WvPU,плодоовощная база оптовая,yes
Орджоникидзевский рынок,"Рынок “На Садовой”, ул. Садовая, 2, Уфа, Респ. Башкортостан, 450044",Уфа,Уфа,Республика Башкортостан,Russia,54.82908639999999,56.06895429999999,4.1,773,OPERATIONAL,establishment|food|grocery_or_supermarket|point_of_interest|store,ChIJ4XDY5yZI2UMRr5KRzCa_5r4,оптовый продовольственный рынок,yes
Пищепром,"ул. Менделеева, 153, Уфа, Респ. Башкортостан, 450022",Уфа,Уфа,Республика Башкортостан,Russia,54.7160649,56.00243469999999,4.7,11,OPERATIONAL,establishment|food|point_of_interest,ChIJmX9eIM872UMRxhsRh6jrhrE,оптовая база продуктов питания,check
Посейдон склад магазин морепродуктов,"улица Менделеева, 138, Заки Валиди, 67, Уфа, Респ. Башкортостан, 450022",Уфа,Уфа,Республика Башкортостан,Russia,54.7187783,56.0084434,5,10,OPERATIONAL,establishment|food|point_of_interest|restaurant|store,ChIJb3ORxdE72UMRROKus73yNhM,оптовая база продуктов питания,check
Продовольственная Оптовая База,"ул. Садовая, 1, Уфа, Респ. Башкортостан, 450044",Уфа,Уфа,Республика Башкортостан,Russia,54.8265616,56.06813589999999,5,1,OPERATIONAL,establishment|food|grocery_or_supermarket|point_of_interest|store,ChIJC4YeuCBI2UMRvhinYp9PL6I,оптовая база продуктов питания,yes
Продуктовые ряды,"МЦ ""Чайка"", ул. Менделеева, 177, Уфа, Респ. Башкортостан, 450080",Уфа,Уфа,Республика Башкортостан,Russia,54.7207053,56.0095006,4.5,2,OPERATIONAL,establishment|food|grocery_or_supermarket|point_of_interest|store,ChIJzU2SkdE72UMR5x3p5u5E15U,сельскохозяйственный рынок,check
РЕГИОНАЛЬНЫЙ АГРОПРОМЫШЛЕННЫЙ КЛАСТЕР ЭКОНОМИКИ,"ул. Заки Валиди, 2, Уфа, Респ. Башкортостан, 450076",Уфа,Уфа,Республика Башкортостан,Russia,54.7210809,55.9293545,3.8,6,OPERATIONAL,establishment|food|point_of_interest,ChIJI8OF1_U62UMRqv7QEZqtcyU,оптовая база продуктов питания,yes
Северный,"Инициативная ул., 1 корпус 1, Уфа, Респ. Башкортостан, 450032",Уфа,Уфа,Республика Башкортостан,Russia,54.8284616,56.09514,3.7,1235,OPERATIONAL,establishment|point_of_interest,ChIJh-eRCSJI2UMR3A5q2J7os9A,сельскохозяйственный рынок,check
"ТК ""Центральный""","ул. Цюрупы, 97, Уфа, Респ. Башкортостан, 450006",Уфа,Уфа,Республика Башкортостан,Russia,54.7363768,55.9560764,4.4,10021,OPERATIONAL,establishment|point_of_interest|shopping_mall,ChIJm4hRpGo62UMRpTWsJGffS2k,сельскохозяйственный рынок,check
"ТСК ""Свердловский""","ул. Свердлова, 90, Уфа, Респ. Башкортостан, 450076",Уфа,Уфа,Республика Башкортостан,Russia,54.7251,55.93788,4.1,1208,OPERATIONAL,clothing_store|establishment|food|grocery_or_supermarket|point_of_interest|shoe_store|store,ChIJkVDdAGg62UMRL1lSjwK-ap8,сельскохозяйственный рынок,check
ТСК «Красинский рынок»,"ул. Красина, 21, Уфа, Респ. Башкортостан, 450076",Уфа,Уфа,Республика Башкортостан,Russia,54.7339672,55.9339172,3.9,2337,OPERATIONAL,establishment|point_of_interest|shopping_mall,ChIJiZhab2Y62UMR9J1IVO0C7pk,оптовый продовольственный рынок,yes
ТСК КУПЕЦ,"ТСК ""Купец, Хадии Давлетшиной б-р, 11 А, Уфа, Респ. Башкортостан, 450097",Уфа,Уфа,Республика Башкортостан,Russia,54.7358765,55.992629,4.1,742,OPERATIONAL,establishment|food|grocery_or_supermarket|point_of_interest|real_estate_agency|store,ChIJRZU27CU62UMRdjqBWvp-5Cc,сельскохозяйственный рынок,check
Уфабакалея,"Гурьевская ул., 3А, склад 41, Уфа, Респ. Башкортостан, 450022",Уфа,Уфа,Республика Башкортостан,Russia,54.7150776,55.9876047,5,3,OPERATIONAL,establishment|point_of_interest,ChIJM-NNw7U72UMRw5s392ffatU,оптовая база продуктов питания,check
Уфасахар,"Гурьевская ул., 3а, Уфа, Респ. Башкортостан, 450106",Уфа,Уфа,Республика Башкортостан,Russia,54.7122337,55.98338409999999,5,1,OPERATIONAL,establishment|food|point_of_interest,ChIJd-_cnqk72UMRf6kvA09gj04,оптовая база продуктов питания,check
Фермер халяль,"ул. пр-т. Октября, 18, Уфа, Респ. Башкортостан, 450009",Уфа,Уфа,Республика Башкортостан,Russia,54.7467337,55.99456379999999,4.7,33,OPERATIONAL,establishment|food|point_of_interest|store,ChIJoyiUwIo52UMR7Yf6NpZi_yA,оптовая база продуктов питания,check
Фермерский рынок Урожай,"ул. Рабкоров, Уфа, Респ. Башкортостан, 450092",Уфа,Уфа,Республика Башкортостан,Russia,54.7024155,56.0021595,4.5,15,OPERATIONAL,establishment|point_of_interest,ChIJcROYbuM72UMRKL1SMepEkec,сельскохозяйственный рынок,yes
ФРЕШ МАРКЕТ,"ул. Цюрупы, 97 корпус 1, Уфа, Респ. Башкортостан, 450006",Уфа,Уфа,Республика Башкортостан,Russia,54.7361289,55.9574055,4.5,135,OPERATIONAL,establishment|food|grocery_or_supermarket|point_of_interest|store,ChIJ0TZjr2o62UMR_dEOuUX0bBY,сельскохозяйственный рынок,check
"Хбк, Универсальный Рынок","ул. Менделеева, 137 корп. 4, Уфа, Респ. Башкортостан, 450022",Уфа,Уфа,Республика Башкортостан,Russia,54.7127187,55.99128320000001,5,3,OPERATIONAL,establishment|point_of_interest,ChIJj7iBMrY72UMRh45VaS2c1VQ,сельскохозяйственный рынок,yes
Центральный рынок,"ул. Цюрупы, 102, Уфа, Респ. Башкортостан, 450092",Уфа,Уфа,Республика Башкортостан,Russia,54.7343608,55.957942,4.7,18,OPERATIONAL,establishment|parking|point_of_interest,ChIJiw_M8IU72UMRrdjihQx_fzw,сельскохозяйственный рынок,yes
ЭВЕРЕСТ,"ул. Свободы, 55, Уфа, Респ. Башкортостан, 450065",Уфа,Уфа,Республика Башкортостан,Russia,54.8220414,56.110347,5,2,OPERATIONAL,establishment|point_of_interest,ChIJYy8VdRJI2UMRyzoQljwCJJg,оптовая база продуктов питания,check
Юрматы,"б-р Тухвата Янаби, 20к2, Уфа, Респ. Башкортостан, 450000",Уфа,Уфа,Республика Башкортостан,Russia,54.7798081,56.12394099999999,4,820,OPERATIONAL,establishment|food|grocery_or_supermarket|point_of_interest|store,ChIJvdi-43Y42UMRjA_fwe-CJlA,сельскохозяйственный рынок,check
Оптовик,"ул. Центральная, 37, Фанерник, Костромская обл., 156518",Фанерник,Кострома,Костромская область,Russia,57.7862579,41.0410772,4.3,490,OPERATIONAL,establishment|point_of_interest|shopping_mall,ChIJjVfsQwJPrUYRlpNC0B9vEDU,оптовый продовольственный рынок,yes
24-09-04 АМУР ТОРГОВЫЙ ДОМ,"Индустриальный пер., 4б, Хабаровск, Хабаровский край, 680030",Хабаровск,Хабаровск,Хабаровский край,Russia,48.420391,135.11203,3.7,3,OPERATIONAL,establishment|food|point_of_interest,ChIJHR0R2JLo-l4RAJThom2wsQU,оптовая база продуктов питания,check
Амур Хорека,"ул. 1220 Километр, 1/1, Хабаровск, Хабаровский край, 680030",Хабаровск,Хабаровск,Хабаровский край,Russia,48.4632928,135.1165017,5,1,OPERATIONAL,establishment|point_of_interest,ChIJ__9jie3p-l4RK4NNjH4nHbQ,оптовый продовольственный рынок,check
База на Лазо,"ул. Лазо, 3, Хабаровск, Хабаровский край, 680022",Хабаровск,Хабаровск,Хабаровский край,Russia,48.5018603,135.0801289,5,1,OPERATIONAL,establishment|point_of_interest,ChIJ5ev20eHB-l4RRMfnHp96F3g,оптовый продовольственный рынок,yes
Балтимор-Амур,"ул. Трехгорная, 8, Хабаровск, Хабаровский край, 680054",Хабаровск,Хабаровск,Хабаровский край,Russia,48.54246999999999,135.0181189,5,10,OPERATIONAL,establishment|food|point_of_interest,ChIJyVWKlvHp-l4RgHOzlxnjGyQ,оптовая база продуктов питания,check
Большой Рынок,"ул. Льва Толстого, 19, Хабаровск, Хабаровский край, 680021",Хабаровск,Хабаровск,Хабаровский край,Russia,48.4872089,135.068048,4.4,74,OPERATIONAL,establishment|point_of_interest,ChIJc0xIVxfq-l4RYq7cNjA3J7c,оптовый продовольственный рынок,yes
Выборгская (рынок),"Нововыборгская ул., 50Б, Хабаровск, Хабаровский край, 680030",Хабаровск,Хабаровск,Хабаровский край,Russia,48.4848845,135.1350817,3.9,2414,OPERATIONAL,establishment|point_of_interest|shopping_mall,ChIJqaztcg3C-l4RIqGbIlmu0OE,оптовый продовольственный рынок,yes
Депо-2,"Хабаровск, Хабаровский край, 680000",Хабаровск,Хабаровск,Хабаровский край,Russia,48.5438015,135.0434072,3.9,624,OPERATIONAL,establishment|point_of_interest|shopping_mall,ChIJfYwyVxPA-l4R1ODz0Ja7yXI,оптовый продовольственный рынок,check
ИП Пащенко А.М.,"Картографический пер., 5А, офис 36, Хабаровск, Хабаровский край, 680030",Хабаровск,Хабаровск,Хабаровский край,Russia,48.4667088,135.0935792,5,1,OPERATIONAL,establishment|point_of_interest,ChIJlbjpjJTp-l4R9I_y2Xm7WNg,оптовая база продуктов питания,check
Креветка Сахалина,"Оптовый рынок ""Многорядов"", пр. 60-летия Октября, 162, Хабаровск, Хабаровский край, 680000",Хабаровск,Хабаровск,Хабаровский край,Russia,48.4856107,135.1116268,5,1,OPERATIONAL,establishment|food|point_of_interest|store,ChIJu5g2hgfC-l4RyPvb4QUiE4g,оптовый продовольственный рынок,check
Лесные продукты,"ул. Карла Маркса, 176, Хабаровск, Хабаровский край, 680031",Хабаровск,Хабаровск,Хабаровский край,Russia,48.5030099,135.137265,5,5,OPERATIONAL,establishment|food|point_of_interest,ChIJxWyhYSHC-l4RQWIJ51k0mk8,оптовая база продуктов питания,check
Мир сухофруктов,"ул. Ленинградская, 28/1, Хабаровск, Хабаровский край, 680000",Хабаровск,Хабаровск,Хабаровский край,Russia,48.4832417,135.0959351,4,5,OPERATIONAL,establishment|food|point_of_interest,ChIJPWtBmfnp-l4RwCbhX8zu-B4,оптовая база продуктов питания,check
Многорядов Рынок,"пр. 60-летия Октября, 162, Хабаровск, Хабаровский край, 680014",Хабаровск,Хабаровск,Хабаровский край,Russia,48.48377499999999,135.108836,4.1,2923,OPERATIONAL,establishment|point_of_interest|shopping_mall,ChIJA_P4Af3p-l4RQS_m0PTo2FE,оптовый продовольственный рынок,yes
МОЛОПТТОРГ,"Центральная ул., д. 33, Хабаровск, Хабаровский край, 680023",Хабаровск,Хабаровск,Хабаровский край,Russia,48.43194219999999,135.1176174,4.3,3,OPERATIONAL,establishment|food|point_of_interest,ChIJUaMhpZLo-l4Rde6Bg06GyH4,оптовая база продуктов питания,yes
"МТЦ ""Выборгский""","Нововыборгская ул., 25, Хабаровск, Хабаровский край, 680031",Хабаровск,Хабаровск,Хабаровский край,Russia,48.4836111,135.1369444,4,1472,OPERATIONAL,establishment|point_of_interest|shopping_mall,ChIJ7Q4zSw3C-l4RXWyLW-TfZYU,оптовый продовольственный рынок,check
"МТЦ ""Оборонная""","Оборонная ул., 15, Хабаровск, Хабаровский край, 680000",Хабаровск,Хабаровск,Хабаровский край,Russia,48.4580612,135.0984191,4,259,OPERATIONAL,establishment|point_of_interest,ChIJw_IOebvp-l4R6L_fiQBVyHs,сельскохозяйственный рынок,check
Невада Опт,"корп. 1, ул. Шкотова, 15а, Хабаровск, Хабаровский край, 680014",Хабаровск,Хабаровск,Хабаровский край,Russia,48.4685257,135.1306605,3,1,OPERATIONAL,establishment|point_of_interest,ChIJeyMlLNrp-l4Rr661-x-5Lls,оптовая база продуктов питания,yes
Ной,"Кедровый пер., 3, Хабаровск, Хабаровский край, 680000",Хабаровск,Хабаровск,Хабаровский край,Russia,48.3657571,135.0311365,5,1,OPERATIONAL,establishment|point_of_interest,ChIJh6T_r4Xv-l4R3zHkVqXvDQY,оптовая база продуктов питания,check
Овощи и фрукты,"Проспект 60 лет октябр, 158, Хабаровск, Хабаровский край, 680000",Хабаровск,Хабаровск,Хабаровский край,Russia,48.4853379,135.1092532,4,31,OPERATIONAL,establishment|food|grocery_or_supermarket|point_of_interest|store,ChIJOSpZcwDC-l4R-7h5BtxI7oE,оптовый продовольственный рынок,check
"ООО ""Алконост"" Оптово-розничная база","ул. Зеленая, 3б, Хабаровск, Хабаровский край, 680032",Хабаровск,Хабаровск,Хабаровский край,Russia,48.4504157,135.126349,4.4,105,OPERATIONAL,establishment|point_of_interest|shopping_mall,ChIJRxCe8Ero-l4RRhjV8jbOkGo,оптовый продовольственный рынок,yes
"ООО ""Плавмагазин""","Производственный пер., 12 Б, Хабаровск, Хабаровский край, 680015",Хабаровск,Хабаровск,Хабаровский край,Russia,48.409261,135.1624743,,,OPERATIONAL,establishment|point_of_interest,ChIJsW-KSEfq-l4RuUulpCIi38E,плодоовощная база оптовая,check
"ООО ""Поворотова""","Бикинская ул., 16, офис 22, Хабаровск, Хабаровский край, 680014",Хабаровск,Хабаровск,Хабаровский край,Russia,48.461985,135.127383,5,2,OPERATIONAL,establishment|point_of_interest,ChIJEc1yxs_p-l4RIehOdxD9CAE,оптовая база продуктов питания,check
"ООО ""РММТ""","ул. Донская, 2а, Хабаровск, Хабаровский край, 680045",Хабаровск,Хабаровск,Хабаровский край,Russia,48.4585794,135.1674447,3.7,73,OPERATIONAL,establishment|food|point_of_interest,ChIJP9PRZLLp-l4RO6vTiDRhxdg,оптовый продовольственный рынок,check
Ооо Центральный Продовольственный Рынок,"Станционная ул., 18, Хабаровск, Хабаровский край, 680021",Хабаровск,Хабаровск,Хабаровский край,Russia,48.4961747,135.0639587,,,OPERATIONAL,establishment|point_of_interest|store,ChIJ59GboxLq-l4RYt2e21X9_ew,сельскохозяйственный рынок,yes
Оптово-розничная база,"ул. Шевчука, 28, Хабаровск, Хабаровский край, 680000",Хабаровск,Хабаровск,Хабаровский край,Russia,48.4545332,135.0972592,3.9,78,OPERATIONAL,establishment|point_of_interest|shopping_mall,ChIJfwn3IqXp-l4RFuVPGeijazg,оптовый продовольственный рынок,yes
Продуктовая база,"пр. 60-летия Октября, 188, Хабаровск, Хабаровский край, 680009",Хабаровск,Хабаровск,Хабаровский край,Russia,48.4900807,135.1038332,5,1,OPERATIONAL,establishment|point_of_interest,ChIJG8rN3__p-l4RWkC3WRgDThk,оптовый продовольственный рынок,yes
"Рынок Али МТЦ ""Карла Маркса""","ул. Карла Маркса, 101, Хабаровск, Хабаровский край, 680009",Хабаровск,Хабаровск,Хабаровский край,Russia,48.50156399999999,135.1014556,4.1,1046,OPERATIONAL,establishment|point_of_interest,ChIJ46mbWPrB-l4R-Fzqu0e3qUw,оптовый продовольственный рынок,yes
Судоверфь,"ул. Калараша, 1, Хабаровск, Хабаровский край, 680007",Хабаровск,Хабаровск,Хабаровский край,Russia,48.4515351,135.1071311,4.1,746,OPERATIONAL,establishment|point_of_interest|shopping_mall,ChIJ44uI6rHp-l4Rt39LoIGSkGE,оптовый продовольственный рынок,check
Торговый бульвар,"ул. Льва Толстого, 15, Хабаровск, Хабаровский край, 680000",Хабаровск,Хабаровск,Хабаровский край,Russia,48.4855832,135.0686602,4.3,989,OPERATIONAL,establishment|point_of_interest|shopping_mall,ChIJVZ_oyBnq-l4R72QecIk5mFU,сельскохозяйственный рынок,check
"ТЦ ""На Пушкина""","ул. Льва Толстого, 19, Хабаровск, Хабаровский край, 680000",Хабаровск,Хабаровск,Хабаровский край,Russia,48.4856237,135.0675305,4.5,2370,OPERATIONAL,establishment|point_of_interest|shopping_mall,ChIJLTQCMxjq-l4RMT5wkdGgyBI,сельскохозяйственный рынок,check
"ТЦ ""Южный""","ул. Суворова, 28Б, Отдел 5, Хабаровск, Хабаровский край, 680000",Хабаровск,Хабаровск,Хабаровский край,Russia,48.3931021,135.1026791,4.4,1748,OPERATIONAL,establishment|point_of_interest|shopping_mall,ChIJnzcsXKro-l4Rx9MlDr4SGSc,сельскохозяйственный рынок,check
ТЦ Экодом,"ул. Ленинградская, 28, Хабаровск, Хабаровский край, 680013",Хабаровск,Хабаровск,Хабаровский край,Russia,48.4861967,135.091907,4.4,3449,OPERATIONAL,establishment|point_of_interest|shopping_mall,ChIJj_MFgvjp-l4R06vlLQPOZro,оптовый продовольственный рынок,check
Фермерский дворик,"ул. Ленина, 19/2, Хабаровск, Хабаровский край, 680000",Хабаровск,Хабаровск,Хабаровский край,Russia,48.4700505,135.0706826,4.6,61,OPERATIONAL,establishment|food|point_of_interest|store,ChIJaT8Duhnp-l4RTnFJv9Gt5aA,оптовый продовольственный рынок,check
Фермерский рынок,"ТЦ “Экодом, ул. Ленинградская, ул., 28, Хабаровск, Хабаровский край, 680013",Хабаровск,Хабаровск,Хабаровский край,Russia,48.48588520000001,135.091399,4,2,OPERATIONAL,establishment|point_of_interest,ChIJS0avfT_r-l4RbL5ALCk9cYs,оптовый продовольственный рынок,yes
Форт Трейд ДВ,"Ленская ул., 2б, Хабаровск, Хабаровский край, 680014",Хабаровск,Хабаровск,Хабаровский край,Russia,48.4573381,135.1239475,5,1,OPERATIONAL,establishment|food|point_of_interest,ChIJCQ-T08vp-l4R2VV-vatzUyw,плодоовощная база оптовая,check
Фруктовая лавка,"st., 19 Central food market, place 1018 Lev Tolstoy, Хабаровск, Хабаровский край, 680000",Хабаровск,Хабаровск,Хабаровский край,Russia,48.44058649999999,135.0252476,,,OPERATIONAL,establishment|point_of_interest,ChIJq6qqqlrp-l4Rhc1A0GoZn6o,плодоовощная база оптовая,check
Хабаровский Масложиркомбинат,"ул. Индустриальная, 19-А, Хабаровск, Хабаровский край, 680000",Хабаровск,Хабаровск,Хабаровский край,Russia,48.423111,135.1200344,4.7,3,OPERATIONAL,establishment|food|point_of_interest,ChIJ_0Cah4zo-l4ReOy7KFUs_z4,оптовая база продуктов питания,check
Центральный продовольственный рынок,"ул. Льва Толстого, 19, Хабаровск, Хабаровский край, 680000",Хабаровск,Хабаровск,Хабаровский край,Russia,48.4859103,135.0675658,4.2,3029,OPERATIONAL,establishment|food|grocery_or_supermarket|point_of_interest|store,ChIJyVWKlvHp-l4RX74FGR0Ipi8,оптовый продовольственный рынок,yes
Центральный продовольственный рынок,"Центральный продовольственный рынок, ул. Льва Толстого, 19, Хабаровск, Хабаровский край, 680000",Хабаровск,Хабаровск,Хабаровский край,Russia,48.4866116,135.0682323,,,,premise|street_address,ChIJAScb3hnq-l4Rh_ilCoF8arM,сельскохозяйственный рынок,yes
"Торговая компания, ИП Мухина В.А.","Игарская ул., 5а, Абакан, Хакасия Републиц, 655004",Хакасия Републиц,Абакан,Республика Хакасия,Russia,53.71198529999999,91.3863159,5,8,OPERATIONAL,establishment|food|point_of_interest,ChIJQ9uHiJ49LF0RcJDx9HQJPxY,оптовая база продуктов питания,check
Аптека от склада,"ул. Объездная, 59а, Ханты-Мансийск, Ханты-Мансийский автономный округ, 628001",Ханты-Мансийск,Ханты-Мансийск,Ханты-Мансийский АО,Russia,60.97055390000001,69.0249314,1.3,6,OPERATIONAL,establishment|food|health|pharmacy|point_of_interest|store,ChIJmRccdJFknkMR7tnFFdBsjkY,оптовый продовольственный рынок,check
Аптека от склада,"Студенческая ул., 14, Ханты-Мансийск, Ханты-Мансийский автономный округ, 628011",Ханты-Мансийск,Ханты-Мансийск,Ханты-Мансийский АО,Russia,61.01362020000001,69.045637,4.7,3,OPERATIONAL,establishment|food|health|pharmacy|point_of_interest|store,ChIJxbirBdZ6nkMR6FhVrQrDWGY,оптовый продовольственный рынок,check
Аптека от склада,"ул. Мира, 68, Ханты-Мансийск, Ханты-Мансийский автономный округ, 628007",Ханты-Мансийск,Ханты-Мансийск,Ханты-Мансийский АО,Russia,61.007229,69.040999,2.5,2,OPERATIONAL,establishment|food|health|pharmacy|point_of_interest|store,ChIJt88UWyt7nkMRiublolrk6lw,оптовый продовольственный рынок,check
Аптека от склада,"ул. Пионерская, 70, Ханты-Мансийск, Ханты-Мансийский автономный округ, 628011",Ханты-Мансийск,Ханты-Мансийск,Ханты-Мансийский АО,Russia,61.009907,69.021224,5,2,OPERATIONAL,establishment|food|health|pharmacy|point_of_interest|store,ChIJ0d0vjjF7nkMR4csKQlqRKGo,оптовый продовольственный рынок,check
Аптека от склада,"ул. Ямская, 10, Ханты-Мансийск, Ханты-Мансийский автономный округ, 628001",Ханты-Мансийск,Ханты-Мансийск,Ханты-Мансийский АО,Russia,60.97483499999999,69.020153,,,OPERATIONAL,establishment|food|health|pharmacy|point_of_interest|store,ChIJ6WNtpKplnkMR7wMtvRLwOi0,оптовый продовольственный рынок,check
Гермес,"Ханты-Мансийск, Ханты-Мансийский автономный округ, 628011",Ханты-Мансийск,Ханты-Мансийск,Ханты-Мансийский АО,Russia,61.0054269,69.0169974,4.1,393,OPERATIONAL,establishment|point_of_interest|shopping_mall,ChIJCxdifjR7nkMR7ZIFinGTfVg,сельскохозяйственный рынок,check
Городской Рынок,"ул. Чехова, 70, Ханты-Мансийск, Ханты-Мансийский автономный округ, 628007",Ханты-Мансийск,Ханты-Мансийск,Ханты-Мансийский АО,Russia,61.00343679999999,69.0501634,5,1,OPERATIONAL,establishment|point_of_interest,ChIJKe5MudVknkMRxca75goJ8Sg,оптовый продовольственный рынок,yes
Ермолино,"ул. Энгельса, 38, Ханты-Мансийск, Ханты-Мансийский автономный округ, 628011",Ханты-Мансийск,Ханты-Мансийск,Ханты-Мансийский АО,Russia,61.0060003,69.0037045,4.3,87,OPERATIONAL,establishment|food|grocery_or_supermarket|point_of_interest|store,ChIJPY-ZHkp7nkMRJVBhPBVodVM,сельскохозяйственный рынок,check
Заводская 24,"Заводская ул., 11, Ханты-Мансийск, Ханты-Мансийский автономный округ, 628001",Ханты-Мансийск,Ханты-Мансийск,Ханты-Мансийский АО,Russia,60.96594,69.04068099999999,3,2,OPERATIONAL,establishment|point_of_interest|shopping_mall,ChIJiYRW6C1lnkMRv9UuPbPrCGU,оптовый продовольственный рынок,check
Лукошко,"ул. Чехова, 72А, Ханты-Мансийск, Ханты-Мансийский автономный округ, 628007",Ханты-Мансийск,Ханты-Мансийск,Ханты-Мансийский АО,Russia,61.0032293,69.0503009,4.1,1020,OPERATIONAL,establishment|point_of_interest,ChIJkV-Yv9VknkMRJ5Fiali0xFs,оптовый продовольственный рынок,check
"Мясная Лавка, Сытый Папа","ул. Чехова, 82/1, Ханты-Мансийск, Ханты-Мансийский автономный округ, 628007",Ханты-Мансийск,Ханты-Мансийск,Ханты-Мансийский АО,Russia,61.00395599999999,69.056131,5,16,OPERATIONAL,establishment|food|point_of_interest|store,ChIJuSkhTNZknkMRVktxLPqdaGA,сельскохозяйственный рынок,check
Мясной мир,"Заводская ул., 24, Ханты-Мансийск, Ханты-Мансийский автономный округ, 628001",Ханты-Мансийск,Ханты-Мансийск,Ханты-Мансийский АО,Russia,60.9668694,69.0383326,5,3,OPERATIONAL,establishment|food|point_of_interest|store,ChIJRaEEpPNlnkMR6NrYdYZUlmk,сельскохозяйственный рынок,check
Нептун,"ул. Гагарина, 290, Ханты-Мансийск, Ханты-Мансийский автономный округ, 628001",Ханты-Мансийск,Ханты-Мансийск,Ханты-Мансийский АО,Russia,60.9675924,69.0524532,4.5,79,OPERATIONAL,establishment|food|point_of_interest|store,ChIJfa7bYvFknkMRn8gi7Zc43_U,сельскохозяйственный рынок,check
Оптовая база,"ул. Газовиков, Ханты-Мансийск, Ханты-Мансийский автономный округ, 628007",Ханты-Мансийск,Ханты-Мансийск,Ханты-Мансийский АО,Russia,61.0154666,69.0746601,3,1,OPERATIONAL,establishment|point_of_interest,ChIJHz4hZsx6nkMRKNkA7c7HbTo,оптовый продовольственный рынок,yes
Пеликан,"ул. Объездная, 7, Ханты-Мансийск, Ханты-Мансийский автономный округ, 628011",Ханты-Мансийск,Ханты-Мансийск,Ханты-Мансийский АО,Russia,61.00491030000001,68.9873506,4.5,249,OPERATIONAL,establishment|food|point_of_interest|store,ChIJa0URfpFknkMRDGYgUUSESRg,сельскохозяйственный рынок,check
Продуктовый магазин,"ул. Сирина, 76, Ханты-Мансийск, Ханты-Мансийский автономный округ, 628011",Ханты-Мансийск,Ханты-Мансийск,Ханты-Мансийский АО,Russia,61.004639,68.9962951,4.1,30,OPERATIONAL,establishment|food|grocery_or_supermarket|point_of_interest|store,ChIJNyFK-Ut7nkMRtMsHkE9-1rU,оптовый продовольственный рынок,check
Розничная продуктовая база Заморозка,"ул. Газовиков, 1, Ханты-Мансийск, Ханты-Мансийский автономный округ, 628007",Ханты-Мансийск,Ханты-Мансийск,Ханты-Мансийский АО,Russia,61.0154688,69.0745559,5,1,OPERATIONAL,establishment|food|point_of_interest|store,ChIJL7kRZsx6nkMRMCsO2szgOvw,оптовый продовольственный рынок,yes
Рынок Солнечный,"ул. Объездная, 9, Ханты-Мансийск, Ханты-Мансийский автономный округ, 628011",Ханты-Мансийск,Ханты-Мансийск,Ханты-Мансийский АО,Russia,61.0057862,68.99201889999999,,,OPERATIONAL,establishment|point_of_interest,ChIJu_fqv057nkMRaY_bXXHu8yY,оптовый продовольственный рынок,yes
Сатурн,"Заводская ул., 11а, Ханты-Мансийск, Ханты-Мансийский автономный округ, 628001",Ханты-Мансийск,Ханты-Мансийск,Ханты-Мансийский АО,Russia,60.9658399,69.0395197,4.3,1154,OPERATIONAL,establishment|point_of_interest|shopping_mall,ChIJayarKY1knkMRnT5UBqYD9RU,сельскохозяйственный рынок,check
Сияние севера,"Заводская ул., 3, Ханты-Мансийск, Ханты-Мансийский автономный округ, 628001",Ханты-Мансийск,Ханты-Мансийск,Ханты-Мансийский АО,Russia,60.96786179999999,69.0431277,4.5,21,OPERATIONAL,establishment|food|grocery_or_supermarket|point_of_interest|store,ChIJPQul5DNlnkMRN1D_Vpv4ORI,оптовый продовольственный рынок,check
Солнечный,"ул. Мира, 115, Ханты-Мансийск, Ханты-Мансийский автономный округ, 628007",Ханты-Мансийск,Ханты-Мансийск,Ханты-Мансийский АО,Russia,61.00695959999999,69.0587859,3.9,286,OPERATIONAL,establishment|point_of_interest,ChIJ2Un6EitlnkMRj338TdbeWio,сельскохозяйственный рынок,check
Таврия,"ул. Ямская, 14, Ханты-Мансийск, Ханты-Мансийский автономный округ, 628001",Ханты-Мансийск,Ханты-Мансийск,Ханты-Мансийский АО,Russia,60.9756108,69.0181088,5,1,OPERATIONAL,establishment|food|point_of_interest|store,ChIJDXKhcVRlnkMRS2RnZKlT7sY,сельскохозяйственный рынок,check
Торговый центр NEBO,"ул. Мира, 45, Ханты-Мансийск, Ханты-Мансийский автономный округ, 628007",Ханты-Мансийск,Ханты-Мансийск,Ханты-Мансийский АО,Russia,61.00666069999999,69.04086389999999,4.3,1991,OPERATIONAL,establishment|point_of_interest|shopping_mall,ChIJtcW4Vit7nkMRRaAQUg5_J0U,сельскохозяйственный рынок,check
Торговый центр Гостиный Двор,"ул. Энгельса, 1, Ханты-Мансийск, Ханты-Мансийский автономный округ, 628011",Ханты-Мансийск,Ханты-Мансийск,Ханты-Мансийский АО,Russia,61.0030772,69.0177511,4.4,1828,OPERATIONAL,establishment|point_of_interest|shopping_mall,ChIJOzzYtjR7nkMRYQaLTWtg0p8,сельскохозяйственный рынок,check
ТЦ Светлый,"Светлая ул., 67, Ханты-Мансийск, Ханты-Мансийский автономный округ, 628011",Ханты-Мансийск,Ханты-Мансийск,Ханты-Мансийский АО,Russia,61.0125444,69.043171,4.2,392,OPERATIONAL,establishment|point_of_interest|shopping_mall,ChIJG5UmHCp7nkMR877_8O4v56A,сельскохозяйственный рынок,check
"Ферма - Свежее мясо, молочка и полуфабрикаты","ул. Шевченко, 8, Ханты-Мансийск, Ханты-Мансийский автономный округ, 628007",Ханты-Мансийск,Ханты-Мансийск,Ханты-Мансийский АО,Russia,61.0039864,69.0348455,4.5,2,OPERATIONAL,establishment|food|point_of_interest|store,ChIJWWHY_oRlnkMRbW3q2BTmoeA,сельскохозяйственный рынок,check
Фермерский магазин,"ул. Чехова, 27, Ханты-Мансийск, Ханты-Мансийский автономный округ, 628007",Ханты-Мансийск,Ханты-Мансийск,Ханты-Мансийский АО,Russia,61.00288800000001,69.0347026,5,1,OPERATIONAL,establishment|point_of_interest|store,ChIJ19IJOZdlnkMRyaPrL6tpdTw,сельскохозяйственный рынок,check
Югорский хлеб,"ул. Коминтерна, 32, Ханты-Мансийск, Ханты-Мансийский автономный округ, 628011",Ханты-Мансийск,Ханты-Мансийск,Ханты-Мансийский АО,Russia,61.0038402,69.0058985,,,OPERATIONAL,establishment|food|point_of_interest,ChIJ_____8tknkMRPPCe7XXc1qw,оптовая база продуктов питания,check
Авто Рынок Города Хасавюрт,"Хасавюрт, Респ. Дагестан, 368008",Хасавюрт,Хасавюрт,Республика Дагестан,Russia,43.2281322,46.5903816,4.1,184,OPERATIONAL,establishment|point_of_interest,ChIJkdqpt3RsTkARyy6XrOkF_QA,оптовый продовольственный рынок,yes
Авторынок,"Энергетическая ул., 40, Хасавюрт, Респ. Дагестан, 368008",Хасавюрт,Хасавюрт,Республика Дагестан,Russia,43.2301217,46.589006,4.2,744,OPERATIONAL,car_repair|establishment|point_of_interest|store,ChIJPcWDEnFsTkAR4Vkd8g_NhDw,сельскохозяйственный рынок,yes
АльМуск,"ул. Гамидова, 172, Хасавюрт, Респ. Дагестан, 368003",Хасавюрт,Хасавюрт,Республика Дагестан,Russia,43.2362967,46.57791839999999,4.8,6,OPERATIONAL,clothing_store|establishment|point_of_interest|store,ChIJw3h_43xsTkARB3u51lL-Hvk,оптовая база продуктов питания,check
Арсен Моторс,"Хасавюрт, Респ. Дагестан, 368008",Хасавюрт,Хасавюрт,Республика Дагестан,Russia,43.2237743,46.5922823,3.9,203,OPERATIONAL,establishment|point_of_interest,ChIJuacwJAtsTkARcf9nU7S69Pk,сельскохозяйственный рынок,check
База напитков оптом и розницу,"Хасавюрт, Респ. Дагестан, 368001",Хасавюрт,Хасавюрт,Республика Дагестан,Russia,43.2546567,46.571742,,,OPERATIONAL,establishment|food|grocery_or_supermarket|point_of_interest|store,ChIJqb_ib8dtTkARo7fr404eyis,оптовая база продуктов питания,yes
База Хасаюрт,"Магистральное ш., 12, Хасавюрт, Респ. Дагестан, 368000",Хасавюрт,Хасавюрт,Республика Дагестан,Russia,43.2350336,46.5874831,4.5,76,OPERATIONAL,establishment|point_of_interest|shopping_mall,ChIJ91_RNmVsTkARMFqowK3z_e0,оптовый продовольственный рынок,yes
Восточный рынок,"Грозненская ул., Хасавюрт, Респ. Дагестан, 368001",Хасавюрт,Хасавюрт,Республика Дагестан,Russia,43.2430067,46.5983257,4.1,643,OPERATIONAL,establishment|food|grocery_or_supermarket|point_of_interest|shopping_mall|store,ChIJK9J1LVxsTkARGlw_W-yFnb0,оптовый продовольственный рынок,yes
Восточный Рынок,"Кизлярская ул., 77, Хасавюрт, Респ. Дагестан, 368001",Хасавюрт,Хасавюрт,Республика Дагестан,Russia,43.249298,46.5885925,5,1,OPERATIONAL,establishment|point_of_interest,ChIJ_ddGQvRsTkARxL2rQpCOOHI,плодоовощная база оптовая,yes
Гастроном Семёрочка,"Фермерский пр., Хасавюрт, Респ. Дагестан, 368000",Хасавюрт,Хасавюрт,Республика Дагестан,Russia,43.2322225,46.5807517,4.9,7,OPERATIONAL,establishment|point_of_interest,ChIJDQS828ttTkARwMuYB3YQ1eM,сельскохозяйственный рынок,check
Горное сушёное мясо,"ул. Исмаилова, 39, Хасавюрт, Респ. Дагестан, 368007",Хасавюрт,Хасавюрт,Республика Дагестан,Russia,43.2751109,46.589279,4.8,16,OPERATIONAL,establishment|food|point_of_interest|store,ChIJPUEcqr5tTkARqvMU_97hY_g,сельскохозяйственный рынок,check
Зеленый Рынок,"Махачкалинское ш., 2Б, Хасавюрт, Респ. Дагестан, 368000",Хасавюрт,Хасавюрт,Республика Дагестан,Russia,43.2327709,46.5911756,4.1,39,OPERATIONAL,establishment|point_of_interest,ChIJxWWd1m9sTkARjEulnaHhibs,оптовый продовольственный рынок,yes
Зелёный Рынок,"Набережная ул., 2, Хасавюрт, Респ. Дагестан, 368005",Хасавюрт,Хасавюрт,Республика Дагестан,Russia,43.2395009,46.5758604,4,3256,OPERATIONAL,establishment|point_of_interest,ChIJJQeqfohsTkARXCzuRmGxDgY,оптовый продовольственный рынок,yes
ИМАШ,"Терек рынок, 7 ряд 5 бокс, Хасавюрт, Респ. Дагестан, 368001",Хасавюрт,Хасавюрт,Республика Дагестан,Russia,43.2550895,46.5786372,4.8,21,OPERATIONAL,establishment|food|grocery_or_supermarket|point_of_interest|store,ChIJW8bAKPdtTkARmnO5lMKqwVw,плодоовощная база оптовая,check
Колос,"Хасавюрт, Респ. Дагестан, 368001",Хасавюрт,Хасавюрт,Республика Дагестан,Russia,43.2684445,46.6013615,4.5,184,OPERATIONAL,establishment|food|point_of_interest,ChIJ43a4axltTkARIm9NjnKkI2o,оптовая база продуктов питания,check
Красный Рынок,"Махачкалинское ш., 2Б, Хасавюрт, Респ. Дагестан, 368000",Хасавюрт,Хасавюрт,Республика Дагестан,Russia,43.2327709,46.5911756,4.4,14,OPERATIONAL,establishment|point_of_interest,ChIJxWWd1m9sTkARuOZgkuAmGr0,оптовый продовольственный рынок,yes
Магазин АКБАР,"E50, Хасавюрт, Респ. Дагестан, 368005",Хасавюрт,Хасавюрт,Республика Дагестан,Russia,43.2407433,46.5612579,4.2,13,OPERATIONAL,establishment|point_of_interest,ChIJeYBrZ_RtTkARbMC9y9CgvAw,оптовая база продуктов питания,check
Магазин ШАХ,"ул. Мусаева, 70, Хасавюрт, Респ. Дагестан, 368005",Хасавюрт,Хасавюрт,Республика Дагестан,Russia,43.2459962,46.57891859999999,3.3,3,OPERATIONAL,establishment|food|grocery_or_supermarket|point_of_interest|store,ChIJdUvcFcJtTkAREo1sJzps_lE,сельскохозяйственный рынок,check
Моё море,"Улица Инженерная, Рынок Терек, Хасавюрт, Респ. Дагестан, 368001",Хасавюрт,Хасавюрт,Республика Дагестан,Russia,43.2545069,46.5776851,5,11,OPERATIONAL,establishment|food|grocery_or_supermarket|point_of_interest|store,ChIJk8NW1o5tTkARPV2NVDS8PXg,оптовая база продуктов питания,check
Опт.рынок,"Хасавюрт, Респ. Дагестан, 368005",Хасавюрт,Хасавюрт,Республика Дагестан,Russia,43.2441773,46.5790459,4.6,17,OPERATIONAL,establishment|point_of_interest|shopping_mall,ChIJEVZvC8JtTkARSTOnNHxogpM,оптовый продовольственный рынок,yes
Оптовый склад напитков,"Hабережная ул., Хасавюрт, Респ. Дагестан, 368001",Хасавюрт,Хасавюрт,Республика Дагестан,Russia,43.255892,46.5774397,,,OPERATIONAL,establishment|point_of_interest,ChIJiTEACexsTkARRZBr86Xg8iU,оптовая база продуктов питания,yes
"Рынок ""Одежда""","Хасавюрт, Респ. Дагестан, 368005",Хасавюрт,Хасавюрт,Республика Дагестан,Russia,43.2431993,46.5783499,4.4,57,OPERATIONAL,establishment|point_of_interest,ChIJvUGqiY1tTkARACzD8Fn2Xyg,оптовый продовольственный рынок,yes
Рынок Дагестан,"Хасавюрт, Респ. Дагестан, 368001",Хасавюрт,Хасавюрт,Республика Дагестан,Russia,43.2378878,46.5774611,4.4,25,OPERATIONAL,establishment|point_of_interest,ChIJy_yC54htTkART_DsNs8QGyk,сельскохозяйственный рынок,yes
Рынок Пашаев,"Unnamed Road, Хасавюрт, Респ. Дагестан, 368005",Хасавюрт,Хасавюрт,Республика Дагестан,Russia,43.24547339999999,46.5793849,5,4,OPERATIONAL,establishment|food|grocery_or_supermarket|point_of_interest|store,ChIJUTw5nD1tTkARjaJZ5slaBBk,сельскохозяйственный рынок,yes
Рынок Хасавюрт,"Хасавюрт, Респ. Дагестан, 368001",Хасавюрт,Хасавюрт,Республика Дагестан,Russia,43.253244,46.5773787,4.1,809,OPERATIONAL,establishment|home_goods_store|point_of_interest|store,ChIJsV2mAu1sTkARTyh7EfCAia8,оптовый продовольственный рынок,yes
Садуб,"Хасавюрт, Респ. Дагестан, 368008",Хасавюрт,Хасавюрт,Республика Дагестан,Russia,43.2141886,46.587021,4.4,133,OPERATIONAL,establishment|food|point_of_interest|store,ChIJGdtUrPFrTkARbT2H7141Epw,сельскохозяйственный рынок,check
Салатавия,"Хасавюрт, Респ. Дагестан, 368008",Хасавюрт,Хасавюрт,Республика Дагестан,Russia,43.2146267,46.5952406,4.6,439,OPERATIONAL,establishment|point_of_interest|shopping_mall,ChIJD8tv5_lrTkARChZYb5l9grg,сельскохозяйственный рынок,check
Сафия Торговый дом,"Заречная ул., Хасавюрт, Респ. Дагестан, 368001",Хасавюрт,Хасавюрт,Республика Дагестан,Russia,43.25918250000001,46.57853300000001,1,1,OPERATIONAL,establishment|point_of_interest,ChIJk2mb8IptTkARXfEvIncfHSI,плодоовощная база оптовая,check
Сладкая Палуба,"ул. Тотурбиева, 136а, Хасавюрт, Респ. Дагестан, 368000",Хасавюрт,Хасавюрт,Республика Дагестан,Russia,43.24497230000001,46.5802371,5,1,OPERATIONAL,establishment|food|point_of_interest,ChIJVTCvYahtTkARxeXCBGqvtQg,оптовая база продуктов питания,check
"ТД ""Краснодарский""","ул. Махачкалинское шоссе 138а, ул. Набережная, 14, Хасавюрт, Респ. Дагестан, 368001",Хасавюрт,Хасавюрт,Республика Дагестан,Russia,43.2286548,46.6039395,4.4,28,OPERATIONAL,establishment|food|grocery_or_supermarket|point_of_interest|store,ChIJ_RkKDOxsTkARoraP3YvQMDo,оптовая база продуктов питания,check
ТД ФУРАТ,"Махачкалинское ш., 44 А, Хасавюрт, Респ. Дагестан, 368000",Хасавюрт,Хасавюрт,Республика Дагестан,Russia,43.2321534,46.5943978,3.7,3,OPERATIONAL,establishment|point_of_interest,ChIJx9E9rXJtTkARaLfIOXL_FMw,оптовая база продуктов питания,check
Терек,"Хасавюрт, Респ. Дагестан, 368001",Хасавюрт,Хасавюрт,Республика Дагестан,Russia,43.2543279,46.577377,4.3,2040,OPERATIONAL,establishment|point_of_interest,ChIJYRSUW-xsTkAR-xVoUYxIxxo,оптовый продовольственный рынок,check
Хлеб Хаус,"Хасавюрт, Респ. Дагестан, 368005",Хасавюрт,Хасавюрт,Республика Дагестан,Russia,43.240437,46.5650912,5,1,OPERATIONAL,establishment|food|point_of_interest,ChIJnwi_9YNsTkARnvj7AtHL0WA,оптовая база продуктов питания,check
Центральный рынок,"ул. Тотурбиева, 146, Хасавюрт, Респ. Дагестан, 368000",Хасавюрт,Хасавюрт,Республика Дагестан,Russia,43.2437308,46.5798214,4.2,1263,OPERATIONAL,establishment|food|grocery_or_supermarket|point_of_interest|store,ChIJ67w4eYlsTkARdQsRfa-d7-M,оптовый продовольственный рынок,yes
Экзотика,"4-й Санитарный пр., 59, Хасавюрт, Респ. Дагестан, 368001",Хасавюрт,Хасавюрт,Республика Дагестан,Russia,43.2423629,46.6039428,4.8,11,OPERATIONAL,establishment|point_of_interest|storage,ChIJiztJolxsTkAR-dEreVOMIqw,плодоовощная база оптовая,check
Авангард,"ул. Центральная, Хирино, Рязанская обл., 390535",Хирино,Рязань,Рязанская область,Russia,54.66481599999999,39.5602549,4.6,23,OPERATIONAL,cafe|establishment|food|health|point_of_interest|spa,ChIJS59rYEr9SUERs1K8wuXi5-M,оптовая база продуктов питания,check
"Межрегиональный меховой рынок ООО ""Виктория и С""","пер. Солнечный, 1\1, х, Хорошовский, Ставропольский край, 357353",Хорошовский,Пятигорск,Ставропольский край,Russia,44.0003011,43.134806,4.1,181,OPERATIONAL,clothing_store|establishment|point_of_interest|shopping_mall|store,ChIJwTqsoJGdV0ARifIEkdZy10w,сельскохозяйственный рынок,yes
Pавильон 44,"Центральный Колхозный Рынок, ул. Гагарина, 1, Чебоксары, Чувашская Респ., 428003",Чебоксары,Чебоксары,Чувашская Республика,Russia,56.123023,47.249117,5,2,OPERATIONAL,establishment|point_of_interest,ChIJH_PatJI3WkERFGPjvz6sMXQ,сельскохозяйственный рынок,check
XPark,"Гаражный пр-д, 7, Чебоксары, Чувашская Респ., 428024",Чебоксары,Чебоксары,Чувашская Республика,Russia,56.1110128,47.2791645,4.4,2163,OPERATIONAL,establishment|point_of_interest|shopping_mall,ChIJe-J-O7g3WkERAIBoiwiSXxU,оптовый продовольственный рынок,check
Аламания,"Центральный колхозный рынок, ул. Гагарина, 1, отдел 20, Чебоксары, Чувашская Респ., 428003",Чебоксары,Чебоксары,Чувашская Республика,Russia,56.1233616,47.2491432,3,2,OPERATIONAL,establishment|point_of_interest,ChIJEUCdS-03WkERWwOUqhfxh_Q,сельскохозяйственный рынок,check
"АО ""Волга Айс""","пр-т. Мира, 3, Чебоксары, Чувашская Респ., 428024",Чебоксары,Чебоксары,Чувашская Республика,Russia,56.1164066,47.2748431,3.9,17,OPERATIONAL,establishment|point_of_interest,ChIJVa2lvr43WkERBUw46e2cRmw,оптовая база продуктов питания,check
Аргус,"Ишлейский пр-д, 11, Чебоксары, Чувашская Респ., 428027",Чебоксары,Чебоксары,Чувашская Республика,Russia,56.0783976,47.2228334,1,1,OPERATIONAL,establishment|point_of_interest,ChIJEyXLaiA4WkER5moowWBP8NE,оптовый продовольственный рынок,check
База Коопторг,"ул. Космонавта Николаева А, 27, Чебоксары, Чувашская Респ., 428022",Чебоксары,Чебоксары,Чувашская Республика,Russia,56.1225554,47.272986,3.8,34,OPERATIONAL,establishment|point_of_interest|shopping_mall|store,ChIJz-UIyZc3WkERvp12PN4MtO4,оптовая база продуктов питания,yes
Бакалея,"Гаражный пр-д, 7, Отдел 17, Чебоксары, Чувашская Респ., 428031",Чебоксары,Чебоксары,Чувашская Республика,Russia,56.1118744,47.2778216,5,1,OPERATIONAL,establishment|food|grocery_or_supermarket|point_of_interest|store,ChIJdxvBJLg3WkERpaor3Yqc5Bw,оптовый продовольственный рынок,check
Вещевые Рынки,"ул. Гагарина, 1, Чебоксары, Чувашская Респ., 428003",Чебоксары,Чебоксары,Чувашская Республика,Russia,56.122525,47.2489958,4.7,7,OPERATIONAL,establishment|food|grocery_or_supermarket|point_of_interest|store,ChIJDbV4Oe03WkERJsIby3jsXV8,оптовый продовольственный рынок,check
Волжанка-сервис,"ул. Чапаева, 28, Чебоксары, Чувашская Респ., 428003",Чебоксары,Чебоксары,Чувашская Республика,Russia,56.1184695,47.26717420000001,4.2,5,OPERATIONAL,establishment|food|point_of_interest|store,ChIJ7eh6uZU3WkERlm6yz5NAqeQ,оптовый продовольственный рынок,check
Здоровая еда,"Эгерский б-р, 6, этаж, офис 414, Чебоксары, Чувашская Респ., 428024",Чебоксары,Чебоксары,Чувашская Республика,Russia,56.1115558,47.2758634,,,OPERATIONAL,establishment|food|point_of_interest,ChIJ07NuZLg3WkERHVGkX7qRM8k,оптовая база продуктов питания,check
Интерпродсервис-Ч,"Керамзитовый пр-д, 3, Чебоксары, Чувашская Респ., 428000",Чебоксары,Чебоксары,Чувашская Республика,Russia,56.07350539999999,47.2534852,,,OPERATIONAL,establishment|point_of_interest,ChIJx5fTw89JWkERBZ3Rje5zjcs,оптовый продовольственный рынок,check
Мини Рынок,"ул. Гражданская, 84, Чебоксары, Чувашская Респ., 428038",Чебоксары,Чебоксары,Чувашская Республика,Russia,56.1141798,47.1854109,4.3,6,OPERATIONAL,establishment|food|grocery_or_supermarket|point_of_interest|store,ChIJXxHSGv1HWkERG_H_vsfyDVA,сельскохозяйственный рынок,yes
Моргаушское яйцо,"Гаражный пр-д, 7, Чебоксары, Чувашская Респ., 428024",Чебоксары,Чебоксары,Чувашская Республика,Russia,56.1108603,47.2788963,5,1,OPERATIONAL,establishment|food|point_of_interest,ChIJq9iUPLg3WkERj9mk9IV50JY,оптовая база продуктов питания,check
ООО Русторгсервис,"пр-т. Мира, 3б, оф.12, Чебоксары, Чувашская Респ., 428000",Чебоксары,Чебоксары,Чувашская Республика,Russia,56.114887,47.2738101,,,OPERATIONAL,establishment|food|point_of_interest,ChIJwcubBbk5WkERaeYF_7NuAMM,оптовая база продуктов питания,check
Оптовая продуктовая база,"Гаражный пр-д, 7, Чебоксары, Чувашская Респ., 428000",Чебоксары,Чебоксары,Чувашская Республика,Russia,56.1120567,47.2785186,4.8,8,OPERATIONAL,establishment|food|point_of_interest,ChIJe-J-O7g3WkER913h8lmsfMk,оптовый продовольственный рынок,yes
Оптовый склад,"пр-т. Ивана Яковлева, 19д, Чебоксары, Чувашская Респ., 428020",Чебоксары,Чебоксары,Чувашская Республика,Russia,56.1007507,47.26103029999999,4.5,8,OPERATIONAL,establishment|point_of_interest,ChIJ-Y_fB883WkER_PDJW877jKY,оптовый продовольственный рынок,yes
Павильон 10,"Центральный колхозный рынок, ул. Гагарина, 1, Чебоксары, Чувашская Респ., 428003",Чебоксары,Чебоксары,Чувашская Республика,Russia,56.123023,47.249117,4,2,OPERATIONAL,establishment|point_of_interest,ChIJp1hANe03WkERbuFY6DJ7Jeg,сельскохозяйственный рынок,check
Павильон 38,"Центральный Колхозный Рынок, ул. Гагарина, 1, Чебоксары, Чувашская Респ., 428003",Чебоксары,Чебоксары,Чувашская Республика,Russia,56.1225931,47.24902059999999,5,1,OPERATIONAL,establishment|point_of_interest,ChIJHZGjtJI3WkER11ziXguDisQ,сельскохозяйственный рынок,check
Павильон 41,"Центральный колхозный рынок, ул. Гагарина, 1, Чебоксары, Чувашская Респ., 428003",Чебоксары,Чебоксары,Чувашская Республика,Russia,56.1234832,47.2495353,4.5,146,OPERATIONAL,clothing_store|establishment|point_of_interest|store,ChIJI_-VtJI3WkERx1g1kBzQj1M,сельскохозяйственный рынок,check
Питер,"Университетская ул., 32/70, Чебоксары, Чувашская Респ., 428034",Чебоксары,Чебоксары,Чувашская Республика,Russia,56.1368509,47.1624073,4.4,2303,OPERATIONAL,establishment|point_of_interest|shopping_mall,ChIJ09I95YlHWkERBJ5uch76_GQ,оптовый продовольственный рынок,check
Продсклад Победа,"ул. Карла Маркса, 47, Чебоксары, Чувашская Респ., 428003",Чебоксары,Чебоксары,Чувашская Республика,Russia,56.13478259999999,47.24895799999999,4.2,799,OPERATIONAL,establishment|food|grocery_or_supermarket|point_of_interest|store,ChIJTRQLZL03WkERcW6Lfjpe9ww,оптовый продовольственный рынок,check
Продсклад Победа,"Гаражный пр-д, 7 к1, Чебоксары, Чувашская Респ., 428024",Чебоксары,Чебоксары,Чувашская Республика,Russia,56.1110115,47.2783625,4.2,625,OPERATIONAL,establishment|food|grocery_or_supermarket|point_of_interest|store,ChIJ9c1AO7g3WkERqK8GPgmuajg,сельскохозяйственный рынок,check
Продуктовый,"ул. Кадыкова, 11к1, Чебоксары, Чувашская Респ., 428037",Чебоксары,Чебоксары,Чувашская Республика,Russia,56.1054432,47.3028793,5,1,OPERATIONAL,establishment|food|point_of_interest|store,ChIJDTIizSE3WkER5ktWvIK7E2Q,оптовый продовольственный рынок,check
Продукты сельского двора,"д.Сирмапоси, Чебоксары, Чувашская Респ., 429507",Чебоксары,Чебоксары,Чувашская Республика,Russia,56.007488,47.31794900000001,4,1,OPERATIONAL,establishment|point_of_interest,ChIJF7hNpUw2WkERiUn-Noqpupk,оптовая база продуктов питания,check
Рыба Плюс,"Гаражный пр-д, 7, корп. 3, Чебоксары, Чувашская Респ., 428000",Чебоксары,Чебоксары,Чувашская Республика,Russia,56.11088789999999,47.27978599999999,3.7,3,OPERATIONAL,establishment|food|point_of_interest,ChIJi36OI7g3WkERFU0MMJfocFg,оптовая база продуктов питания,check
РыбаПлюс Чебоксары,"Автозаправочный пр., 7, Чебоксары, Чувашская Респ., 428000",Чебоксары,Чебоксары,Чувашская Республика,Russia,56.120808,47.31579199999999,4,29,OPERATIONAL,establishment|food|point_of_interest|store,ChIJX4qtI7g3WkER7UHEVd2nCXE,сельскохозяйственный рынок,check
Рынок сельхозпродукции,"ул. Эльгера, 11А, Чебоксары, Чувашская Респ., 428000",Чебоксары,Чебоксары,Чувашская Республика,Russia,56.1437778,47.1775513,5,4,OPERATIONAL,establishment|point_of_interest,ChIJjVa4I9M5WkER8v65eoWrQe4,сельскохозяйственный рынок,yes
Северная Ярмарка,"ТК ""Северный"", Московский просп., 40Б, Чебоксары, Чувашская Респ., 428015",Чебоксары,Чебоксары,Чувашская Республика,Russia,56.142013,47.197764,4,331,OPERATIONAL,establishment|food|grocery_or_supermarket|point_of_interest|store,ChIJjSoqnBQ4WkERb1-CrLRDWBs,оптовый продовольственный рынок,yes
Северный Рынок,"ул. Тимофея Кривова, 6 в, Чебоксары, Чувашская Респ., 428034",Чебоксары,Чебоксары,Чувашская Республика,Russia,56.1466395,47.1958654,5,2,OPERATIONAL,establishment|point_of_interest,ChIJVyvk_2o4WkER4Uh_EkRPzw8,сельскохозяйственный рынок,yes
"ТД ""Новоюжный""","ул. Ленинского комсомола, 24А, Чебоксары, Чувашская Респ., 428027",Чебоксары,Чебоксары,Чувашская Республика,Russia,56.1038812,47.2749275,4.6,38,OPERATIONAL,establishment|point_of_interest|shopping_mall,ChIJu9I4WYU3WkERCRgURs9i0dM,оптовый продовольственный рынок,check
Торговая Компания АНДИГО,"ул. Пристанционная, 3Г, Чебоксары, Чувашская Респ., 428006",Чебоксары,Чебоксары,Чувашская Республика,Russia,56.1006837,47.2534243,3.5,6,OPERATIONAL,establishment|food|point_of_interest,ChIJUx3FPdo3WkERaYjCdRg4Iwg,оптовый продовольственный рынок,check
Торговый комплекс Николаевский,"ул. Космонавта Николаева А, 14А, Чебоксары, Чувашская Респ., 428020",Чебоксары,Чебоксары,Чувашская Республика,Russia,56.1205894,47.2691428,4.1,1001,OPERATIONAL,establishment|point_of_interest,ChIJN4U6EZY3WkERmUNb8-tXlXU,оптовый продовольственный рынок,check
ТЦ Восточный,"пр-т. Мира, 6а, Чебоксары, Чувашская Респ., 428022",Чебоксары,Чебоксары,Чувашская Республика,Russia,56.1306237,47.2878591,4.4,285,OPERATIONAL,establishment|point_of_interest|shopping_mall,ChIJK4zXrZ83WkERJn4jpuh9qMQ,оптовый продовольственный рынок,check
Форпост Лтд.,"15, проезд Хозяйственный, г. Чебоксары, Республика Чувашия, Россия 428022, Чебоксары, Чувашская Респ., 428022",Чебоксары,Чебоксары,Чувашская Республика,Russia,56.1323428,47.3031623,5,1,OPERATIONAL,establishment|point_of_interest,ChIJEyXLaiA4WkERDxfkeQgv4kc,оптовая база продуктов питания,check
Центральный рынок,"ул. Гагарина, 1, Чебоксары, Чувашская Респ., 428003",Чебоксары,Чебоксары,Чувашская Республика,Russia,56.1231533,47.2491819,4.1,4962,OPERATIONAL,establishment|point_of_interest|shopping_mall,ChIJWWUZSe03WkERpLimsEsuvyg,оптовый продовольственный рынок,yes
Чебопт,"Дорожный пер., 14, Чебоксары, Чувашская Респ., 428037",Чебоксары,Чебоксары,Чувашская Республика,Russia,56.1133187,47.3074783,4.1,191,OPERATIONAL,establishment|point_of_interest|store,ChIJvehuMto3WkERA9tBsNN7AMc,оптовая база продуктов питания,yes
Чувашхлебопродукт,"пр. Соляное, 1, Чебоксары, Чувашская Респ., 428022",Чебоксары,Чебоксары,Чувашская Республика,Russia,56.1373506,47.3085451,4.4,43,OPERATIONAL,establishment|food|point_of_interest,ChIJYfavrnI3WkERBUUJhRSSVkY,оптовая база продуктов питания,check
Шупашкар,"ул. 324 Стрелковой Дивизии, 22, Чебоксары, Чувашская Респ., 428031",Чебоксары,Чебоксары,Чувашская Республика,Russia,56.10085429999999,47.288615,4.4,2079,OPERATIONAL,establishment|point_of_interest|shopping_mall,ChIJd7uc0co3WkERDu2PRiMMc2E,сельскохозяйственный рынок,check
Юго-западный рынок,"ул. Эльменя, 3В, Чебоксары, Чувашская Респ., 428000",Чебоксары,Чебоксары,Чувашская Республика,Russia,56.1205475,47.1935414,3.9,631,OPERATIONAL,establishment|point_of_interest|shopping_mall,ChIJE13nR_9HWkERsqWbumCUc_Q,оптовый продовольственный рынок,yes
Южный,"ул. Ашмарина, 59, Чебоксары, Чувашская Респ., 428014",Чебоксары,Чебоксары,Чувашская Республика,Russia,56.0840031,47.2902412,4.2,986,OPERATIONAL,establishment|point_of_interest,ChIJD9uirSU2WkERmgUlOl5PUaU,сельскохозяйственный рынок,check
Юрма,"Гаражный пр-д, 7, Чебоксары, Чувашская Респ., 428024",Чебоксары,Чебоксары,Чувашская Республика,Russia,56.1108919,47.2789556,4.6,7,OPERATIONAL,establishment|food|point_of_interest,ChIJmb2ZPLg3WkER-6VWe_SXg_I,оптовая база продуктов питания,check
Ярмарка,"ул. Федора Гладкова, 10, Чебоксары, Чувашская Респ., 428037",Чебоксары,Чебоксары,Чувашская Республика,Russia,56.1140336,47.2489026,4.2,4145,OPERATIONAL,establishment|point_of_interest|shopping_mall,ChIJEyXLaiA4WkERGnDU6gh3kQU,оптовый продовольственный рынок,yes
Ярмарка На Николаева,"ул. Космонавта Николаева А, 14Б, Чебоксары, Чувашская Респ., 428022",Чебоксары,Чебоксары,Чувашская Республика,Russia,56.1194654,47.2702929,4.3,7,OPERATIONAL,establishment|point_of_interest,ChIJpau-BL43WkER7ty7FflPRg0,оптовый продовольственный рынок,yes
Riman Agro,"пр. Ленина, 27, Челябинск, Челябинская обл., 454078",Челябинск,Челябинск,Челябинская область,Russia,55.156871,61.4244289,,,OPERATIONAL,establishment|food|point_of_interest|store,ChIJQbTT00qNxUMRN8cLOHVQuU4,оптовая база продуктов питания,check
Агроторг Торговая Компания ООО,"ул. 2-я Потребительская, 26, Челябинск, Челябинская обл., 454045",Челябинск,Челябинск,Челябинская область,Russia,55.098128,61.3688434,4.3,6,OPERATIONAL,establishment|food|point_of_interest,ChIJLZvJcq-NxUMRGpA4mlVUDNM,оптовая база продуктов питания,yes
Айсберг,"пр. Ленина, 27, Челябинск, Челябинская обл., 454091",Челябинск,Челябинск,Челябинская область,Russia,55.1593764,61.423428,4.3,145,OPERATIONAL,establishment|food|point_of_interest,ChIJs7e8cFDtxUMRmmldmbn3fag,оптовая база продуктов питания,check
Александрово,"Свердловский тракт, 3 б, склад 24, Челябинск, Челябинская обл., 454008",Челябинск,Челябинск,Челябинская область,Russia,55.2185024,61.3820507,4.8,5,OPERATIONAL,establishment|food|point_of_interest|store,ChIJnd3kkZbsxUMRNVsRHPlbuHQ,плодоовощная база оптовая,check
Арикон,"Копейское ш., 23, Челябинск, Челябинская обл., 454000",Челябинск,Челябинск,Челябинская область,Russia,55.1237362,61.4920751,5,1,OPERATIONAL,bakery|establishment|food|point_of_interest|store,ChIJmfuVieLyxUMRdPPCdoSiLPs,оптовая база продуктов питания,check
Бакалея,"Рынок ""Уральский привозъ"", Троицкий тракт, 52А, Отдел 132, Челябинск, Челябинская обл., 454000",Челябинск,Челябинск,Челябинская область,Russia,55.109815,61.388011,5,4,OPERATIONAL,establishment|food|point_of_interest,ChIJ02V1hg6NxUMRZ72skHxFVeM,оптовая база продуктов питания,check
Белорусские продукты,"ул, Комсомольский пр-т., д. 34б, Челябинск, Челябинская обл., 454138",Челябинск,Челябинск,Челябинская область,Russia,55.195024,61.343362,4,3,OPERATIONAL,establishment|food|point_of_interest,ChIJwWn91TCTxUMRy5LiJyX9Wq0,оптовая база продуктов питания,check
Доминанта Ойл,"ул. Ширшова, 11, Челябинск, Челябинская обл., 454091",Челябинск,Челябинск,Челябинская область,Russia,55.1392229,61.40439809999999,5,1,OPERATIONAL,establishment|point_of_interest,ChIJidjrUVeNxUMRWvzCjlJeazU,оптовая база продуктов питания,check
Каслинский Рынок,"ул. Каслинская, 5, Челябинск, Челябинская обл., 454084",Челябинск,Челябинск,Челябинская область,Russia,55.1925,61.393227,4.1,479,OPERATIONAL,establishment|food|grocery_or_supermarket|point_of_interest|store,ChIJm_cF29jsxUMR5pp-cKvxIw4,оптовый продовольственный рынок,yes
КРАСНОПОЛЬСКИЙ РЫНОК,"Северный тракт, 18, Челябинск, Челябинская обл., 454015",Челябинск,Челябинск,Челябинская область,Russia,55.23281859999999,61.28079979999999,4.1,156,OPERATIONAL,establishment|point_of_interest,ChIJ8RPeyMCUxUMRQKCdVtmFTvA,оптовый продовольственный рынок,yes
Ленинский рынок,"ул. Дзержинского, 110, Челябинск, Челябинская обл., 454000",Челябинск,Челябинск,Челябинская область,Russia,55.133061,61.432301,4.1,455,OPERATIONAL,establishment|point_of_interest,ChIJiYYIsrTyxUMR5eosxVk8Kxw,оптовый продовольственный рынок,yes
Меридиан,"ул. Гражданская, 10/1, Челябинск, Челябинская обл., 454078",Челябинск,Челябинск,Челябинская область,Russia,55.1403279,61.4232358,4.1,696,OPERATIONAL,establishment|point_of_interest,ChIJKzP4uVKNxUMR5aQuURbtmdM,оптовый продовольственный рынок,check
Михеевский Рынок,"ш. Металлургов, 5, Челябинск, Челябинская обл., 454031",Челябинск,Челябинск,Челябинская область,Russia,55.2491278,61.40084979999999,4.1,528,OPERATIONAL,establishment|point_of_interest,ChIJ021qpoXrxUMRAUc5FY1mQdA,оптовый продовольственный рынок,yes
Овощебаза,"ул. Фёдорова, 1, Челябинск, Челябинская обл., 454048",Челябинск,Челябинск,Челябинская область,Russia,55.134882,61.4019601,5,1,OPERATIONAL,establishment|point_of_interest,ChIJn6fTBluNxUMRIx6HJxpdokg,плодоовощная база оптовая,yes
Овощной Рынок Каширина,"ул. Отрадная, 86, Челябинск, Челябинская обл., 454016",Челябинск,Челябинск,Челябинская область,Russia,55.1792302,61.33689589999999,4.1,25,OPERATIONAL,establishment|point_of_interest,ChIJJe2MqyGTxUMRNBPqYKKJExY,оптовый продовольственный рынок,yes
"ООО ""ДеликатЭС""","ул. Трубников, 39, Челябинск, Челябинская обл., 454135",Челябинск,Челябинск,Челябинская область,Russia,55.13516989999999,61.460127,4.5,11,OPERATIONAL,establishment|food|point_of_interest|restaurant,ChIJ7cIrprjyxUMR23BX7Sgps5M,оптовая база продуктов питания,check
"ООО ""ПродЛидер""","Троицкий тракт, 54, Челябинск, Челябинская обл., 454053",Челябинск,Челябинск,Челябинская область,Russia,55.1082648,61.3875071,4.3,9,OPERATIONAL,establishment|point_of_interest,ChIJe6Ij1g6NxUMRsxGubCqTy1k,оптовая база продуктов питания,check
Оптовая База,"Троицкий тракт, 15, Челябинск, Челябинская обл., 454045",Челябинск,Челябинск,Челябинская область,Russia,55.103974,61.3858421,,,OPERATIONAL,establishment|point_of_interest,ChIJAQAAAK-NxUMRqFzOt38EJdU,плодоовощная база оптовая,yes
"ОПТОВО РОЗНИЧНЫЙ ЦЕНТР ""НОВОГРАДСКИЙ""","Новоградский тракт, 9/3, Челябинск, Челябинская обл., 454000",Челябинск,Челябинск,Челябинская область,Russia,55.18658000000001,61.24155349999999,4.3,132,OPERATIONAL,establishment|point_of_interest,ChIJz2zHP5OTxUMRS4rk__KCNjQ,оптовый продовольственный рынок,yes
Оптовый Продуктовый Рынок,"1-я Потребительская ул., 2/3, Челябинск, Челябинская обл., 454045",Челябинск,Челябинск,Челябинская область,Russia,55.1065021,61.38605349999999,,,OPERATIONAL,establishment|point_of_interest,ChIJBcnc0AiNxUMR4oSAeqp-ULM,оптовый продовольственный рынок,yes
ПК «Уральский Лидер»,"ул. Рылеева, 16, Челябинск, Челябинская обл., 454047",Челябинск,Челябинск,Челябинская область,Russia,55.127237,61.381136,4,6,OPERATIONAL,establishment|food|point_of_interest,ChIJiwH2YMjrxUMRYb6diyZFIW0,оптовая база продуктов питания,check
Потребительский Рынок,"Троицкий тракт, 15, Челябинск, Челябинская обл., 454053",Челябинск,Челябинск,Челябинская область,Russia,55.1049659,61.3853907,4.4,56,OPERATIONAL,establishment|point_of_interest,ChIJ5TnVKG-NxUMR6XyBQTKIbpw,оптовый продовольственный рынок,yes
Руслада,"Троицкий тракт, 52В, Челябинск, Челябинская обл., 454053",Челябинск,Челябинск,Челябинская область,Russia,55.10847,61.3876842,4.7,29,OPERATIONAL,establishment|food|point_of_interest|store,ChIJC3WSuw2NxUMRCl70dS8UDr8,оптовая база продуктов питания,check
Рынок,"ул. Горького, 68/1, Челябинск, Челябинская обл., 454081",Челябинск,Челябинск,Челябинская область,Russia,55.1856489,61.43322240000001,4.1,237,OPERATIONAL,establishment|point_of_interest,ChIJXbWlNhDtxUMR3KMcsEHiyL4,сельскохозяйственный рынок,yes
"Рынок ""Перекрёсток 2""","Новоградский тракт, 4/1, Челябинск, Челябинская обл., 454021",Челябинск,Челябинск,Челябинская область,Russia,55.1792933,61.25031380000001,4.2,273,OPERATIONAL,establishment|point_of_interest,ChIJFWzOPpWTxUMRRVghkvxCVjE,сельскохозяйственный рынок,yes
Рынок Восточный город,"ул. Кирова, 72, Челябинск, Челябинская обл., 454084",Челябинск,Челябинск,Челябинская область,Russia,55.1724848,61.3981571,3.8,1026,OPERATIONAL,establishment|point_of_interest|shopping_mall,ChIJO9g2uTbtxUMRFC-hrPR3lMw,оптовый продовольственный рынок,yes
Рынок Привоз,"Челябинск, Челябинская обл., 454053",Челябинск,Челябинск,Челябинская область,Russia,55.1105815,61.3871915,4.2,185,OPERATIONAL,establishment|point_of_interest|store,ChIJD90MLAyNxUMR-2hPm-gpX2g,оптовый продовольственный рынок,yes
Северный Двор Запад 6,"Свердловский тракт, 10, Челябинск, Челябинская обл., 454052",Челябинск,Челябинск,Челябинская область,Russia,55.2308998,61.3670272,4.2,700,OPERATIONAL,establishment|point_of_interest|store,ChIJmVkKI57sxUMRFdt8_F2aAY8,оптовый продовольственный рынок,check
Северо-Западный колхозный рынок,"просп. Победы, 348, Челябинск, Челябинская обл., 454014",Челябинск,Челябинск,Челябинская область,Russia,55.18959899999999,61.3190105,4.1,815,OPERATIONAL,establishment|food|grocery_or_supermarket|point_of_interest|store|supermarket,ChIJA8yV3BWTxUMRgEspzYKnFAg,оптовый продовольственный рынок,yes
Симский Рынок,"ул. Кирова, 13б, Челябинск, Челябинская обл., 456020",Челябинск,Челябинск,Челябинская область,Russia,55.177008,61.40004099999999,3.7,30,OPERATIONAL,establishment|point_of_interest,ChIJ8edUJlG720MRGyDaciMB5Zw,сельскохозяйственный рынок,yes
Ситно,"ул. Ильменская, 2, Челябинск, Челябинская обл., 454048",Челябинск,Челябинск,Челябинская область,Russia,55.1422456,61.3998957,4.5,82,OPERATIONAL,bakery|establishment|food|point_of_interest|store,ChIJWxciFFiNxUMRPqOvBWy2KaM,оптовая база продуктов питания,check
Строгоновская бакалея,"ул. 2-я Потребительская, 28, Челябинск, Челябинская обл., 454045",Челябинск,Челябинск,Челябинская область,Russia,55.0990879,61.3661052,3,1,OPERATIONAL,establishment|food|point_of_interest,ChIJy-8mXqWNxUMRSdece8J1KDM,оптовая база продуктов питания,check
Таврия,"Копейское ш., 36, Челябинск, Челябинская обл., 454012",Челябинск,Челябинск,Челябинская область,Russia,55.1280861,61.49398350000001,4.5,174,OPERATIONAL,establishment|food|point_of_interest|store,ChIJ-TxZ-eXyxUMR7aN1bJfl-6I,оптовая база продуктов питания,check
"ТК ""Котинский""","ул. Котина, 1, Челябинск, Челябинская обл., 454074",Челябинск,Челябинск,Челябинская область,Russia,55.1789735,61.4562405,4.4,793,OPERATIONAL,establishment|point_of_interest|shopping_mall,ChIJ5bHKYXTtxUMRvLdvhYDapeU,оптовый продовольственный рынок,check
"Торговая компания ""САМОЦВЕТ""","ул. 2-я Потребительская, 30 A, Челябинск, Челябинская обл., 454045",Челябинск,Челябинск,Челябинская область,Russia,55.0998147,61.3638278,4.9,7,OPERATIONAL,establishment|food|point_of_interest,ChIJubsKlgiNxUMRqYxqX2WilzE,оптовая база продуктов питания,check
"Торговая Фирма ""Караван""","Копейское ш., 23, Челябинск, Челябинская обл., 454000",Челябинск,Челябинск,Челябинская область,Russia,55.123694,61.492062,,,OPERATIONAL,establishment|point_of_interest,ChIJE23598DyxUMRDXmH6X4fBD4,оптовая база продуктов питания,check
Тракторозаводский Рынок,"ул. 1-й Пятилетки, 13, Челябинск, Челябинская обл., 454085",Челябинск,Челябинск,Челябинская область,Russia,55.1660068,61.45692760000001,4.1,826,OPERATIONAL,establishment|food|grocery_or_supermarket|point_of_interest|store,ChIJnf3ck2XtxUMR-ENtdhbn00s,оптовый продовольственный рынок,yes
УралМясТорг,"ул. Дарвина, 4, Челябинск, Челябинская обл., 454087",Челябинск,Челябинск,Челябинская область,Russia,55.1202404,61.3810203,4.7,64,OPERATIONAL,establishment|food|point_of_interest|store,ChIJZ8igiW2NxUMRKX5foLzRon0,оптовая база продуктов питания,check
Фруктовый овощной потребительский холдинг,"Троицкий тракт, 15, Челябинск, Челябинская обл., 454000",Челябинск,Челябинск,Челябинская область,Russia,55.1056828,61.3864128,4.4,16,OPERATIONAL,establishment|food|grocery_or_supermarket|point_of_interest|store,ChIJfTGoxwiNxUMRGZMcYERx3Ys,оптовый продовольственный рынок,check
Фрукты Овощи Опт Розница,"Оптовый рынок ""Фруктовый овощной потребительский холдинг"", Троицкий тракт, 15, Челябинск, Челябинская обл., 454000",Челябинск,Челябинск,Челябинская область,Russia,55.1059601,61.3864068,4,1,OPERATIONAL,establishment|food|point_of_interest|store,ChIJgwiKyAiNxUMRmGVHZyoMQ2c,оптовый продовольственный рынок,yes
Фрут-Хауз,"Троицкий тракт, 19з, 3, Челябинск, Челябинская обл., 454053",Челябинск,Челябинск,Челябинская область,Russia,55.0921665,61.3767504,4.2,49,OPERATIONAL,establishment|food|point_of_interest,ChIJ90n-jaqNxUMR1-p8ZDT7cVM,плодоовощная база оптовая,check
Центральный рынок,"пл. Мопра, 8, Челябинск, Челябинская обл., 454091",Челябинск,Челябинск,Челябинская область,Russia,55.163866,61.41852799999999,4.4,1426,OPERATIONAL,establishment|food|grocery_or_supermarket|point_of_interest|store|supermarket,ChIJ1zSugkXtxUMREmjgRPIfv3Q,оптовый продовольственный рынок,yes
Юрьевский,"ул. Дзержинского, 110, Челябинск, Челябинская обл., 454078",Челябинск,Челябинск,Челябинская область,Russia,55.13324189999999,61.43245029999999,3.9,35,OPERATIONAL,establishment|point_of_interest|shopping_mall,ChIJS0lCrrTyxUMRiyOJeVs2NxE,оптовый продовольственный рынок,check
NL International,"ул. Ленина, 110Б, Офис 109, Череповец, Вологодская обл., 162626",Череповец,Череповец,Вологодская область,Russia,59.1294473,37.8966734,4.4,9,OPERATIONAL,establishment|food|point_of_interest,ChIJP2uj3ZW3r0YRucB7_C20AiY,оптовая база продуктов питания,check
Wish Wash,"Prospekt Sheksninskiy, 32, Череповец, Вологодская обл., 162609",Череповец,Череповец,Вологодская область,Russia,59.09217200000001,37.9341961,4.1,154,OPERATIONAL,establishment|food|grocery_or_supermarket|point_of_interest|store,ChIJt_BI-yO2r0YRMxoIZCzBz9I,сельскохозяйственный рынок,check
ВОЛОГОДСКИЙ ПРЕСТОЛ,"Кирилловское ш., 80, Череповец, Вологодская обл., 162604",Череповец,Череповец,Вологодская область,Russia,59.15766900000001,37.9341342,,,OPERATIONAL,establishment|point_of_interest,ChIJOSGssm63r0YRLuCdHjVsdHQ,оптовый продовольственный рынок,check
Дары Карелии (ИП Волкова С. Р.),"улица Белинского. 1/3 стр.4(территория Хладокомбината, Череповец, Вологодская обл., 162612",Череповец,Череповец,Вологодская область,Russia,59.11837869999999,37.9489801,4.8,12,OPERATIONAL,establishment|food|point_of_interest,ChIJk1oVL062r0YRtSzSl5JTPJU,оптовая база продуктов питания,check
Завод Растительных Масел,"ул. Гоголя, 51-А, Череповец, Вологодская обл., 162600",Череповец,Череповец,Вологодская область,Russia,59.129833,37.9567712,5,1,OPERATIONAL,establishment|point_of_interest,ChIJbYWfp6O3r0YRaqeW3eBy9H4,оптовая база продуктов питания,check
ИП Титюнин И.В.,"ул. Гоголя, 58, Череповец, Вологодская обл., 162605",Череповец,Череповец,Вологодская область,Russia,59.129988,37.961078,1,1,OPERATIONAL,establishment|point_of_interest|storage,ChIJFfxPwv-2r0YRsfxKV4cwxWI,оптовая база продуктов питания,check
Колхозный рынок,"ул. максима горького, 30, Череповец, Вологодская обл., 162614",Череповец,Череповец,Вологодская область,Russia,59.1315398,37.9238957,3.9,2844,OPERATIONAL,establishment|point_of_interest,ChIJbYWfp6O3r0YRxWLZmG5PszU,оптовый продовольственный рынок,yes
Лемана Про,"просп. Октябрьский, 23, Череповец, Вологодская обл., 160860",Череповец,Череповец,Вологодская область,Russia,59.1025071,37.9046008,4.4,3585,OPERATIONAL,establishment|hardware_store|home_goods_store|point_of_interest|store,ChIJd-o_jKq3r0YRtOfVkzsfNtc,оптовый продовольственный рынок,check
Магазин Светофор,"ул. Леднева, 2 стр. 5, Череповец, Вологодская обл., 162600",Череповец,Череповец,Вологодская область,Russia,59.13600839999999,37.9947502,4.2,416,OPERATIONAL,establishment|point_of_interest|store,ChIJv9bGizq3r0YRbXl51DtjElQ,оптовый продовольственный рынок,check
Мини рынок,"пр. Строителей, Череповец, Вологодская обл., 162610",Череповец,Череповец,Вологодская область,Russia,59.12439709999999,37.8894093,4,3,OPERATIONAL,establishment|point_of_interest,ChIJQQViu-q3r0YRlBPxWdSZa-o,оптовый продовольственный рынок,yes
Мини-рынок Южный,"ул. Победы, дом 102б, Череповец, Вологодская обл., 162600",Череповец,Череповец,Вологодская область,Russia,59.1238709,37.9659368,4.3,105,OPERATIONAL,establishment|food|grocery_or_supermarket|point_of_interest|store,ChIJLZQ6XVa2r0YRy60cfS-gm4I,сельскохозяйственный рынок,yes
МЛТ Ресурс,"ул. Мира, д. 31, Череповец, Вологодская обл., 162610",Череповец,Череповец,Вологодская область,Russia,59.13304359999999,37.8471065,,,OPERATIONAL,establishment|point_of_interest,ChIJMVl9g4y3r0YRq6_AmVHZdxc,оптовая база продуктов питания,check
Мясная лавка,"Городской рынок, ул. максима горького, 30, Череповец, Вологодская обл., 162614",Череповец,Череповец,Вологодская область,Russia,59.1310179,37.9242521,4,1,OPERATIONAL,establishment|food|point_of_interest|store,ChIJ_fdZU6S3r0YRLpO9qlQXYl0,сельскохозяйственный рынок,check
Овощная База ЧП Носкова,"Кирилловская ул., 76, Череповец, Вологодская обл., 162600",Череповец,Череповец,Вологодская область,Russia,59.142812,37.930878,3.5,2,OPERATIONAL,establishment|point_of_interest,ChIJ8_plCAu3r0YRvS6eqZVJb2s,оптовый продовольственный рынок,yes
"ООО ""Торговый Дом ""Шекснинский бройлер""","ул. Белинского, 1/3, 2 этаж, офис 10, Череповец, Вологодская обл., 162600",Череповец,Череповец,Вологодская область,Russia,59.1185996,37.9490967,,,OPERATIONAL,establishment|food|point_of_interest,ChIJuTvAik22r0YRdceoQkND1VA,оптовая база продуктов питания,check
ООО ПРОБА-ЛЮКС,"ул. Леднева, 2, оф 4, Череповец, Вологодская обл., 162616",Череповец,Череповец,Вологодская область,Russia,59.131733,37.99349,5,1,OPERATIONAL,establishment|food|point_of_interest|store,ChIJTRwN1ue2r0YR-GgQLviVGAA,оптовый продовольственный рынок,check
Оптовая Продуктовая Компания,"ул. Гоголя, 58, Череповец, Вологодская обл., 162605",Череповец,Череповец,Вологодская область,Russia,59.1305912,37.9614715,,,OPERATIONAL,establishment|point_of_interest,ChIJVVUF0P-2r0YRAONHyXih3yY,оптовый продовольственный рынок,yes
Оптовый Склад,"Победы просп. 50, Череповец, Вологодская обл., 162614, Череповец, Вологодская обл., 162603",Череповец,Череповец,Вологодская область,Russia,59.1362035,37.9783147,,,OPERATIONAL,establishment|point_of_interest,ChIJbYWfp6O3r0YRbeO-cpo0zWI,оптовый продовольственный рынок,yes
Оптовый цветочный склад «La Fleur»,"Устюженская ул., 24, Череповец, Вологодская обл., 162615",Череповец,Череповец,Вологодская область,Russia,59.1304309,37.84806349999999,4.1,37,OPERATIONAL,establishment|point_of_interest|shopping_mall,ChIJK9q7Nfa3r0YRA5A0UsXit_I,оптовая база продуктов питания,yes
Парфеново,"Птичий рынок, ул. Ломоносова, 17, Череповец, Вологодская обл., 162611",Череповец,Череповец,Вологодская область,Russia,59.122925,37.88899500000001,,,OPERATIONAL,establishment|food|point_of_interest|store,ChIJf6X2K8C3r0YR8AMOEFNEFHc,сельскохозяйственный рынок,check
Продукты оптом и в розницу,"ул. Боршодская, 6, склад 10, Череповец, Вологодская обл., 162605",Череповец,Череповец,Вологодская область,Russia,59.13264119999999,37.9644643,4.5,2,OPERATIONAL,establishment|food|grocery_or_supermarket|point_of_interest|store,ChIJp4CSG_62r0YROSmP4sMz3eo,оптовый продовольственный рынок,yes
Птичий базар,"Птичий рынок, ул. Ломоносова, 17, Череповец, Вологодская обл., 162611",Череповец,Череповец,Вологодская область,Russia,59.12291279999999,37.8889212,3.4,159,OPERATIONAL,establishment|point_of_interest,ChIJbYWfp6O3r0YRVqJEEIchLTg,оптовый продовольственный рынок,yes
Русский бисквит,"ул. К. Маркса, 25, Череповец, Вологодская обл., 162600",Череповец,Череповец,Вологодская область,Russia,59.1273478,37.9337625,4,104,OPERATIONAL,establishment|food|point_of_interest,ChIJIZc7Vq63r0YRutSmzzQUeoU,оптовая база продуктов питания,check
Северо-Западная продовольственная компания,"ул. Боршодская, 8, Череповец, Вологодская обл., 162600",Череповец,Череповец,Вологодская область,Russia,59.1349715,37.9707858,1,1,OPERATIONAL,establishment|point_of_interest,ChIJZ4YGdv22r0YRuOJKTMhXKjQ,оптовая база продуктов питания,yes
ТК РАДУЖНЫЙ,"ул. Ветеранов, 73, Череповец, Вологодская обл., 162625",Череповец,Череповец,Вологодская область,Russia,59.1460568,37.9484445,4.4,146,OPERATIONAL,establishment|point_of_interest|shopping_mall,ChIJmQfsIA63r0YRhTyG3cZG1tQ,оптовый продовольственный рынок,check
Череповецкий мясокомбинат имени Романа Богданова,"Архангельская ул., 13, Череповец, Вологодская обл., 162603",Череповец,Череповец,Вологодская область,Russia,59.1204896,37.9774803,4.7,3,OPERATIONAL,establishment|food|point_of_interest|store,ChIJ520y-Vi2r0YRLZqYeoUg3Co,оптовый продовольственный рынок,check
Черновар,"ул. Пионерская, 17, Череповец, Вологодская обл., 162604",Череповец,Череповец,Вологодская область,Russia,59.145682,37.9455649,5,1,OPERATIONAL,establishment|point_of_interest,ChIJG8kkEg63r0YR_gmhipFg8P8,оптовая база продуктов питания,check
Юбилейный,"ул. Юбилейная, 28, Череповец, Вологодская обл., 162618",Череповец,Череповец,Вологодская область,Russia,59.12024299999999,37.993802,4.1,160,OPERATIONAL,establishment|food|grocery_or_supermarket|point_of_interest|store,ChIJRT9XF_W2r0YRxvqjc_epdEg,сельскохозяйственный рынок,check
Berbedoz,"Революционная ул., 7, Черкесск, Карачаево-Черкесская Республика, 369000",Черкесск,Черкесск,Карачаево-Черкесская Республика,Russia,44.2282039,42.057097,,,OPERATIONAL,establishment|food|point_of_interest,ChIJPcBgm14AWEARctPTh3EOYxc,оптовая база продуктов питания,check
Вязаный Рынок,"ул. Лаара, 34, Черкесск, Карачаево-Черкесская Республика, 369004",Черкесск,Черкесск,Карачаево-Черкесская Республика,Russia,44.2358933,42.05272,4.2,23,OPERATIONAL,establishment|point_of_interest,ChIJXUWbVW8AWEARyzXZbmMHIGc,оптовый продовольственный рынок,yes
"Истоки Домбая, ООО","Полевая ул., 1, Черкесск, Карачаево-Черкесская Республика, 369002",Черкесск,Черкесск,Карачаево-Черкесская Республика,Russia,44.2026739,42.0730879,4.3,11,OPERATIONAL,establishment|food|point_of_interest,ChIJ-00OJPUAWEARjTNWxw5p3aA,оптовая база продуктов питания,check
"Магазин ""АКВАМАРИН""","Ставропольская ул., 76, Черкесск, Карачаево-Черкесская Республика, 369000",Черкесск,Черкесск,Карачаево-Черкесская Республика,Russia,44.2126859,42.053556,4,4,OPERATIONAL,establishment|point_of_interest,ChIJAwX_W9ABWEARx5O_oUom9Zg,оптовая база продуктов питания,check
Молзавод,"Шоссейная ул., Черкесск, Карачаево-Черкесская Республика, 369004",Черкесск,Черкесск,Карачаево-Черкесская Республика,Russia,44.2124292,42.07195129999999,5,3,OPERATIONAL,establishment|food|point_of_interest,ChIJDUFWFgEBWEARzUczQP_MRgc,оптовый продовольственный рынок,check
Мороженное оптовая база,"Привокзальная ул., 1А, Черкесск, Карачаево-Черкесская Республика, 369003",Черкесск,Черкесск,Карачаево-Черкесская Республика,Russia,44.2394906,42.0667203,3,2,OPERATIONAL,establishment|food|grocery_or_supermarket|point_of_interest|store,ChIJ9xe9w2oAWEARFAjf6w_b3nY,оптовый продовольственный рынок,yes
Оптовая база,"Октябрьская ул., Черкесск, Карачаево-Черкесская Республика, 369000",Черкесск,Черкесск,Карачаево-Черкесская Республика,Russia,44.1960221,42.0546966,,,OPERATIONAL,establishment|point_of_interest,ChIJ7WnVpyQBWEAR5i9LzzEGMVE,оптовый продовольственный рынок,yes
Оптовая База Цветов,"ТРК «Панорама», Кавказская ул., 37, Черкесск, Карачаево-Черкесская Республика, 369000",Черкесск,Черкесск,Карачаево-Черкесская Республика,Russia,44.2326061,42.0527679,,,OPERATIONAL,establishment|point_of_interest|store,ChIJEyJGAmcAWEARoiHYGI14_6k,оптовый продовольственный рынок,yes
Оптово-розничный склад,"пл. Гутякулова, 36, Черкесск, Карачаево-Черкесская Республика, 369009",Черкесск,Черкесск,Карачаево-Черкесская Республика,Russia,44.2471971,42.045374,,,OPERATIONAL,establishment|point_of_interest,ChIJO2c3CnUAWEARM60TbbfW_Xc,оптовый продовольственный рынок,yes
Оптово-розничный склад,"Октябрьская ул., Черкесск, Карачаево-Черкесская Республика, 369012",Черкесск,Черкесск,Карачаево-Черкесская Республика,Russia,44.2018261,42.0556509,,,OPERATIONAL,establishment|point_of_interest,ChIJiULeUh8BWEARds7dYMWGGro,плодоовощная база оптовая,yes
Оптовый магазин,"Магазинная ул., 29, Черкесск, Карачаево-Черкесская Республика, 369004",Черкесск,Черкесск,Карачаево-Черкесская Республика,Russia,44.2361808,42.053817,,,OPERATIONAL,establishment|point_of_interest,ChIJ3a1KsmgAWEAR7A6KFvDNBk0,оптовый продовольственный рынок,yes
От А До Я,"Октябрьская ул., 2а, Черкесск, Карачаево-Черкесская Республика, 369003",Черкесск,Черкесск,Карачаево-Черкесская Республика,Russia,44.2474446,42.0589392,,,OPERATIONAL,establishment|point_of_interest|store,ChIJr6uIsQ0AWEARXcR25o4S5PQ,оптовая база продуктов питания,check
Продуктовая оптовая база,"Магазинная ул., Черкесск, Карачаево-Черкесская Республика, 369004",Черкесск,Черкесск,Карачаево-Черкесская Республика,Russia,44.2349509,42.0542508,,,OPERATIONAL,establishment|point_of_interest,ChIJ5cy3IWYAWEARjYpYpZYEaTQ,плодоовощная база оптовая,yes
Продуктовый Магазин От А До Я,"Черкесск, Карачаево-Черкесская Республика, 369003",Черкесск,Черкесск,Карачаево-Черкесская Республика,Russia,44.2374162,42.0684109,,,OPERATIONAL,establishment|point_of_interest,ChIJA_DgM0AAWEARLhEtJy7G47c,оптовая база продуктов питания,check
Рынок,"Троллейбусная ул., 31, Черкесск, Карачаево-Черкесская Республика, 369015",Черкесск,Черкесск,Карачаево-Черкесская Республика,Russia,44.1867309,42.0367961,4.4,333,OPERATIONAL,establishment|point_of_interest,ChIJFXvuuNIGWEARLMIw0Gs1Y_g,оптовый продовольственный рынок,yes
Рынок Вязанных Вещей,"Троллейбусная ул., 25, Черкесск, Карачаево-Черкесская Республика, 369015",Черкесск,Черкесск,Карачаево-Черкесская Республика,Russia,44.1867192,42.0372624,4.4,586,OPERATIONAL,establishment|point_of_interest,ChIJC8riNy0BWEARLIgDHob9Tp4,оптовый продовольственный рынок,yes
Трам,"Октябрьская ул., 2А, Черкесск, Карачаево-Черкесская Республика, 369003",Черкесск,Черкесск,Карачаево-Черкесская Республика,Russia,44.2495574,42.0568695,4.5,118,OPERATIONAL,establishment|food|grocery_or_supermarket|point_of_interest|store,ChIJiTyJsQ0AWEARI9V4F06Nx-U,оптовый продовольственный рынок,check
"ТЦ ""ПАНОРАМА""","Кавказская ул., 37, Черкесск, Карачаево-Черкесская Республика, 369000",Черкесск,Черкесск,Карачаево-Черкесская Республика,Russia,44.2330072,42.0524459,4.4,2699,OPERATIONAL,establishment|point_of_interest|shopping_mall,ChIJyxpv-GYAWEARGqwrFEiRw2s,оптовый продовольственный рынок,check
Хладокомбинат,"Октябрьская ул., 238, Черкесск, Карачаево-Черкесская Республика, 369000",Черкесск,Черкесск,Карачаево-Черкесская Республика,Russia,44.2190343,42.0601644,4.2,15,OPERATIONAL,establishment|food|point_of_interest,ChIJzXSm-PgAWEAR-gTPiiOIiSg,оптовый продовольственный рынок,check
Центральный рынок,"Магазинная ул., Черкесск, Карачаево-Черкесская Республика, 369004",Черкесск,Черкесск,Карачаево-Черкесская Республика,Russia,44.2347494,42.0524937,4.2,902,OPERATIONAL,establishment|food|grocery_or_supermarket|point_of_interest|store,ChIJmc5jEmYAWEARn1L1SpTzq4E,оптовый продовольственный рынок,yes
"Центральный Рынок, ООО","ул. Лаара, 34, Черкесск, Карачаево-Черкесская Республика, 369004",Черкесск,Черкесск,Карачаево-Черкесская Республика,Russia,44.2358933,42.05272009999999,4,861,OPERATIONAL,establishment|point_of_interest,ChIJ69uyjGUAWEARfaCEY5oamdQ,оптовый продовольственный рынок,yes
БСК-УФА,"Школьная ул., 6А, Чесноковка, Респ. Башкортостан, 450000",Чесноковка,Уфа,Республика Башкортостан,Russia,54.6136584,55.9323992,3.9,9,OPERATIONAL,establishment|food|point_of_interest,ChIJ4YFQB-lL2UMR2fVTB6yLSnc,оптовая база продуктов питания,check
Оптовый Склад Висаев,"Чеченская Респ., 366030",Чеченская Респ.,Грозный,Чеченская Республика,Russia,43.3119969,45.8408638,4.8,30,OPERATIONAL,establishment|food|grocery_or_supermarket|point_of_interest|store,ChIJw_UOA7zXUUARKgyMfAVwW4Y,оптовый продовольственный рынок,yes
Арбузы дыни,"ул. Онискевича, 17А, Чита, Забайкальский край, 672040",Чита,Чита,Забайкальский край,Russia,52.0321789,113.4507984,4.7,3,OPERATIONAL,establishment|food|grocery_or_supermarket|point_of_interest|store,ChIJ7yBbbAU1yl0Rg-hj9be5mEQ,сельскохозяйственный рынок,check
Бакалея,"Магазин ""Капитан, ул. Кочеткова, 55, Чита, Забайкальский край, 672038",Чита,Чита,Забайкальский край,Russia,52.05363,113.501675,3.7,3,OPERATIONAL,establishment|food|point_of_interest,ChIJyXxeKFk1yl0ReTe4fmpoUtw,оптовая база продуктов питания,check
БИН,"ул. Лазо, 116, Чита, Забайкальский край, 672020",Чита,Чита,Забайкальский край,Russia,52.02572499999999,113.483342,,,OPERATIONAL,establishment|point_of_interest,ChIJLSTAWiU1yl0R4lKnNZGEVj8,оптовая база продуктов питания,check
Богатовский,"ул. Генерала Белика, 3, Чита, Забайкальский край, 672007",Чита,Чита,Забайкальский край,Russia,52.0423815,113.4877676,2.9,19,OPERATIONAL,establishment|food|grocery_or_supermarket|point_of_interest|store,ChIJcQuO5kE1yl0R6dj2GHuHRHo,сельскохозяйственный рынок,check
Витен,"ул. Чкалова, 1а, Чита, Забайкальский край, 672039",Чита,Чита,Забайкальский край,Russia,52.0261021,113.5324615,4,1620,OPERATIONAL,establishment|point_of_interest,ChIJXUR0ksDKy10RIr-xItrjr7s,оптовый продовольственный рынок,check
Выбор,"ул. Ковыльная, 20, Чита, Забайкальский край, 672003",Чита,Чита,Забайкальский край,Russia,52.0805708,113.4580002,4.8,5,OPERATIONAL,establishment|food|point_of_interest|store,ChIJp_GyFm9Kyl0RCGEvEYEcZRw,оптовая база продуктов питания,check
Даурия,"ул. Лазо, 114а, Чита, Забайкальский край, 672020",Чита,Чита,Забайкальский край,Russia,52.0249491,113.4848779,3.9,7,OPERATIONAL,establishment|point_of_interest,ChIJdQxE7i81yl0RkpP3eo4JOOw,плодоовощная база оптовая,check
Журавли торговля и логистика,"ул. Забайкальский край, Россия 672014, 5-я Малая ул., 10, Чита, Забайкальский край, 672014",Чита,Чита,Забайкальский край,Russia,52.0351448,113.4799423,3.8,13,OPERATIONAL,establishment|point_of_interest,ChIJ64CyCTY1yl0Rtc-WurE189U,оптовая база продуктов питания,check
Забайкальская вендинговая компания,"Красноярская ул., 32-а, Чита, Забайкальский край, 672039",Чита,Чита,Забайкальский край,Russia,52.0278,113.519832,,,OPERATIONAL,establishment|point_of_interest|store,ChIJwSUFZ8jKy10R8aqznYq-tzU,оптовый продовольственный рынок,check
Золотое Руно,"Верхоленская ул., 2-а, Чита, Забайкальский край, 672039",Чита,Чита,Забайкальский край,Russia,52.028425,113.532159,5,2,OPERATIONAL,establishment|food|point_of_interest,ChIJW4m7TL_Ky10RF0MPdndSv6A,плодоовощная база оптовая,check
ИП Левада В.И.,"Промышленная ул., 5, Чита, Забайкальский край, 672020",Чита,Чита,Забайкальский край,Russia,51.9943108,113.4723953,,,OPERATIONAL,establishment|point_of_interest,ChIJZbLlQ7U0yl0RKo0F08oJaFY,оптовая база продуктов питания,check
Кузнечные ряды,"Суглинная ул., 2А, Чита, Забайкальский край, 672000",Чита,Чита,Забайкальский край,Russia,52.0415777,113.4820647,4.4,30,OPERATIONAL,establishment|food|grocery_or_supermarket|home_goods_store|liquor_store|point_of_interest|store,ChIJE4RQz0E1yl0Rej0GuTGI1xM,сельскохозяйственный рынок,check
Овощи и фрукты оптом,"Байкальская ул., 83, Чита, Забайкальский край, 672014",Чита,Чита,Забайкальский край,Russia,52.0497941,113.4477908,,,OPERATIONAL,establishment|food|point_of_interest|store,ChIJj_oFaARVZUER4iRvT7YKG6c,оптовый продовольственный рынок,yes
Овощи Фрукты,"ул. Красной Звезды, 24, Чита, Забайкальский край, 672038",Чита,Чита,Забайкальский край,Russia,52.060817,113.483804,5,2,OPERATIONAL,establishment|food|point_of_interest|store,ChIJJyh6d51Kyl0RwMJaB0l3Ngs,оптовый продовольственный рынок,check
Овощи-фрукты,"ул. Лазо, 112Г, Склад 4, Чита, Забайкальский край, 672020",Чита,Чита,Забайкальский край,Russia,52.0261393,113.4854241,4.4,20,OPERATIONAL,establishment|food|point_of_interest|store,ChIJH-ZsAjA1yl0RM3zdvoj8AeU,оптовый продовольственный рынок,check
"Овощи, фрукты оптом","База АЗСК, Пограничная ул., 9, Чита, Забайкальский край, 672000",Чита,Чита,Забайкальский край,Russia,52.0491651,113.4453328,3,2,OPERATIONAL,establishment|food|point_of_interest|store,ChIJsZS0-p41yl0Rc5r7qCXdL3s,плодоовощная база оптовая,yes
Океан,"Промышленная ул., 3, Чита, Забайкальский край, 672020",Чита,Чита,Забайкальский край,Russia,51.99332680000001,113.4704384,4.6,9,OPERATIONAL,establishment|food|point_of_interest|store,ChIJ64CyCTY1yl0Rhsm9CHNxiHQ,оптовый продовольственный рынок,check
ОПТОВАЯ КОМПАНИЯ,"ул. Лазо, 112, 7 складское помещение, Чита, Забайкальский край, 672001",Чита,Чита,Забайкальский край,Russia,52.01545489999999,113.5057608,5,1,OPERATIONAL,establishment|point_of_interest,ChIJg3Sl2tbKy10RTMqSSZBuerg,оптовый продовольственный рынок,yes
ОПТОВО-РОЗНИЧНАЯ КОМПАНИЯ,"ул. Лазо, 10г складское помещение 116, Чита, Забайкальский край, 672001",Чита,Чита,Забайкальский край,Russia,52.0257251,113.4833421,,,OPERATIONAL,establishment|point_of_interest|store,ChIJ4d5IEx40yl0RrkX4JfYj9c4,плодоовощная база оптовая,yes
ПЕКО,"3-я Шубзаводская ул., 11, Чита, Забайкальский край, 672020",Чита,Чита,Забайкальский край,Russia,52.0145606,113.5109405,4.2,18,OPERATIONAL,establishment|food|point_of_interest,ChIJax8y89nKy10Rv0bjkJcJEr4,оптовый продовольственный рынок,check
Планета витаминов,"ул. Красной Звезды, 76а, Чита, Забайкальский край, 672038",Чита,Чита,Забайкальский край,Russia,52.079821,113.481781,4,1,OPERATIONAL,establishment|food|grocery_or_supermarket|point_of_interest|store,ChIJ1f-z1o5Lyl0RbAzd7p9qNDU,оптовый продовольственный рынок,check
Продмикс,"Балейская ул., 4, Чита, Забайкальский край, 672020",Чита,Чита,Забайкальский край,Russia,52.0019335,113.4764948,2,10,OPERATIONAL,establishment|point_of_interest,ChIJM25pWMw0yl0RtpoJU27blHg,оптовый продовольственный рынок,check
Продмикс,"ул. 1-я Шубзаводская, 47А, отдел 15, 91, Чита, Забайкальский край, 672001",Чита,Чита,Забайкальский край,Russia,52.0167883,113.5069873,,,OPERATIONAL,establishment|food|point_of_interest|store,ChIJd90kJdHKy10ReLjNomtBmjw,оптовый продовольственный рынок,check
Продмикс,"Кайдаловская ул., 4, Чита, Забайкальский край, 672027",Чита,Чита,Забайкальский край,Russia,52.0375376,113.5195254,3.7,164,OPERATIONAL,establishment|food|grocery_or_supermarket|point_of_interest|store,ChIJEYUhubPKy10RRUt4gvAuhPg,оптовый продовольственный рынок,check
Продуктовая линия,"ул. Лазо, 112А, Чита, Забайкальский край, 672020",Чита,Чита,Забайкальский край,Russia,52.0267109,113.484532,,,OPERATIONAL,establishment|point_of_interest,ChIJtztbty81yl0RAZiT7SENC44,оптовая база продуктов питания,check
Продукты,"ул. 1-я Шубзаводская, 47, Чита, Забайкальский край, 672002",Чита,Чита,Забайкальский край,Russia,52.0172446,113.5068918,,,OPERATIONAL,establishment|point_of_interest,ChIJfSi_PdHKy10R6wg3iSO1Crk,оптовая база продуктов питания,check
Садко,"Экспедиционный туп., 7, Чита, Забайкальский край, 672038",Чита,Чита,Забайкальский край,Russia,52.0704158,113.476659,,,OPERATIONAL,establishment|food|point_of_interest|store,ChIJ1UVuW4ZKyl0ReRwBu6i2vzQ,оптовый продовольственный рынок,check
Старый рынок,"ул. Богомягкова, 12А, Чита, Забайкальский край, 672007",Чита,Чита,Забайкальский край,Russia,52.0389172,113.495131,3.9,363,OPERATIONAL,establishment|point_of_interest,ChIJRy6jSUY1yl0RO3LcMFgzvrI,оптовый продовольственный рынок,yes
Сухофрукты,"ул. Лазо, 112A, Чита, Забайкальский край, 672020",Чита,Чита,Забайкальский край,Russia,52.026626,113.4845819,5,1,OPERATIONAL,establishment|food|point_of_interest|store,ChIJZcdUqTo1yl0Rj2BnU2xTxy4,оптовый продовольственный рынок,check
Удобный 24 продуктовый магазин,"ул. Красноармейская, 67, Чита, Забайкальский край, 674000",Чита,Чита,Забайкальский край,Russia,52.049569,113.499169,5,2,OPERATIONAL,establishment|point_of_interest,ChIJOzkOknE1yl0RwJI62emrEI8,сельскохозяйственный рынок,check
Фрукты Овощи,"ул. Шилова, 93, Чита, Забайкальский край, 672038",Чита,Чита,Забайкальский край,Russia,52.0596592,113.4940993,,,OPERATIONAL,establishment|food|point_of_interest|store,ChIJNfS4lZ9Kyl0RmBHjGgMn6ko,плодоовощная база оптовая,check
Цветы Оптом,"пр. Фадеева, 14ж, Чита, Забайкальский край, 672030",Чита,Чита,Забайкальский край,Russia,52.0708442,113.3877555,,,OPERATIONAL,establishment|point_of_interest,ChIJi0hM2wU2yl0RRS5-fON_76w,плодоовощная база оптовая,yes
Центральный Рынок,"ул. Бабушкина, 157, Чита, Забайкальский край, 672000",Чита,Чита,Забайкальский край,Russia,52.0415547,113.4928147,3.9,2277,OPERATIONAL,establishment|food|grocery_or_supermarket|point_of_interest|store|supermarket,ChIJ1b6jKEQ1yl0Rte3a2ZP-QRo,оптовый продовольственный рынок,yes
Чита-универсал,"ул. Чкалова, 35, Чита, Забайкальский край, 672039",Чита,Чита,Забайкальский край,Russia,52.03008269999999,113.5198989,5,2,OPERATIONAL,establishment|point_of_interest,ChIJQyOxKrbKy10ROYF9opgA9RY,оптовая база продуктов питания,check
Читинский Молкомбинат,"Балейская ул., 2, Чита, Забайкальский край, 672020",Чита,Чита,Забайкальский край,Russia,51.99987489999999,113.4748132,4.2,56,OPERATIONAL,establishment|food|point_of_interest,ChIJ64CyCTY1yl0R21JlB5HQaGo,оптовая база продуктов питания,check
Читинский Хладокомбинат,"Промышленная ул., 1В, Чита, Забайкальский край, 672020",Чита,Чита,Забайкальский край,Russia,51.9943542,113.4726471,4.2,13,OPERATIONAL,establishment|food|grocery_or_supermarket|point_of_interest|store,ChIJ64CyCTY1yl0Rv2jTGcSF8gc,оптовая база продуктов питания,check
Янта-Чита,"ул. Лазо, 116, Чита, Забайкальский край, 672020",Чита,Чита,Забайкальский край,Russia,52.0229653,113.4865365,4.7,3,OPERATIONAL,establishment|food|point_of_interest,ChIJ80iT_y41yl0RsuahtBqw63A,оптовая база продуктов питания,check
Оптовая база Советский Союз,"пер. Комиссаровский, 46, Шахты, Ростовская обл., 346500",Шахты,Ростов-на-Дону,Ростовская область,Russia,47.70967599999999,40.22706,4.2,15,OPERATIONAL,establishment|food|point_of_interest|store,ChIJr522IToX4kARrx25RZthPUk,плодоовощная база оптовая,yes
Кольцовский вещевой рынок,"ул. Кольцовская, Широкий, Воронежская обл., 394030",Широкий,Воронеж,Воронежская область,Russia,51.6644589,39.1876646,4.2,1464,OPERATIONAL,establishment|point_of_interest,ChIJU5beNfAuO0ERcmUGrZSVL3o,сельскохозяйственный рынок,yes
Калуга- теплый cum,"пос, Центральная ул., 1, Шопино, Калужская обл., 248921",Шопино,Калуга,Калужская область,Russia,54.4949302,36.1594764,3,2,OPERATIONAL,establishment|food|point_of_interest,ChIJL2uEy_K3NEERikfLzybJJRU,оптовая база продуктов питания,check
foodmarkett,"ул. Юрия Клыкова, 87б, Элиста, Респ. Калмыкия, 358003",Элиста,Элиста,Республика Калмыкия,Russia,46.30987289999999,44.2907214,,,OPERATIONAL,establishment|food|point_of_interest,ChIJ68w4_YfRAUER3_EHQZY5P8w,оптовая база продуктов питания,yes
Fruit Mix,"пер. Демьяновский, 40, Элиста, Респ. Калмыкия, 358001",Элиста,Элиста,Республика Калмыкия,Russia,46.3200423,44.22635450000001,,,OPERATIONAL,establishment|point_of_interest,ChIJVVVJcwPRAUER4YH2XErYXuA,плодоовощная база оптовая,check
Зелёный Рынок,"ул. Юрия Клыкова, 87 А, Элиста, Респ. Калмыкия, 358003",Элиста,Элиста,Республика Калмыкия,Russia,46.31080499999999,44.2969266,4.3,742,OPERATIONAL,establishment|point_of_interest|shopping_mall,ChIJJUjDEifSAUERJLDz7_tn0Iw,оптовый продовольственный рынок,yes
КрупаМука,"ул. Ленина, 9, стр. 115, Элиста, Респ. Калмыкия, 358001",Элиста,Элиста,Республика Калмыкия,Russia,46.3144948,44.2208936,,,OPERATIONAL,establishment|food|point_of_interest,ChIJSSo5q9nRAUERo1s-93rL7GM,оптовая база продуктов питания,check
"магазин ""Исток""","ул. Ленина, 9 строение 91, Элиста, Респ. Калмыкия, 358001",Элиста,Элиста,Республика Калмыкия,Russia,46.3148046,44.2171343,4.6,89,OPERATIONAL,establishment|food|grocery_or_supermarket|point_of_interest|store,ChIJd6nVvX7RAUERFa8oKtryKaw,оптовый продовольственный рынок,check
Магазин База Тоннель,"ул. Ленина, 237, Элиста, Респ. Калмыкия, 358000",Элиста,Элиста,Республика Калмыкия,Russia,46.3078477,44.2631595,4,128,OPERATIONAL,establishment|food|grocery_or_supermarket|point_of_interest|store,ChIJ1XqienfRAUERBOauJIjOi6M,оптовый продовольственный рынок,yes
Мини-Рынок,"ул. Чернышевского, 161А, Элиста, Респ. Калмыкия, 358004",Элиста,Элиста,Республика Калмыкия,Russia,46.301379,44.2437235,4.7,14,OPERATIONAL,establishment|point_of_interest,ChIJg8gmFGnRAUER_gJd8ns_Wck,оптовый продовольственный рынок,yes
Овощной рынок,"Элиста, Респ. Калмыкия, 358007",Элиста,Элиста,Республика Калмыкия,Russia,46.31989069999999,44.2607063,3.9,301,OPERATIONAL,establishment|food|grocery_or_supermarket|point_of_interest|store,ChIJMQw7OaLRAUERo0CekOPaD3c,оптовый продовольственный рынок,yes
Светофор,"Элиста, Респ. Калмыкия, 358003",Элиста,Элиста,Республика Калмыкия,Russia,46.3112557,44.288757,4.1,377,OPERATIONAL,establishment|food|grocery_or_supermarket|point_of_interest|store,ChIJQ8qUZ6rRAUERZaKybuY2Yls,оптовый продовольственный рынок,check
Центр Оптовой торговли Кит,"ул. Будённого, 7А, Элиста, Респ. Калмыкия, 358007",Элиста,Элиста,Республика Калмыкия,Russia,46.318323,44.2608578,4.1,1000,OPERATIONAL,establishment|point_of_interest|shopping_mall,ChIJBZPxVZ_RAUERAGlNDHAT514,оптовый продовольственный рынок,yes
Центральный Рынок,"ул. Юлии Нейман, 3, Элиста, Респ. Калмыкия, 358000",Элиста,Элиста,Республика Калмыкия,Russia,46.30966009999999,44.2648735,3.9,1232,OPERATIONAL,establishment|point_of_interest,ChIJE7wy-XfRAUERy_IYO16SQc8,оптовый продовольственный рынок,yes
Элиста Торг,"ул. Ленина, 7А строение 3, Элиста, Респ. Калмыкия, 358001",Элиста,Элиста,Республика Калмыкия,Russia,46.3157416,44.2119892,,,OPERATIONAL,establishment|food|point_of_interest,ChIJj6Z_Sh7RAUERunKAcFsl31Y,оптовый продовольственный рынок,check
Овощебаза,"Энгельс, Саратовская обл., 413118",Энгельс,Саратов,Саратовская область,Russia,51.4792716,46.1032003,4.7,12,OPERATIONAL,establishment|point_of_interest|shopping_mall,ChIJf_Udl625FEERd7m3Lbj0AWY,плодоовощная база оптовая,yes
"ООО ""ПокровскАгро""","Студенческая ул., 68, Энгельс, Саратовская обл., 413124",Энгельс,Саратов,Саратовская область,Russia,51.5020938,46.1745092,5,3,OPERATIONAL,establishment|food|point_of_interest|store,ChIJQ3lHxHi3FEERYj0-nDJyhvQ,плодоовощная база оптовая,yes
MEGABAZAR,"Сахалинская ул., 89, Южно-Сахалинск, Сахалинская обл., 693005",Южно-Сахалинск,Южно-Сахалинск,Сахалинская область,Russia,46.9631955,142.7235925,5,1,OPERATIONAL,establishment|food|grocery_or_supermarket|point_of_interest|store,ChIJLSyul1OrGV8RGoRtPLveQtU,оптовый продовольственный рынок,check
АНВ,"пр. Мира, 2, Южно-Сахалинск, Сахалинская обл., 693006",Южно-Сахалинск,Южно-Сахалинск,Сахалинская область,Russia,46.9382384,142.7435541,3,1,OPERATIONAL,establishment|point_of_interest,ChIJoQMSvWEAGV8RcDRYyO7roCA,плодоовощная база оптовая,check
Антураж,"ул. Емельянова, 36, Южно-Сахалинск, Сахалинская обл., 693006",Южно-Сахалинск,Южно-Сахалинск,Сахалинская область,Russia,46.9409675,142.7370452,4.6,369,OPERATIONAL,establishment|home_goods_store|point_of_interest|store,ChIJGaUCxySqGV8R7rXEWCAvHVE,оптовый продовольственный рынок,check
"База Оптово-розничной Торговли ""Овощи и фрукты""","Украинская ул., 72, Южно-Сахалинск, Сахалинская обл., 693003",Южно-Сахалинск,Южно-Сахалинск,Сахалинская область,Russia,46.9841767,142.724218,4,2,OPERATIONAL,establishment|point_of_interest,ChIJBySPdIwAGV8Rjcl1WWAKvOc,плодоовощная база оптовая,yes
Восток,"Сахалинская ул., 59, Южно-Сахалинск, Сахалинская обл., 693005",Южно-Сахалинск,Южно-Сахалинск,Сахалинская область,Russia,46.9636364,142.7276869,4.3,87,OPERATIONAL,establishment|hair_care|health|point_of_interest,ChIJ80eY33SqGV8RuyIzczqE7o4,оптовый продовольственный рынок,check
Грасп,"Украинская ул., 58, Южно-Сахалинск, Сахалинская обл., 693012",Южно-Сахалинск,Южно-Сахалинск,Сахалинская область,Russia,46.9853063,142.7339369,,,OPERATIONAL,establishment|point_of_interest,ChIJGW94C2IAGV8RQsYmld0E_ZQ,оптовая база продуктов питания,check
Деметра,"154, ул. Ленина, г. Южно-Сахалинск, Сахалинская обл., Россия 693020, пер. Энергетиков, 1а, Южно-Сахалинск, Сахалинская обл., 693012",Южно-Сахалинск,Южно-Сахалинск,Сахалинская область,Russia,46.9884038,142.7401354,4.4,7,OPERATIONAL,establishment|food|point_of_interest,ChIJQWG8YHaqGV8Rnp56ByvuiI4,оптовая база продуктов питания,check
ЕДА65,"Украинская ул., 72, Южно-Сахалинск, Сахалинская обл., 693003",Южно-Сахалинск,Южно-Сахалинск,Сахалинская область,Russia,46.9841767,142.724218,5,1,OPERATIONAL,establishment|food|point_of_interest,ChIJBySPdIwAGV8Roeyuie1cwDM,оптовый продовольственный рынок,check
Зеленая Дача,"пр. Мира, 19, Южно-Сахалинск, Сахалинская обл., 693012",Южно-Сахалинск,Южно-Сахалинск,Сахалинская область,Russia,46.981269,142.7362432,4.2,51,OPERATIONAL,establishment|food|point_of_interest|store,ChIJ66etOEUAGV8RbXRSlhf3CvE,сельскохозяйственный рынок,check
ИП Аббасов У.Э. (фрукты и овощы),"Ул .Украинская 72 база 8А, склад, Южно-Сахалинск, Сахалинская обл., 693000",Южно-Сахалинск,Южно-Сахалинск,Сахалинская область,Russia,46.9841767,142.724218,,,OPERATIONAL,establishment|food|point_of_interest|store,ChIJJehpfVoBGV8RgsuX5u_-HLI,оптовый продовольственный рынок,check
ИП Гребенник Е.А.,"Украинская ул., 70А, Южно-Сахалинск, Сахалинская обл., 693003",Южно-Сахалинск,Южно-Сахалинск,Сахалинская область,Russia,46.9848162,142.7258167,4.5,125,OPERATIONAL,establishment|food|point_of_interest,ChIJaTGo7osAGV8RfpFsWiPcvwI,оптовая база продуктов питания,check
Калинка,"Сахалинская ул., 69, Южно-Сахалинск, Сахалинская обл., 098269",Южно-Сахалинск,Южно-Сахалинск,Сахалинская область,Russia,46.9633999,142.7256991,4.3,1485,OPERATIONAL,establishment|food|point_of_interest|restaurant|shopping_mall,ChIJJXZ2KnWqGV8RTmPwV8DHh_k,сельскохозяйственный рынок,check
КРЕВЕТКА САХАЛИНА,"ул. Пушкина, 80, Южно-Сахалинск, Сахалинская обл., 693008",Южно-Сахалинск,Южно-Сахалинск,Сахалинская область,Russia,46.9540906,142.7337032,4.6,37,OPERATIONAL,establishment|food|point_of_interest,ChIJqUCs8M-rGV8R-RjL-LmbB_8,оптовый продовольственный рынок,check
Луч,"Комсомольская ул., 163, Южно-Сахалинск, Сахалинская обл., 693010",Южно-Сахалинск,Южно-Сахалинск,Сахалинская область,Russia,46.9563839,142.7487447,4.1,1048,OPERATIONAL,establishment|point_of_interest|shopping_mall,ChIJYTGha2mqGV8R_Bg99y58b0A,сельскохозяйственный рынок,check
МЕГАБЕРЕЗКА,"Сахалинская ул., 89, Южно-Сахалинск, Сахалинская обл., 693005",Южно-Сахалинск,Южно-Сахалинск,Сахалинская область,Russia,46.96282979999999,142.7236952,4.4,2374,OPERATIONAL,establishment|point_of_interest|shopping_mall,ChIJg5Gs4QqqGV8RvKhg9lyD7Ck,оптовый продовольственный рынок,check
"Мука, крупа, комбикорма","Украинская ул., 70А, Склад 2А, Южно-Сахалинск, Сахалинская обл., 693000",Южно-Сахалинск,Южно-Сахалинск,Сахалинская область,Russia,46.9848162,142.7258167,5,1,OPERATIONAL,establishment|food|point_of_interest|store,ChIJbTGq6YsAGV8RVZtkoUA7Vtg,оптовая база продуктов питания,check
Новость,"ул. Вокзальная, 3, Южно-Сахалинск, Сахалинская обл., 693000",Южно-Сахалинск,Южно-Сахалинск,Сахалинская область,Russia,46.962954,142.7255329,3.9,158,OPERATIONAL,establishment|point_of_interest|shopping_mall,ChIJB1SmTgyqGV8R3MA9UVCMJLg,сельскохозяйственный рынок,check
Овощи Тепличные,"Чехова ул., 1, Южно-Сахалинск, Сахалинская обл., 693001",Южно-Сахалинск,Южно-Сахалинск,Сахалинская область,Russia,46.9642931,142.7338251,4.5,147,OPERATIONAL,establishment|food|point_of_interest|store,ChIJ_0CABHSqGV8RmRyP8pEm1Ac,плодоовощная база оптовая,check
"Оптовая компания ""Лидер""","пр. Мира, 5В, Южно-Сахалинск, Сахалинская обл., 693012",Южно-Сахалинск,Южно-Сахалинск,Сахалинская область,Russia,46.9953884,142.7385904,5,3,OPERATIONAL,establishment|point_of_interest,ChIJJ58JzmAAGV8REImrY12LUOs,оптовый продовольственный рынок,yes
Оптовый Склад,"Украинская ул., 58А, Южно-Сахалинск, Сахалинская обл., 693012",Южно-Сахалинск,Южно-Сахалинск,Сахалинская область,Russia,46.9848069,142.7313645,,,OPERATIONAL,establishment|point_of_interest,ChIJ-6C_9IkAGV8R_DwprOTPF4c,оптовый продовольственный рынок,yes
Первый рыбный,"ул. имени Космонавта Поповича, 69Б, Южно-Сахалинск, Сахалинская обл., 693008",Южно-Сахалинск,Южно-Сахалинск,Сахалинская область,Russia,46.952535,142.7344665,3,1,OPERATIONAL,establishment|food|point_of_interest|store,ChIJ763rXvyrGV8RN0tDARUbg4M,сельскохозяйственный рынок,check
ПКФ ЮЖНО-КУРИЛЬСКИЙ РЫБОКОМБИНАТ,"ул. Карла Маркса, 20, Офис 112, 1 Этаж, Южно-Сахалинск, Сахалинская обл., 693011",Южно-Сахалинск,Южно-Сахалинск,Сахалинская область,Russia,46.9578666,142.7345581,5,10,OPERATIONAL,establishment|food|point_of_interest,ChIJbTiSYQ2qGV8RsQLVp7iB9iE,оптовая база продуктов питания,check
Планета Витаминов,"пр. Мира, 1А, Южно-Сахалинск, Сахалинская обл., 693012",Южно-Сахалинск,Южно-Сахалинск,Сахалинская область,Russia,46.9782912,142.7361587,4.5,20,OPERATIONAL,establishment|food|point_of_interest,ChIJQWG8YHaqGV8RY2VR0Ib4vvI,оптовая база продуктов питания,check
Рыбный магазин,"ул. Ленина, 131, Южно-Сахалинск, Сахалинская обл., 693000",Южно-Сахалинск,Южно-Сахалинск,Сахалинская область,Russia,46.9622507,142.7299288,4.3,12,OPERATIONAL,establishment|food|grocery_or_supermarket|point_of_interest|store,ChIJ5fcEYHOqGV8R5rcUl4-EAGI,сельскохозяйственный рынок,check
Рыбокомбинат Островной,"Коммунистический пр., 31б /1, оф.202, Южно-Сахалинск, Сахалинская обл., 693000",Южно-Сахалинск,Южно-Сахалинск,Сахалинская область,Russia,46.9586218,142.7424163,4.2,5,OPERATIONAL,establishment|point_of_interest,ChIJXQb9KA2qGV8ReNK2i4lg75o,оптовый продовольственный рынок,check
Рынок,"Южно-Сахалинская ул., Южно-Сахалинск, Сахалинская обл., 693005",Южно-Сахалинск,Южно-Сахалинск,Сахалинская область,Russia,46.9629753,142.7256231,4.1,55,OPERATIONAL,establishment|food|point_of_interest,ChIJBafsLguqGV8RV4JSQJiV1RI,оптовый продовольственный рынок,yes
Сахалин,"ул. Ленина, 123, Южно-Сахалинск, Сахалинская обл., 693000",Южно-Сахалинск,Южно-Сахалинск,Сахалинская область,Russia,46.9637592,142.7288229,4.2,912,OPERATIONAL,establishment|point_of_interest|shopping_mall,ChIJtcxh8HSqGV8RiTPK6-8ZX_w,сельскохозяйственный рынок,check
Сахалин-Айока,"пр. Мира, 113, Южно-Сахалинск, Сахалинская обл., 693000",Южно-Сахалинск,Южно-Сахалинск,Сахалинская область,Russia,46.88497,142.7493889,2.3,3,OPERATIONAL,establishment|food|point_of_interest|store,ChIJgQs6mCyqGV8RAskPptl0wfg,оптовый продовольственный рынок,check
Сахалинская областная оптово-торговая база,"пр. Мира, 19, Южно-Сахалинск, Сахалинская обл., 693012",Южно-Сахалинск,Южно-Сахалинск,Сахалинская область,Russia,46.9813318,142.7361528,4,4,OPERATIONAL,establishment|point_of_interest,ChIJQWG8YHaqGV8RvZIjsQjL5OM,оптовый продовольственный рынок,yes
Сахалинский деликатес,"11/4,, пр. Мира, 2Б, Южно-Сахалинск, Сахалинская обл., 693012",Южно-Сахалинск,Южно-Сахалинск,Сахалинская область,Russia,47.0042425,142.7267009,5,1,OPERATIONAL,establishment|point_of_interest,ChIJ4TieO04AGV8R6oguLFj3ZmA,оптовая база продуктов питания,check
Сахмаркет,"Сахалинская ул., 89, Южно-Сахалинск, Сахалинская обл., 693005",Южно-Сахалинск,Южно-Сахалинск,Сахалинская область,Russia,46.96279750000001,142.7233087,4.3,1394,OPERATIONAL,establishment|food|grocery_or_supermarket|point_of_interest|store,ChIJya6H-u6rGV8RsNkGGj378As,сельскохозяйственный рынок,check
Семерочка,"ул. Курильская, 8, Южно-Сахалинск, Сахалинская обл., 693010",Южно-Сахалинск,Южно-Сахалинск,Сахалинская область,Russia,46.9634368,142.7447098,4,54,OPERATIONAL,establishment|food|grocery_or_supermarket|point_of_interest|store,ChIJn7wRp3GqGV8RDf13hrgcpOM,сельскохозяйственный рынок,check
Сказка,"1-я Московская, 13, Сахалинская обл., 693005",Южно-Сахалинск,Южно-Сахалинск,Сахалинская область,Russia,46.9854711,142.6819723,5,1,OPERATIONAL,establishment|point_of_interest,ChIJ-fF8sy4BGV8RzUwp8T_esV4,оптовая база продуктов питания,check
СОВХОЗ ЮЖНО-САХАЛИНСКИЙ,"Дружбы ул., 75, п/р Луговое, Южно-Сахалинск, Сахалинская обл., 693021",Южно-Сахалинск,Южно-Сахалинск,Сахалинская область,Russia,47.0188835,142.7135597,3.5,32,OPERATIONAL,establishment|point_of_interest,ChIJQRnBAboBGV8Ra4G_a5u7ugI,сельскохозяйственный рынок,check
Техник,"ул. Ленина, 254, 3 этаж, Южно-Сахалинск, Сахалинская обл., 693008",Южно-Сахалинск,Южно-Сахалинск,Сахалинская область,Russia,46.95121899999999,142.730385,4.3,1873,OPERATIONAL,establishment|home_goods_store|point_of_interest|store,ChIJD0IWEiaqGV8RrYCd0IfbjMU,оптовый продовольственный рынок,check
Успех,"Сахалинская ул., 71, Южно-Сахалинск, Сахалинская обл., 693005",Южно-Сахалинск,Южно-Сахалинск,Сахалинская область,Russia,46.9633092,142.7248984,4.2,1873,OPERATIONAL,establishment|point_of_interest,ChIJ_-xo1gqqGV8RyfyYiXFPD3k,оптовый продовольственный рынок,check
Центральная Ярмарка,"ул. Вокзальная, 71 стр, Южно-Сахалинск, Сахалинская обл., 693000",Южно-Сахалинск,Южно-Сахалинск,Сахалинская область,Russia,46.9548412,142.7274009,3.7,79,OPERATIONAL,establishment|point_of_interest|shopping_mall,ChIJ0Vv78BGqGV8RvV74Rrr44yE,оптовый продовольственный рынок,yes
Эко Ярмарка,"пр. Мира, 82, Южно-Сахалинск, Сахалинская обл., 693001",Южно-Сахалинск,Южно-Сахалинск,Сахалинская область,Russia,46.9634445,142.7396658,5,4,OPERATIONAL,establishment|point_of_interest,ChIJfZMeBnGqGV8RIiiJ20DriOI,оптовый продовольственный рынок,yes
"Южно-сахалинский, Молочный Комбинат","пр. Мира, 17, Южно-Сахалинск, Сахалинская обл., 693012",Южно-Сахалинск,Южно-Сахалинск,Сахалинская область,Russia,46.9832612,142.7360489,4.2,36,OPERATIONAL,establishment|food|point_of_interest,ChIJuSedPYgAGV8RTjVKeqUuW7I,оптовая база продуктов питания,check
Южный,"ул. Есенина, 15А, Южно-Сахалинск, Сахалинская обл., 693013",Южно-Сахалинск,Южно-Сахалинск,Сахалинская область,Russia,46.9302132,142.747616,4.2,469,OPERATIONAL,establishment|food|point_of_interest|store,ChIJrfTzxyyqGV8R6dvqur-6XRQ,оптовый продовольственный рынок,check
Янтарное,"пр. Мира, 2-в, Южно-Сахалинск, Сахалинская обл., 693012",Южно-Сахалинск,Южно-Сахалинск,Сахалинская область,Russia,47.0033407,142.7304593,4.7,13,OPERATIONAL,establishment|food|point_of_interest,ChIJWU_JQk8AGV8RRS99nWgAxAY,оптовая база продуктов питания,check
Янтарное,"Коммунистический пр., 19, Южно-Сахалинск, Сахалинская обл., 693010",Южно-Сахалинск,Южно-Сахалинск,Сахалинская область,Russia,46.9600968,142.7503055,3.3,3,OPERATIONAL,establishment|food|point_of_interest,ChIJofJSQ2-qGV8RSp1gKv9K_s4,оптовая база продуктов питания,check
Янтарь,"пр. Мира, 229, Южно-Сахалинск, Сахалинская обл., 693023",Южно-Сахалинск,Южно-Сахалинск,Сахалинская область,Russia,46.9439107,142.7437785,4.1,1114,OPERATIONAL,establishment|point_of_interest|shopping_mall,ChIJ8QyZqD6qGV8RotcjtEDpr7g,оптовый продовольственный рынок,check
Maxima торг,"ул. Чернышевского, 80, Якутск, Респ. Саха (Якутия), 677007",Якутск,Якутск,Республика Саха (Якутия),Russia,62.0030173,129.715443,4.6,27,OPERATIONAL,establishment|point_of_interest|shopping_mall,ChIJ9-C5HX819lsR7WP3Qeh4wZk,оптовая база продуктов питания,check
Актив,"ул. Чернышевского, 66, Якутск, Респ. Саха (Якутия), 677007",Якутск,Якутск,Республика Саха (Якутия),Russia,62.008466,129.716928,5,1,OPERATIONAL,establishment|food|grocery_or_supermarket|point_of_interest|store,ChIJr_Bx5n9K9lsR68KqIyNwjNI,оптовая база продуктов питания,check
Алмаз,"ул. Каландаришвили, 40, Якутск, Респ. Саха (Якутия), 677008",Якутск,Якутск,Республика Саха (Якутия),Russia,62.0231399,129.6997337,4.1,32,OPERATIONAL,establishment|food|point_of_interest,ChIJ90fffXFK9lsRyZiJ-T1uVi0,оптовая база продуктов питания,check
АНИГАН,"ул. Чернышевского, 80/1, Якутск, Респ. Саха (Якутия), 677000",Якутск,Якутск,Республика Саха (Якутия),Russia,62.00167099999999,129.7141529,4.6,28,OPERATIONAL,establishment|food|grocery_or_supermarket|point_of_interest|store,ChIJT87-0X419lsRQFUvR5Ltb8w,оптовый продовольственный рынок,check
Белое Озеро,"а, ул. Можайского, 27, Якутск, Респ. Саха (Якутия), 677014",Якутск,Якутск,Республика Саха (Якутия),Russia,62.08738629999999,129.7408376,4.2,1752,OPERATIONAL,establishment|point_of_interest|shopping_mall,ChIJwx7KD19J9lsRguHouVliA5Y,оптовый продовольственный рынок,check
Геоком,"ул. Жорницкого, 20, Якутск, Респ. Саха (Якутия), 677009",Якутск,Якутск,Республика Саха (Якутия),Russia,62.05298189999999,129.7223379,4.2,265,OPERATIONAL,establishment|point_of_interest|shopping_mall,ChIJ5zyGajFK9lsRMdpucLOmiYA,оптовый продовольственный рынок,check
Диана,"ул. Чернышевского, 66 корпус 3, Якутск, Респ. Саха (Якутия), 677007",Якутск,Якутск,Республика Саха (Якутия),Russia,62.007491,129.7166289,5,1,OPERATIONAL,establishment|point_of_interest,ChIJnZUm_n9K9lsROsOq-xrSVbg,оптовый продовольственный рынок,check
"Дэлэгэй, сельскохозяйственная торговая компания","ул. Ойунского, 8, Якутск, Респ. Саха (Якутия), 677027",Якутск,Якутск,Республика Саха (Якутия),Russia,62.0262942,129.7122066,5,1,OPERATIONAL,establishment|food|point_of_interest,ChIJsWTTV25K9lsR4eEyl_JEg7Q,оптовая база продуктов питания,check
"ИНКОТРЕЙД,","ул. Чернышевского, 66 ст22, Якутск, Респ. Саха (Якутия), 677007",Якутск,Якутск,Республика Саха (Якутия),Russia,62.00815979999999,129.7161301,5,7,OPERATIONAL,establishment|food|point_of_interest|store,ChIJV5S6ao819lsRJiw5dDmzGTo,оптовый продовольственный рынок,check
Казань Продукт,"Можайская ул, 27, Якутск, Респ. Саха (Якутия), 677004",Якутск,Якутск,Республика Саха (Якутия),Russia,62.0869776,129.7414969,5,3,OPERATIONAL,establishment|point_of_interest,ChIJPzDVuxdJ9lsRVUSSHkbK2zA,оптовая база продуктов питания,check
Каравай,"Якутск, Респ. Саха (Якутия), 677004",Якутск,Якутск,Республика Саха (Якутия),Russia,62.06635170000001,129.7919581,3.8,26,OPERATIONAL,establishment|food|grocery_or_supermarket|point_of_interest|store,ChIJqanYJZZL9lsRTk7ZggEys1g,сельскохозяйственный рынок,check
Крестьянский рынок,"ул. Лермонтова, 62/2, блок А, Якутск, Респ. Саха (Якутия), 677005",Якутск,Якутск,Республика Саха (Якутия),Russia,62.0365638,129.7195587,4,3226,OPERATIONAL,establishment|point_of_interest,ChIJk35aT2pK9lsRhlcuLfFwyn4,сельскохозяйственный рынок,yes
Крытый рынок,"ул. Федора Попова, 13/2, Якутск, Респ. Саха (Якутия), 677000",Якутск,Якутск,Республика Саха (Якутия),Russia,62.0446507,129.7528317,3.7,690,OPERATIONAL,establishment|food|grocery_or_supermarket|point_of_interest|store,ChIJR94b2U1K9lsRjIDuZIbL8D0,оптовый продовольственный рынок,yes
Кэскил,"ул. Чернышевского, 80, Якутск, Респ. Саха (Якутия), 677000",Якутск,Якутск,Республика Саха (Якутия),Russia,62.00335799999999,129.715179,5,2,OPERATIONAL,establishment|food|grocery_or_supermarket|point_of_interest|store,ChIJgY7GBH819lsRGVTvHipTKjU,оптовый продовольственный рынок,check
"Магазин продуктовый на Чернышевского, 80","ул. Чернышевского, 80, Якутск, Респ. Саха (Якутия), 677000",Якутск,Якутск,Республика Саха (Якутия),Russia,62.00274650000001,129.7140655,4.4,191,OPERATIONAL,establishment|food|grocery_or_supermarket|point_of_interest|store,ChIJqcT4HX819lsRN6bVBAmyd5g,оптовый продовольственный рынок,check
Магазин РОЗТОР,"Вилюйский тракт, 4-й км, 1/3, Якутск, Респ. Саха (Якутия), 677004",Якутск,Якутск,Республика Саха (Якутия),Russia,62.0375671,129.6537017,4.2,1191,OPERATIONAL,establishment|food|grocery_or_supermarket|home_goods_store|point_of_interest|store,ChIJ8a-eMwJK9lsR9sCTw_XXmYs,оптовый продовольственный рынок,check
Магазин-склад,"ул. Чернышевского, 66, Якутск, Респ. Саха (Якутия), 677007",Якутск,Якутск,Республика Саха (Якутия),Russia,62.008444,129.7174839,,,OPERATIONAL,establishment|food|grocery_or_supermarket|point_of_interest|store,ChIJv9Up539K9lsR8sSYX1s4BbU,оптовая база продуктов питания,check
Мамонт,"ул. Мерзлотная, 28-а, Якутск, Респ. Саха (Якутия), 677000",Якутск,Якутск,Республика Саха (Якутия),Russia,62.0112688,129.6548788,5,1,OPERATIONAL,establishment|food|point_of_interest,ChIJQzIqGe019lsRdwbrPoTK8bw,оптовая база продуктов питания,check
Махтал,"ул. Автодорожная, 3/8, Якутск, Респ. Саха (Якутия), 677007",Якутск,Якутск,Республика Саха (Якутия),Russia,62.005753,129.6958816,4.6,25,OPERATIONAL,establishment|food|grocery_or_supermarket|point_of_interest|store,ChIJb4lpDIQ19lsRfllmnLszhk8,оптовый продовольственный рынок,check
Нимес,"Якутск Чернышевского 51/2 ТК Меркурий, Якутск, Респ. Саха (Якутия), 677007",Якутск,Якутск,Республика Саха (Якутия),Russia,62.004476,129.717524,5,1,OPERATIONAL,establishment|point_of_interest,ChIJ7SJFDE419lsREwB_9ilqCcI,оптовый продовольственный рынок,check
"ОАО ""Сайсары""","ул. Лермонтова, 62/2, Блок Б, Якутск, Респ. Саха (Якутия), 677005",Якутск,Якутск,Республика Саха (Якутия),Russia,62.03691300000001,129.718742,3.8,324,OPERATIONAL,establishment|food|grocery_or_supermarket|lodging|point_of_interest|restaurant|store,ChIJz_EWJ0NK9lsRg9OOpJI1Jwk,сельскохозяйственный рынок,check
Овощная база,"ул. Труда, 4, Якутск, Респ. Саха (Якутия), 677000",Якутск,Якутск,Республика Саха (Якутия),Russia,62.062618,129.747264,4.2,137,OPERATIONAL,establishment|food|point_of_interest,ChIJuQyGMclL9lsRdB-zL-3Fbrc,оптовый продовольственный рынок,yes
Опт маркет,"ул. Халтурина, 29/1, Якутск, Респ. Саха (Якутия), 677009",Якутск,Якутск,Республика Саха (Якутия),Russia,62.05158139999999,129.7345107,,,OPERATIONAL,establishment|point_of_interest,ChIJV-BixTVK9lsRPvGKIlrHOxM,оптовый продовольственный рынок,yes
Оптово-розничный магазин,"ул. Чернышевского, 66, Якутск, Респ. Саха (Якутия), 677000",Якутск,Якутск,Республика Саха (Якутия),Russia,62.00836940000001,129.7182159,3,2,OPERATIONAL,establishment|point_of_interest,ChIJU8iDdoBK9lsRa3H8sEas2Hs,оптовый продовольственный рынок,yes
Покровский,"Новопокровский тракт 7км, 12/1, Якутск, 677007",Якутск,Якутск,Республика Саха (Якутия),Russia,61.9777693,129.6700122,4.1,398,OPERATIONAL,establishment|food|grocery_or_supermarket|point_of_interest|store,ChIJj-1dYQY19lsRd16fJQUDr1c,оптовая база продуктов питания,check
Прод маркет,"ул. Чернышевского, 66, Якутск, Респ. Саха (Якутия), 677007",Якутск,Якутск,Республика Саха (Якутия),Russia,62.00889899999999,129.71796,,,OPERATIONAL,establishment|food|point_of_interest|store,ChIJC6eH3H9K9lsRnlDet1optEA,оптовый продовольственный рынок,check
Продовольственный магазин,"Хатын-Юряхское ш., 9, Якутск, Респ. Саха (Якутия), 677008",Якутск,Якутск,Республика Саха (Якутия),Russia,62.04602599999999,129.6482179,4.5,66,OPERATIONAL,establishment|food|grocery_or_supermarket|point_of_interest|store|supermarket,ChIJx5yORfdJ9lsROGKA2nJV7ZA,оптовый продовольственный рынок,yes
Продуктовый | Алкогольный маркет,"ул. Челюскина, 1/1, Якутск, Респ. Саха (Якутия), 677000",Якутск,Якутск,Республика Саха (Якутия),Russia,62.06738879999999,129.7726776,5,3,OPERATIONAL,establishment|liquor_store|point_of_interest|store,ChIJg8bsYL9L9lsROeMP8Ytr24c,оптовый продовольственный рынок,check
Продукты питания,"ул. Чернышевского, 80, Якутск, Респ. Саха (Якутия), 677000",Якутск,Якутск,Республика Саха (Якутия),Russia,62.00304939999999,129.715395,5,1,OPERATIONAL,establishment|food|grocery_or_supermarket|point_of_interest|store,ChIJCxUdHX819lsRUbOvNAG7zMw,оптовый продовольственный рынок,check
Продукты питания,"ул. Чернышевского, 66, Якутск, Респ. Саха (Якутия), 677007",Якутск,Якутск,Республика Саха (Якутия),Russia,62.007983,129.715834,,,OPERATIONAL,establishment|food|grocery_or_supermarket|point_of_interest|store,ChIJvbT1CoBK9lsRAS5wJW174uI,оптовая база продуктов питания,check
"Пятитысячник, база Туймаада-Агроснаб","ул. 50 лет Советской Армии, 38/1, Якутск, Респ. Саха (Якутия), 677001",Якутск,Якутск,Республика Саха (Якутия),Russia,62.052175,129.766065,,,OPERATIONAL,establishment|food|point_of_interest,ChIJefbnNLJL9lsRnRYiFQlKhjE,плодоовощная база оптовая,yes
Рыбная лавка,"ул. Чернышевского, 66, Якутск, Респ. Саха (Якутия), 677007",Якутск,Якутск,Республика Саха (Якутия),Russia,62.00877299999999,129.7186329,4.6,9,OPERATIONAL,establishment|food|point_of_interest,ChIJfRYl2X9K9lsR-qkJdJV-vJo,оптовый продовольственный рынок,check
"Сеть торговых точек ""Карасик""","ул. Дзержинского, 1, Якутск, Респ. Саха (Якутия), 677000",Якутск,Якутск,Республика Саха (Якутия),Russia,62.0348491,129.7432471,5,1,OPERATIONAL,establishment|food|point_of_interest|store,ChIJcdkk4HZL9lsRCGzTQ02lBV0,сельскохозяйственный рынок,check
Столичный,"ул. Дзержинского, 72, Якутск, Респ. Саха (Якутия), 677009",Якутск,Якутск,Республика Саха (Якутия),Russia,62.061144,129.7431959,4,4280,OPERATIONAL,establishment|point_of_interest|shopping_mall,ChIJJwCpAMxL9lsRrIXmBhrE9hI,сельскохозяйственный рынок,check
Строительный рынок,"ул. Жорницкого, 33, Якутск, Респ. Саха (Якутия), 677015",Якутск,Якутск,Республика Саха (Якутия),Russia,62.0630556,129.715,4.3,4706,OPERATIONAL,establishment|point_of_interest,ChIJaSPApixK9lsRnXVphec6gwQ,сельскохозяйственный рынок,yes
Торговый комплекс Радуга,"ул. Халтурина, 6, Якутск, Респ. Саха (Якутия), 677005",Якутск,Якутск,Республика Саха (Якутия),Russia,62.04722049999999,129.7362301,3.9,89,OPERATIONAL,establishment|point_of_interest|shopping_mall,ChIJOWCAuUlK9lsRVvlonOv4k-g,сельскохозяйственный рынок,check
Удачная Покупка,"ул. Лермонтова, 90, Якутск, Респ. Саха (Якутия), 677008",Якутск,Якутск,Республика Саха (Якутия),Russia,62.02730260000001,129.6997691,4.1,49,OPERATIONAL,establishment|food|grocery_or_supermarket|point_of_interest|store,ChIJGxP4gW1K9lsR762m0mAp3nw,сельскохозяйственный рынок,check
Якутоптторг,"пер. Базовый, 5, Якутск, Респ. Саха (Якутия), 677008",Якутск,Якутск,Республика Саха (Якутия),Russia,62.0414948,129.6621687,4,4,OPERATIONAL,establishment|point_of_interest,ChIJyZVKDB1K9lsRbjAPiLYVIIw,оптовый продовольственный рынок,yes
Якутск,"ул. Дзержинского, 1, Якутск, Респ. Саха (Якутия), 677000",Якутск,Якутск,Республика Саха (Якутия),Russia,62.0347393,129.7433303,4.1,388,OPERATIONAL,establishment|food|grocery_or_supermarket|point_of_interest|store,ChIJX5lMaFtK9lsR0YBPDoR_1ng,сельскохозяйственный рынок,check
Якутский Гормолзавод,"ул. Кальвица, 14/1, Якутск, Респ. Саха (Якутия), 677009",Якутск,Якутск,Республика Саха (Якутия),Russia,62.0492661,129.7422173,4.4,21,OPERATIONAL,establishment|food|point_of_interest,ChIJO7RgeEtK9lsR743I5Dh9Kwk,оптовая база продуктов питания,check
Саранский комбинат макаронных изделий,"Российская ул., 7, Ялга, Респ. Мордовия, 430904",Ялга,Саранск,Республика Мордовия,Russia,54.132466,45.11090919999999,5,7,OPERATIONAL,establishment|food|point_of_interest,ChIJk3arkQ4HREERtt-qiM76UTQ,оптовая база продуктов питания,check
"""Сырная биржа Ярославль""","Первомайская ул., 29/18, Ярославль, Ярославская обл., 150000",Ярославль,Ярославль,Ярославская область,Russia,57.625714,39.8859149,4.7,62,OPERATIONAL,establishment|food|grocery_or_supermarket|point_of_interest|store,ChIJn0o17DyRskYR2_GOZuNmCC0,сельскохозяйственный рынок,check
АйсФуд,"ул. Пожарского, 17, Ярославль, Ярославская обл., 150030",Ярославль,Ярославль,Ярославская область,Russia,57.5796423,39.8859303,,,OPERATIONAL,establishment|food|point_of_interest,ChIJR9S2CF2UskYRKGjF0HohzbQ,оптовая база продуктов питания,check
Бакалейщик,"ул. Вишняки, 42, Ярославль, Ярославская обл., 150022",Ярославль,Ярославль,Ярославская область,Russia,57.60094600000001,39.9045181,5,1,OPERATIONAL,establishment|food|point_of_interest,ChIJWYrxvgWUskYRMlPTgZghLIs,плодоовощная база оптовая,check
"Бакалея, склад-магазин","Песочная ул., 1, Ярославль, Ярославская обл., 150001",Ярославль,Ярославль,Ярославская область,Russia,57.6031112,39.8810729,4.7,14,OPERATIONAL,establishment|home_goods_store|point_of_interest|store,ChIJ751ROwiUskYRKo43GRmqUqQ,оптовая база продуктов питания,check
Балтийский Рынок,"Балтийская ул., 27, Ярославль, Ярославская обл., 150006",Ярославль,Ярославль,Ярославская область,Russia,57.5707305,39.9284436,3.9,370,OPERATIONAL,establishment|point_of_interest,ChIJBxDTWUmUskYR90cB5CzCdlw,оптовый продовольственный рынок,yes
Белинский Рынок,"ул. Чкалова, 17а, Ярославль, Ярославская обл., 150047",Ярославль,Ярославль,Ярославская область,Russia,57.637344,39.83796299999999,4.2,40,OPERATIONAL,establishment|point_of_interest,ChIJRY3RUtWTskYRkvMW7wDfqQI,сельскохозяйственный рынок,yes
Глобал Фудс,"Мукомольный пер., 6, Ярославль, Ярославская обл., 150000",Ярославль,Ярославль,Ярославская область,Russia,57.62066249999999,39.8795782,,,OPERATIONAL,establishment|food|point_of_interest,ChIJVxbyJuKTskYRLEZjE5IRhM0,оптовая база продуктов питания,check
Дзержинский рынок,"пр. Дзержинского, 23А, Ярославль, Ярославская обл., 150044",Ярославль,Ярославль,Ярославская область,Russia,57.68748189999999,39.7882228,4,1609,OPERATIONAL,establishment|point_of_interest,ChIJx2wQKiOOskYRy5o07cy-HmM,оптовый продовольственный рынок,yes
Доронинский,"ул. Доронина, 6, Ярославль, Ярославская обл., 150035",Ярославль,Ярославль,Ярославская область,Russia,57.573897,39.8682622,3.9,96,OPERATIONAL,establishment|point_of_interest|shopping_mall,ChIJ91Auk2KUskYRZJZtGVfdago,сельскохозяйственный рынок,check
Заволжский рынок,"пр. Машиностроителей, 11, Ярославль, Ярославская обл., 150051",Ярославль,Ярославль,Ярославская область,Russia,57.64942549999999,39.9510765,3.9,1091,OPERATIONAL,establishment|point_of_interest,ChIJORtgzdeQskYR9VsmeX2nb4c,оптовый продовольственный рынок,yes
Заволжский фонд,"Тверицкая наб., 9, Ярославль, Ярославская обл., 150000",Ярославль,Ярославль,Ярославская область,Russia,57.6414199,39.9030787,5,1,OPERATIONAL,establishment|point_of_interest,ChIJv89S_D-RskYR-PnCL8PesRQ,оптовая база продуктов питания,check
ИП Иванова Л.А.,"Ярославль,, Ленинградский пр., 27, Ярославль, Ярославская обл., 150044",Ярославль,Ярославль,Ярославская область,Russia,57.6675187,39.8277592,3.5,2,OPERATIONAL,establishment|food|health|point_of_interest|store,ChIJ7W8TF-qRskYRyigUyLPfmv4,оптовый продовольственный рынок,check
Караван,"пр. Фрунзе, 24А, Ярославль, Ярославская обл., 150030",Ярославль,Ярославль,Ярославская область,Russia,57.59566299999999,39.8895845,,,OPERATIONAL,establishment|food|point_of_interest,ChIJ4V6TdwyUskYRkXI6EVEeYzw,оптовая база продуктов питания,check
Карачиха,"Песочная ул., 55, Ярославль, Ярославская обл., 150001",Ярославль,Ярославль,Ярославская область,Russia,57.60246029999999,39.8918463,5,1,OPERATIONAL,establishment|point_of_interest,ChIJPXRIFAiUskYRrVxd3STmXsQ,оптовая база продуктов питания,check
Лудинг,"Кирпичная ул., 17, Ярославль, Ярославская обл., 150022",Ярославль,Ярославль,Ярославская область,Russia,57.6081119,39.9054021,5,3,OPERATIONAL,establishment|food|point_of_interest,ChIJZb12HQGUskYRbUrYKyB3p8w,оптовая база продуктов питания,check
"Мини-рынок ""Мараш""","Клубная ул., 7, Ярославль, Ярославская обл., 150008",Ярославль,Ярославль,Ярославская область,Russia,57.6067921,39.9497866,4.3,49,OPERATIONAL,establishment|food|grocery_or_supermarket|point_of_interest|store,ChIJA__OkqKWskYRZ2D6N7bw_Cw,сельскохозяйственный рынок,yes
Овощебаза,"ул. Журавлева, 5, Ярославль, Ярославская обл., 150030",Ярославль,Ярославль,Ярославская область,Russia,57.59511659999999,39.8859287,,,OPERATIONAL,establishment|point_of_interest,ChIJmTldbguUskYRb-Uq1X6Pw1w,плодоовощная база оптовая,yes
Овощи,"ул. Чкалова, 17А, Ярославль, Ярославская обл., 150043",Ярославль,Ярославль,Ярославская область,Russia,57.63746080000001,39.8382606,5,1,OPERATIONAL,establishment|food|grocery_or_supermarket|point_of_interest|store,ChIJ0S-GVNWTskYRsQmtBfZaJeg,сельскохозяйственный рынок,check
Овощи и фрукты,"Склад №5, пр. Фрунзе, 24А, Ярославль, Ярославская обл., 150030",Ярославль,Ярославль,Ярославская область,Russia,57.5963375,39.8896582,,,OPERATIONAL,establishment|food|point_of_interest|store,ChIJ40l40E6UskYR7ioYxjtmvIg,оптовый продовольственный рынок,check
Овощи Фрукты,"Мини-рынок ""8 Марта"", ул. 8-e Марта, 15Д, Ярославль, Ярославская обл., 150002",Ярославль,Ярославль,Ярославская область,Russia,57.6057161,39.8213022,3.7,6,OPERATIONAL,establishment|food|grocery_or_supermarket|point_of_interest|store,ChIJn6DMdbuTskYRKchtrTeAv8w,сельскохозяйственный рынок,check
"ООО ""Бизнес Партнер""","ш 150044, Промышленное ш., 60, Ярославль, Ярославская обл., 150044",Ярославль,Ярославль,Ярославская область,Russia,57.6745634,39.8057638,3.8,6,OPERATIONAL,establishment|food|point_of_interest,ChIJ-968LOeRskYRfJQLRZsxIHg,оптовая база продуктов питания,check
Оптовая База Овощей И Фруктов,"Ямская ул., 10, Ярославль, Ярославская обл., 150001",Ярославль,Ярославль,Ярославская область,Russia,57.6117726,39.8883253,4.6,63,OPERATIONAL,establishment|food|grocery_or_supermarket|point_of_interest|store,ChIJG_8o8fuTskYR5y8Eak0CTl4,оптовый продовольственный рынок,yes
Оптовая Торговля Овощами И Фруктами,"ул. Механизаторов, д. 14, Ярославль, Ярославская обл., 150044",Ярославль,Ярославль,Ярославская область,Russia,57.670566,39.7895859,,,OPERATIONAL,establishment|food|point_of_interest|store,ChIJQ-k5z-KRskYR5KliLcTHiXI,плодоовощная база оптовая,yes
Оптовые Базы,"1-я Тарная ул., 1, Ярославль, Ярославская обл., 150001",Ярославль,Ярославль,Ярославская область,Russia,57.6027035,39.8871854,4.7,3,OPERATIONAL,establishment|point_of_interest,ChIJfUaG0_eTskYRsItkPEuIWaE,оптовый продовольственный рынок,yes
Продуктовый рынок,"Ярославль, Ярославская обл., 150035",Ярославль,Ярославль,Ярославская область,Russia,57.57161149999999,39.8601969,3.8,8,OPERATIONAL,establishment|point_of_interest,ChIJm6jsUQeVskYRN89WsKYGuSA,оптовый продовольственный рынок,yes
Продукты питания оптом,"ул. Всполинское Поле, 18к3, Ярославль, Ярославская обл., 150049",Ярославль,Ярославль,Ярославская область,Russia,57.6203612,39.8363818,,,OPERATIONAL,establishment|food|point_of_interest,ChIJkfkpjMWTskYRTTlwaKiDcE4,оптовая база продуктов питания,yes
"Продукты питания оптом Компания ""Эстер""","Малая Пролетарская ул., 18а, Ярославль, Ярославская обл., 150001",Ярославль,Ярославль,Ярославская область,Russia,57.611907,39.8741939,,,OPERATIONAL,establishment|point_of_interest,ChIJJ0pgROWTskYRJ5kqgGJd7Qc,оптовая база продуктов питания,yes
Рынок,"ул. Белинского, 28, Ярославль, Ярославская обл., 150043",Ярославль,Ярославль,Ярославская область,Russia,57.6370313,39.8387645,,,OPERATIONAL,establishment|point_of_interest,ChIJg-9PUNWTskYRlRYV7SyIR1c,сельскохозяйственный рынок,yes
Рынок Ленинского района,"ул. Чкалова, 17А, Ярославль, Ярославская обл., 150031",Ярославль,Ярославль,Ярославская область,Russia,57.6375547,39.8380822,4.1,1237,OPERATIONAL,establishment|point_of_interest,ChIJmQncUtWTskYRzPl3Ia8cmFQ,оптовый продовольственный рынок,yes
Сервис-Логистика,"Осташинская ул., 9, Ярославль, Ярославская обл., 150044",Ярославль,Ярославль,Ярославская область,Russia,57.6542275,39.7818699,4.9,7,OPERATIONAL,establishment|food|point_of_interest|store,ChIJr54xSAKSskYRWHQpYQw_TJI,оптовая база продуктов питания,check
Старый Город Экорынок,"ул, Большая Октябрьская ул., 30А, Ярославль, Ярославская обл., 150000",Ярославль,Ярославль,Ярославская область,Russia,57.6235381,39.8836092,3.7,36,OPERATIONAL,establishment|point_of_interest|shopping_mall,ChIJaUKxMl-RskYRpwIzEW24BaU,сельскохозяйственный рынок,yes
Теплый Рынок,"Угличская ул., 4, Ярославль, Ярославская обл., 150014",Ярославль,Ярославль,Ярославская область,Russia,57.62785100000001,39.8615799,4.2,34,OPERATIONAL,establishment|food|grocery_or_supermarket|point_of_interest|store,ChIJIXWTu9iTskYRaoeW8TAVueI,сельскохозяйственный рынок,yes
Триве - фасованные овощи и фрукты,"Промышленное ш., д. 60, Ярославль, Ярославская обл., 150044",Ярославль,Ярославль,Ярославская область,Russia,57.67424500000001,39.8062532,5,1,OPERATIONAL,establishment|food|point_of_interest,ChIJEa5UI1CRskYR2EZMwBQ3_5U,оптовый продовольственный рынок,check
Угличский рынок,"Угличская ул., Ярославль, Ярославская обл., 150014",Ярославль,Ярославль,Ярославская область,Russia,57.62842569999999,39.8614359,4.3,231,OPERATIONAL,establishment|point_of_interest,ChIJ2ZJ_AvmTskYR9OFMznAHc40,оптовый продовольственный рынок,yes
Фермерская Ярмарка,"Московский просп., 143, Ярославль, Ярославская обл., 150048",Ярославль,Ярославль,Ярославская область,Russia,57.59026799999999,39.86102700000001,,,OPERATIONAL,establishment|point_of_interest,ChIJyX_XQYiTskYRrjzvQXJjqg4,сельскохозяйственный рынок,yes
Центральный рынок,"Депутатская ул., 7, Ярославль, Ярославская обл., 150000",Ярославль,Ярославль,Ярославская область,Russia,57.6247024,39.8892784,4,1436,OPERATIONAL,establishment|point_of_interest,ChIJIdxcXFmRskYReLJU7aVQxew,оптовый продовольственный рынок,yes
Яр-Про,"ул. Посохова, 23-а, Ярославль, Ярославская обл., 150001",Ярославль,Ярославль,Ярославская область,Russia,57.6049867,39.86607490000001,4.3,8,OPERATIONAL,establishment|food|point_of_interest,ChIJS6SEbvKTskYRzKCBn75zenk,оптовая база продуктов питания,check
Ярославская ярмарка,"Угличская ул., 4А, Ярославль, Ярославская обл., 150014",Ярославль,Ярославль,Ярославская область,Russia,57.62787760000001,39.8608784,4.1,251,OPERATIONAL,establishment|food|grocery_or_supermarket|point_of_interest|store,ChIJc55WotiTskYRhWjGoDilBgY,оптовый продовольственный рынок,yes
